$date
	Wed Aug 26 15:05:23 2026
$end
$version
	Icarus Verilog
$end
$timescale
	1ps
$end
$scope module tb_csla $end
$var wire 16 ! s [15:0] $end
$var wire 1 " cout $end
$var reg 16 # a [15:0] $end
$var reg 16 $ b [15:0] $end
$var reg 1 % cin $end
$var reg 17 & expected [16:0] $end
$var integer 32 ' errors [31:0] $end
$scope module dut $end
$var wire 16 ( a [15:0] $end
$var wire 16 ) b [15:0] $end
$var wire 1 % cin $end
$var wire 4 * s3_1 [3:0] $end
$var wire 4 + s3_0 [3:0] $end
$var wire 4 , s2_1 [3:0] $end
$var wire 4 - s2_0 [3:0] $end
$var wire 4 . s1_1 [3:0] $end
$var wire 4 / s1_0 [3:0] $end
$var wire 16 0 s [15:0] $end
$var wire 1 1 cout_1 $end
$var wire 1 2 cout_0 $end
$var wire 1 " cout $end
$var wire 1 3 c8_1 $end
$var wire 1 4 c8_0 $end
$var wire 1 5 c8 $end
$var wire 1 6 c4 $end
$var wire 1 7 c12_1 $end
$var wire 1 8 c12_0 $end
$var wire 1 9 c12 $end
$var parameter 32 : N $end
$scope module b0 $end
$var wire 4 ; a [3:0] $end
$var wire 4 < b [3:0] $end
$var wire 1 % cin $end
$var wire 4 = s [3:0] $end
$var wire 1 6 cout $end
$var wire 5 > c [4:0] $end
$var parameter 32 ? N $end
$scope begin fa_chain[0] $end
$var parameter 2 @ i $end
$upscope $end
$scope begin fa_chain[1] $end
$var parameter 2 A i $end
$upscope $end
$scope begin fa_chain[2] $end
$var parameter 3 B i $end
$upscope $end
$scope begin fa_chain[3] $end
$var parameter 3 C i $end
$upscope $end
$upscope $end
$scope module b1_0 $end
$var wire 4 D a [3:0] $end
$var wire 4 E b [3:0] $end
$var wire 1 F cin $end
$var wire 4 G s [3:0] $end
$var wire 1 4 cout $end
$var wire 5 H c [4:0] $end
$var parameter 32 I N $end
$scope begin fa_chain[0] $end
$var parameter 2 J i $end
$upscope $end
$scope begin fa_chain[1] $end
$var parameter 2 K i $end
$upscope $end
$scope begin fa_chain[2] $end
$var parameter 3 L i $end
$upscope $end
$scope begin fa_chain[3] $end
$var parameter 3 M i $end
$upscope $end
$upscope $end
$scope module b1_1 $end
$var wire 4 N a [3:0] $end
$var wire 4 O b [3:0] $end
$var wire 1 P cin $end
$var wire 4 Q s [3:0] $end
$var wire 1 3 cout $end
$var wire 5 R c [4:0] $end
$var parameter 32 S N $end
$scope begin fa_chain[0] $end
$var parameter 2 T i $end
$upscope $end
$scope begin fa_chain[1] $end
$var parameter 2 U i $end
$upscope $end
$scope begin fa_chain[2] $end
$var parameter 3 V i $end
$upscope $end
$scope begin fa_chain[3] $end
$var parameter 3 W i $end
$upscope $end
$upscope $end
$scope module b2_0 $end
$var wire 4 X a [3:0] $end
$var wire 4 Y b [3:0] $end
$var wire 1 Z cin $end
$var wire 4 [ s [3:0] $end
$var wire 1 8 cout $end
$var wire 5 \ c [4:0] $end
$var parameter 32 ] N $end
$scope begin fa_chain[0] $end
$var parameter 2 ^ i $end
$upscope $end
$scope begin fa_chain[1] $end
$var parameter 2 _ i $end
$upscope $end
$scope begin fa_chain[2] $end
$var parameter 3 ` i $end
$upscope $end
$scope begin fa_chain[3] $end
$var parameter 3 a i $end
$upscope $end
$upscope $end
$scope module b2_1 $end
$var wire 4 b a [3:0] $end
$var wire 4 c b [3:0] $end
$var wire 1 d cin $end
$var wire 4 e s [3:0] $end
$var wire 1 7 cout $end
$var wire 5 f c [4:0] $end
$var parameter 32 g N $end
$scope begin fa_chain[0] $end
$var parameter 2 h i $end
$upscope $end
$scope begin fa_chain[1] $end
$var parameter 2 i i $end
$upscope $end
$scope begin fa_chain[2] $end
$var parameter 3 j i $end
$upscope $end
$scope begin fa_chain[3] $end
$var parameter 3 k i $end
$upscope $end
$upscope $end
$scope module b3_0 $end
$var wire 4 l a [3:0] $end
$var wire 4 m b [3:0] $end
$var wire 1 n cin $end
$var wire 4 o s [3:0] $end
$var wire 1 2 cout $end
$var wire 5 p c [4:0] $end
$var parameter 32 q N $end
$scope begin fa_chain[0] $end
$var parameter 2 r i $end
$upscope $end
$scope begin fa_chain[1] $end
$var parameter 2 s i $end
$upscope $end
$scope begin fa_chain[2] $end
$var parameter 3 t i $end
$upscope $end
$scope begin fa_chain[3] $end
$var parameter 3 u i $end
$upscope $end
$upscope $end
$scope module b3_1 $end
$var wire 4 v a [3:0] $end
$var wire 4 w b [3:0] $end
$var wire 1 x cin $end
$var wire 4 y s [3:0] $end
$var wire 1 1 cout $end
$var wire 5 z c [4:0] $end
$var parameter 32 { N $end
$scope begin fa_chain[0] $end
$var parameter 2 | i $end
$upscope $end
$scope begin fa_chain[1] $end
$var parameter 2 } i $end
$upscope $end
$scope begin fa_chain[2] $end
$var parameter 3 ~ i $end
$upscope $end
$scope begin fa_chain[3] $end
$var parameter 3 !" i $end
$upscope $end
$upscope $end
$upscope $end
$scope begin $ivl_for_loop0 $end
$var integer 32 "" i [31:0] $end
$upscope $end
$scope task check_result $end
$upscope $end
$upscope $end
$enddefinitions $end
$comment Show the parameter values. $end
$dumpall
b11 !"
b10 ~
b1 }
b0 |
b100 {
b11 u
b10 t
b1 s
b0 r
b100 q
b11 k
b10 j
b1 i
b0 h
b100 g
b11 a
b10 `
b1 _
b0 ^
b100 ]
b11 W
b10 V
b1 U
b0 T
b100 S
b11 M
b10 L
b1 K
b0 J
b100 I
b11 C
b10 B
b1 A
b0 @
b100 ?
b10000 :
$end
#0
$dumpvars
b0 ""
b1 z
b1 y
1x
b0 w
b0 v
b0 p
b0 o
0n
b0 m
b0 l
b1 f
b1 e
1d
b0 c
b0 b
b0 \
b0 [
0Z
b0 Y
b0 X
b1 R
b1 Q
1P
b0 O
b0 N
b0 H
b0 G
0F
b0 E
b0 D
b0 >
b0 =
b0 <
b0 ;
09
08
07
06
05
04
03
02
01
b0 0
b0 /
b1 .
b0 -
b1 ,
b0 +
b1 *
b0 )
b0 (
b0 '
bx &
0%
b0 $
b0 #
0"
b0 !
$end
#10000
b1110 =
b1111111111111110 !
b1111111111111110 0
b1110 /
b1110 G
15
b1110 -
b1110 [
19
b1110 +
b1110 o
1"
b1111 .
b1111 Q
b1111 ,
b1111 e
b1111 *
b1111 y
16
14
13
18
17
12
11
b11110 >
b11110 H
b11110 \
b11110 p
b11111 R
b11111 f
b11111 z
b1111 <
b1111 E
b1111 O
b1111 Y
b1111 c
b1111 m
b1111 w
b1111 ;
b1111 D
b1111 N
b1111 X
b1111 b
b1111 l
b1111 v
b1111111111111111 $
b1111111111111111 )
b1111111111111111 #
b1111111111111111 (
b0 &
#20000
04
08
02
b0 !
b0 0
b0 =
b0 H
b1111 /
b1111 G
b0 .
b0 Q
b0 \
b1111 -
b1111 [
b0 ,
b0 e
b0 p
b1111 +
b1111 o
b0 *
b0 y
b1 <
b0 E
b0 O
b0 Y
b0 c
b0 m
b0 w
b1 $
b1 )
b11111111111111110 &
#30000
18
19
03
05
0"
06
01
b11 -
b11 [
b11000 \
b100 ,
b100 e
b1110 p
b1001001110100101 !
b1001001110100101 0
b101 =
b0 >
b1010 /
b1010 G
b1011 .
b1011 Q
b1 R
b1000 +
b1000 o
b1001 *
b1001 y
b1111 z
b1000 E
b1000 O
b1110 Y
b1110 c
b101 m
b101 w
b100 ;
b10 D
b10 N
b101 X
b101 b
b11 l
b11 v
b101111010000001 $
b101111010000001 )
b11010100100100 #
b11010100100100 (
b10000000000000000 &
#40000
16
19
18
b1101000101110001 !
b1101000101110001 0
b1 =
b110 /
b110 G
b111 .
b111 Q
b1 -
b1 [
b11100 \
b10 ,
b10 e
b1100 +
b1100 o
b1101 *
b1101 y
b1101 <
b0 E
b0 O
b1011 Y
b1011 c
b111 m
b111 w
b11 ;
b110 D
b110 N
b110 X
b110 b
b101 l
b101 v
b11111 >
1%
b111101100001101 $
b111101100001101 )
b101011001100011 #
b101011001100011 (
b1 ""
b1001001110100101 &
#50000
09
0"
06
08
07
02
01
b1101011001111000 !
b1101011001111000 0
b1000 =
b1111 >
b111 /
b111 G
b1000 .
b1000 Q
b1111 R
b1 f
b110 -
b110 [
b0 \
b111 ,
b111 e
b1101 +
b1101 o
b0 p
b1110 *
b1110 y
b11 z
b10 <
b1 E
b1 O
b10 Y
b10 c
b101 m
b101 w
b101 ;
b100 X
b100 b
b1000 l
b1000 v
b101001000010010 $
b101001000010010 )
b1000010001100101 #
b1000010001100101 (
b10 ""
b1101000101110001 &
#60000
1"
12
11
16
b10 \
b1011111010000100 !
b1011111010000100 0
b100 =
b11111 >
b1110 -
b1110 [
b11 f
b1111 ,
b1111 e
b1011 +
b1011 o
b11000 p
b1100 *
b1100 y
b11111 z
b110 <
b111 E
b111 O
b1 Y
b1 c
b1111 m
b1111 w
b1101 ;
b0 D
b0 N
b1101 X
b1101 b
b1100 l
b1100 v
b1111000101110110 $
b1111000101110110 )
b1100110100001101 #
b1100110100001101 (
b11 ""
b1101011001111000 &
#70000
15
14
13
b11011 >
b100111101111010 !
b100111101111010 0
b1010 =
b110 /
b110 G
b10000 H
b111 .
b111 Q
b10001 R
b1110 \
b1110 -
b1110 [
b1111 f
b1111 ,
b1111 e
b11110 p
b100 +
b100 o
b101 *
b101 y
b1100 <
b1000 E
b1000 O
b111 Y
b111 c
b1110 D
b1110 N
b111 X
b111 b
b101 l
b101 v
b1111011110001100 $
b1111011110001100 )
b101011111101101 #
b101011111101101 (
b100 ""
b11011111010000100 &
#80000
0"
02
01
b1001 ,
b1001 e
b1011 *
b1011 y
b1000 -
b1000 [
b1010 +
b1010 o
06
b11000 H
b11001 R
b1001 f
b1 z
b1000 /
b1000 G
b1001 .
b1001 Q
b1000 \
b0 p
b1010100110001011 !
b1010100110001011 0
b1011 =
b101 <
b1100 E
b1100 O
b100 Y
b100 c
b1000 m
b1000 w
b110 ;
b1100 D
b1100 N
b100 X
b100 b
b10 l
b10 v
b1000 >
0%
b1000010011000101 $
b1000010011000101 )
b10010011000110 #
b10010011000110 (
b101 ""
b10100111101111010 &
#90000
1"
12
11
b11100 H
b101 /
b101 G
b11111 R
b110 .
b110 Q
b1100 \
b110 +
b110 o
b11110 p
b111 *
b111 y
b110101001011100 !
b110101001011100 0
b1100 =
b1110 >
b1001 -
b1001 [
b1010 ,
b1010 e
b1111 f
b11111 z
b111 <
b111 E
b111 O
b10 Y
b10 c
b111 m
b111 w
b101 ;
b1110 D
b1110 N
b111 X
b111 b
b1111 l
b1111 v
b111001001110111 $
b111001001110111 )
b1111011111100101 #
b1111011111100101 (
b110 ""
b1010100110001011 &
#100000
19
16
18
17
b11000 p
b100010110000001 !
b100010110000001 0
b1 =
b11100 >
b10000 H
b111 /
b111 G
b1000 .
b1000 Q
b100 -
b100 [
b10110 \
b101 ,
b101 e
b10111 f
b11 +
b11 o
b100 *
b100 y
b10 <
b1111 E
b1111 O
b1001 Y
b1001 c
b110 m
b110 w
b1111 ;
b1000 D
b1000 N
b1011 X
b1011 b
b1101 l
b1101 v
b110100111110010 $
b110100111110010 )
b1101101110001111 #
b1101101110001111 (
b111 ""
b10110101001011100 &
#110000
06
0"
02
01
b11001 R
b1000 -
b1000 [
b1001 ,
b1001 e
b11101 f
b1010 /
b1010 G
b11000 H
b1011 .
b1011 Q
b11100 \
b1011 +
b1011 o
b1000 p
b1100 *
b1100 y
b1111 z
b1100100110101110 !
b1100100110101110 0
b1110 =
b101 <
b1100 E
b1100 O
b1110 Y
b1110 c
b100 m
b100 w
b1000 ;
b1110 D
b1110 N
b1010 X
b1010 b
b111 l
b111 v
b11 >
1%
b100111011000101 $
b100111011000101 )
b111101011101000 #
b111101011101000 (
b1000 ""
b10100010110000001 &
#120000
05
04
03
16
b0 -
b0 [
b1 ,
b1 e
b1000000011101010 !
b1000000011101010 0
b1010 =
b1101 /
b1101 G
b100 H
b1110 .
b1110 Q
b111 R
b10000 \
b10001 f
b111 +
b111 o
b0 p
b1000 *
b1000 y
b1101 <
b10 E
b10 O
b1000 Y
b1000 c
b101 m
b101 w
b1101 ;
b1011 D
b1011 N
b1000 X
b1000 b
b10 l
b10 v
b11010 >
0%
b101100000101101 $
b101100000101101 )
b10100010111101 #
b10100010111101 (
b1001 ""
b1100100110101110 &
#130000
06
09
01
08
07
b1001 -
b1001 [
b1010 ,
b1010 e
b1110 +
b1110 o
b1111 *
b1111 y
b1 z
b100 >
b1110100101101101 !
b1110100101101101 0
b1101 =
b0 H
b110 /
b110 G
b1 R
b111 .
b111 Q
b1100 \
b1111 f
b1010 <
b0 E
b0 O
b111 Y
b111 c
b1000 m
b1000 w
b11 ;
b110 D
b110 N
b10 X
b10 b
b110 l
b110 v
b1000011100001010 $
b1000011100001010 )
b110001001100011 #
b110001001100011 (
b1010 ""
b1000000011101010 &
#140000
b100 H
b101 R
b11 f
b110 +
b110 o
b111 *
b111 y
b110011011001010 !
b110011011001010 0
b1010 =
b0 >
b1100 /
b1100 G
b1101 .
b1101 Q
b110 -
b110 [
b10 \
b111 ,
b111 e
b1010 E
b1010 O
b101 Y
b101 c
b100 m
b100 w
b0 ;
b10 D
b10 N
b1 X
b1 b
b10 l
b10 v
b100010110101010 $
b100010110101010 )
b10000100100000 #
b10000100100000 (
b1011 ""
b1110100101101101 &
#150000
19
b1010 /
b1010 G
b1011 .
b1011 Q
18
17
b110 p
b1110 +
b1110 o
b1111 *
b1111 y
b1100 >
b1111011010101001 !
b1111011010101001 0
b1001 =
b10 H
b11 R
b110 -
b110 [
b10000 \
b111 ,
b111 e
b10001 f
b111 z
b11 <
b1 E
b1 O
b1000 Y
b1000 c
b1011 m
b1011 w
b110 ;
b1001 D
b1001 N
b1110 X
b1110 b
b11 l
b11 v
b1011100000010011 $
b1011100000010011 )
b11111010010110 #
b11111010010110 (
b1100 ""
b110011011001010 &
#160000
19
1"
06
18
17
12
11
b1000 H
b1111 R
b1011001110111110 !
b1011001110111110 0
b1110 =
b110 >
b1011 /
b1011 G
b1100 .
b1100 Q
b11 -
b11 [
b11000 \
b100 ,
b100 e
b11111 f
b1010 +
b1010 o
b11010 p
b1011 *
b1011 y
b11011 z
b1011 <
b110 E
b110 O
b1101 Y
b1101 c
b1101 m
b1101 w
b11 ;
b101 D
b101 N
b110 X
b110 b
b1101 l
b1101 v
b1101110101101011 $
b1101110101101011 )
b1101011001010011 #
b1101011001010011 (
b1101 ""
b1111011010101001 &
#170000
16
05
0"
04
03
02
01
b11101 f
b1111 z
b1010 /
b1010 G
b0 H
b1011 .
b1011 Q
b1 R
b11100 \
b1000 -
b1000 [
b1001 ,
b1001 e
b111 +
b111 o
b0 p
b1000 *
b1000 y
b1000100010110001 !
b1000100010110001 0
b1 =
b1110 <
b1010 E
b1010 O
b1110 Y
b1110 c
b11 m
b11 w
b10 ;
b0 D
b0 N
b1010 X
b1010 b
b100 l
b100 v
b11101 >
1%
b11111010101110 $
b11111010101110 )
b100101000000010 #
b100101000000010 (
b1110 ""
b11011001110111110 &
#180000
09
08
07
b11 =
b1011101111110011 !
b1011101111110011 0
b0 \
b111 f
b1011 +
b1011 o
b1000 p
b1100 *
b1100 y
b11111 >
b1110 /
b1110 G
b1111 .
b1111 Q
b1011 -
b1011 [
b1100 ,
b1100 e
b11 <
b10 E
b10 O
b1001 Y
b1001 c
b100 m
b100 w
b1111 ;
b1100 D
b1100 N
b10 X
b10 b
b111 l
b111 v
b100100100100011 $
b100100100100011 )
b111001011001111 #
b111001011001111 (
b1111 ""
b1000100010110001 &
#190000
15
13
19
18
17
b10001 >
b101011100000111 !
b101011100000111 0
b111 =
b1111 /
b1111 G
b0 .
b0 Q
b11111 R
b110 -
b110 [
b10000 \
b111 ,
b111 e
b10001 f
b100 +
b100 o
b0 p
b1 z
b101 *
b101 y
b1100 <
b11 E
b11 O
b1100 Y
b1100 c
b1010 ;
b1010 X
b1010 b
b0 l
b0 v
b100110000111100 $
b100110000111100 )
b101011001010 #
b101011001010 (
b10000 ""
b1011101111110011 &
#200000
1"
03
12
11
05
09
06
08
07
b1010011001011 !
b1010011001011 0
b1011 =
b1100 /
b1100 G
b1101 .
b1101 Q
b1 R
b100 -
b100 [
b101 ,
b101 e
b11100 p
b1 +
b1 o
b11111 z
b10 *
b10 y
b110 \
b111 f
b1 <
b100 E
b100 O
b11 Y
b11 c
b1011 m
b1011 w
b1000 D
b1000 N
b1 X
b1 b
b110 l
b110 v
b0 >
0%
b1011001101000001 $
b1011001101000001 )
b110000110001010 #
b110000110001010 (
b10001 ""
b101011100000111 &
#210000
15
13
1"
12
16
b100 \
b1111 /
b1111 G
b11111 R
b0 .
b0 Q
b101 -
b101 [
b110 ,
b110 e
b0 +
b0 o
b11110 p
b1 *
b1 y
b11000000010 !
b11000000010 0
b10 =
b1001 <
b1000 E
b1000 O
b10 Y
b10 c
b1 m
b1 w
b1000 ;
b111 D
b111 N
b11 X
b11 b
b1111 l
b1111 v
b10011 >
1%
b1001010001001 $
b1001010001001 )
b1111001101111000 #
b1111001101111000 (
b10010 ""
b10001010011001011 &
#220000
09
08
07
06
14
b101111101111101 !
b101111101111101 0
b1101 =
b1101 >
b111 /
b111 G
b10000 H
b1000 .
b1000 Q
b1110 -
b1110 [
b10 \
b1111 ,
b1111 e
b11 f
b101 +
b101 o
b11100 p
b110 *
b110 y
b110 <
b1100 E
b1100 O
b1001 Y
b1001 c
b1111 m
b1111 w
b110 ;
b1011 D
b1011 N
b101 X
b101 b
b110 l
b110 v
b1111100111000110 $
b1111100111000110 )
b110010110110110 #
b110010110110110 (
b10011 ""
b10000011000000010 &
#230000
0"
09
01
08
17
02
05
03
04
16
b1101 /
b1101 G
b100 H
b111 R
b1110 .
b1110 Q
b11 z
b1111 -
b1111 [
b0 \
b0 ,
b0 e
b11111 f
b0 p
b1101 +
b1101 o
b1110 *
b1110 y
b1101111111100110 !
b1101111111100110 0
b110 =
b1010 <
b10 E
b10 O
b1101 Y
b1101 c
b1101 m
b1101 w
b1100 ;
b10 X
b10 b
b0 l
b0 v
b10000 >
0%
b1101110100101010 $
b1101110100101010 )
b1010111100 #
b1010111100 (
b10100 ""
b10101111101111101 &
#240000
0"
09
11
05
04
13
06
b1111 /
b1111 G
b0 H
b0 .
b0 Q
b11111 R
b1111 +
b1111 o
b0 *
b0 y
b11111 z
b1111111111110111 !
b1111111111110111 0
b111 =
b101 <
b1000 E
b1000 O
b1 Y
b1 c
b100 m
b100 w
b1 ;
b111 D
b111 N
b1110 X
b1110 b
b1011 l
b1011 v
b11 >
1%
b100000110000101 $
b100000110000101 )
b1011111001110001 #
b1011111001110001 (
b10101 ""
b1101111111100110 &
#250000
16
03
07
01
b1001001101110101 !
b1001001101110101 0
b101 =
b110 H
b1100 p
b110 /
b110 G
b111 .
b111 Q
b111 R
b11 -
b11 [
b100 ,
b100 e
b111 f
b1001 +
b1001 o
b1010 *
b1010 y
b1111 z
b1010 <
b11 E
b11 O
b11 Y
b11 c
b11 m
b11 w
b1011 ;
b11 D
b11 N
b0 X
b0 b
b110 l
b110 v
b10100 >
0%
b11001100111010 $
b11001100111010 )
b110000000111011 #
b110000000111011 (
b10110 ""
b1111111111110111 &
#260000
15
14
13
19
0"
18
17
02
01
06
b11110 H
b11111 R
b10111 f
b1101 +
b1101 o
b1110 *
b1110 y
b11 z
b1110011100000111 !
b1110011100000111 0
b111 =
b0 /
b0 G
b1 .
b1 Q
b110 -
b110 [
b10110 \
b111 ,
b111 e
b0 p
b1 <
b1111 E
b1111 O
b1011 Y
b1011 c
b1001 m
b1001 w
b101 ;
b1 D
b1 N
b1011 X
b1011 b
b100 l
b100 v
b11 >
1%
b1001101111110001 $
b1001101111110001 )
b100101100010101 #
b100101100010101 (
b10111 ""
b1001001101110101 &
#270000
1"
11
06
05
19
04
03
18
17
b1001 R
b1111 +
b1111 o
b0 *
b0 y
b11111 z
b1010101111 !
b1010101111 0
b1111 =
b1 >
b1000 H
b1010 /
b1010 G
b1011 .
b1011 Q
b10 -
b10 [
b11110 \
b11 ,
b11 e
b11111 f
b1100 <
b100 E
b100 O
b1111 m
b1111 w
b10 ;
b110 D
b110 N
b111 X
b111 b
b0 l
b0 v
b1111101101001100 $
b1111101101001100 )
b11101100010 #
b11101100010 (
b11000 ""
b1110011100000111 &
#280000
09
08
07
15
16
14
13
12
b10101 z
b100101110000111 !
b100101110000111 0
b111 =
b111 /
b111 G
b10000 H
b1000 .
b1000 Q
b11111 R
b1010 -
b1010 [
b10 \
b1011 ,
b1011 e
b11 f
b100 +
b100 o
b10100 p
b101 *
b101 y
b1000 <
b1111 E
b1111 O
b1001 Y
b1001 c
b1010 m
b1010 w
b1111 ;
b1000 D
b1000 N
b1 X
b1 b
b1010 l
b1010 v
b10000 >
0%
b1010100111111000 $
b1010100111111000 )
b1010000110001111 #
b1010000110001111 (
b11001 ""
b10000001010101111 &
#290000
05
03
0"
04
02
01
b1110101011111011 !
b1110101011111011 0
b1011 =
b11000 >
b11 R
b1110 /
b1110 G
b10 H
b1111 .
b1111 Q
b1010 -
b1010 [
b1000 \
b1011 ,
b1011 e
b1001 f
b1110 +
b1110 o
b10 p
b1111 *
b1111 y
b11 z
b1100 <
b101 E
b101 O
b100 Y
b100 c
b1001 m
b1001 w
b1001 D
b1001 N
b110 X
b110 b
b101 l
b101 v
b1001010001011100 $
b1001010001011100 )
b101011010011111 #
b101011010011111 (
b11010 ""
b10100101110000111 &
#300000
b1101 .
b1101 Q
b1100 /
b1100 G
b1 R
b1100 \
b110100111010010 !
b110100111010010 0
b10 =
b10010 >
b0 H
b1001 -
b1001 [
b1010 ,
b1010 e
b1111 f
b110 p
b110 +
b110 o
b111 z
b111 *
b111 y
b1001 <
b100 E
b100 O
b10 Y
b10 c
b11 m
b11 w
b1001 ;
b1000 D
b1000 N
b111 X
b111 b
b11 l
b11 v
b11001001001001 $
b11001001001001 )
b11011110001001 #
b11011110001001 (
b11011 ""
b1110101011111011 &
#310000
15
14
13
09
1"
08
07
12
11
06
b10 /
b10 G
b11010 H
b11 .
b11 Q
b11011 R
b1100 -
b1100 [
b0 \
b1101 ,
b1101 e
b1 f
b1011 +
b1011 o
b11000 p
b1100 *
b1100 y
b11111 z
b1011110100101001 !
b1011110100101001 0
b1001 =
b1 <
b101 E
b101 O
b1100 Y
b1100 c
b1111 m
b1111 w
b111 ;
b1101 D
b1101 N
b0 X
b0 b
b1100 l
b1100 v
b1111 >
1%
b1111110001010001 $
b1111110001010001 )
b1100000011010111 #
b1100000011010111 (
b11100 ""
b110100111010010 &
#320000
05
04
03
19
06
18
17
b100110111001111 !
b100110111001111 0
b1111 =
b1 >
b1100 /
b1100 G
b0 H
b1101 .
b1101 Q
b1 R
b1101 -
b1101 [
b11100 \
b1110 ,
b1110 e
b11111 f
b11 +
b11 o
b100 *
b100 y
b10 <
b1100 E
b1100 O
b1110 Y
b1110 c
b1100 m
b1100 w
b1100 ;
b0 D
b0 N
b1111 X
b1111 b
b111 l
b111 v
b1100111011000010 $
b1100111011000010 )
b111111100001100 #
b111111100001100 (
b11101 ""
b11011110100101001 &
#330000
16
b100011110110101 !
b100011110110101 0
b101 =
b1110 H
b1010 /
b1010 G
b1011 .
b1011 Q
b10000 \
b11111 >
b1111 R
b111 -
b111 [
b1000 ,
b1000 e
b1101 <
b11 E
b11 O
b1101 Y
b1101 c
b1110 m
b1110 w
b111 ;
b111 D
b111 N
b1010 X
b1010 b
b101 l
b101 v
b1110110100111101 $
b1110110100111101 )
b101101001110111 #
b101101001110111 (
b11110 ""
b10100110111001111 &
#340000
01
0"
02
09
07
08
b1100 H
b1101 /
b1101 G
b1110 .
b1110 Q
b1000000111101100 !
b1000000111101100 0
b1100 =
b1 -
b1 [
b0 \
b10 ,
b10 e
b11 f
b1000 +
b1000 o
b0 p
b1001 *
b1001 y
b1 z
b110 E
b110 O
b1 Y
b1 c
b1000 m
b1000 w
b1110 ;
b0 X
b0 b
b0 l
b0 v
b1000000101101101 $
b1000000101101101 )
b1111110 #
b1111110 (
b11111 ""
b10100011110110101 &
#350000
19
18
17
05
1"
04
03
12
11
b11 R
b11100 \
b1000010111110011 !
b1000010111110011 0
b11 =
b10 H
b1110 /
b1110 G
b1111 .
b1111 Q
b101 -
b101 [
b11111 f
b110 ,
b110 e
b111 +
b111 o
b10000 p
b1000 *
b1000 y
b11111 z
b11 <
b1101 E
b1101 O
b110 Y
b110 c
b1111 m
b1111 w
b1111 ;
b1 D
b1 N
b1111 X
b1111 b
b1000 l
b1000 v
b1111011011010011 $
b1111011011010011 )
b1000111100011111 #
b1000111100011111 (
b100000 ""
b1000000111101100 &
#360000
0"
01
02
b1 -
b1 [
b10011 f
b10 ,
b10 e
b1101 +
b1101 o
b0 p
b11 z
b1110 *
b1110 y
b1110000111010100 !
b1110000111010100 0
b100 =
b10111 >
b1100 /
b1100 G
b1110 H
b1101 .
b1101 Q
b1111 R
b10000 \
b1011 <
b101 E
b101 O
b1001 Y
b1001 c
b101 m
b101 w
b1000 ;
b111 D
b111 N
b1000 X
b1000 b
b101100101011011 $
b101100101011011 )
b1000100001111000 #
b1000100001111000 (
b100001 ""
b11000010111110011 &
#370000
b1101 -
b1101 [
1"
b1110 ,
b1110 e
12
11
b101 /
b101 G
b100 H
b110 .
b110 Q
b111 R
b11100 \
b100 +
b100 o
b10100 p
b101 *
b101 y
b101110101101010 !
b101110101101010 0
b1010 =
b11111 >
b11111 f
b10101 z
b1010 <
b10 E
b10 O
b1111 Y
b1111 c
b1010 m
b1010 w
b1111 ;
b11 D
b11 N
b1110 X
b1110 b
b1010 l
b1010 v
b1010111100101010 $
b1010111100101010 )
b1010111000111111 #
b1010111000111111 (
b100010 ""
b1110000111010100 &
#380000
15
0"
14
13
02
01
b10001 f
b100010100010100 !
b100010100010100 0
b100 =
b0 /
b0 G
b10000 H
b1 .
b1 Q
b10001 R
b10000 \
b100 -
b100 [
b101 ,
b101 e
b11 +
b11 o
b0 p
b100 *
b100 y
b111 z
b1110 <
b1000 E
b1000 O
b1100 Y
b1100 c
b0 m
b0 w
b110 ;
b1000 D
b1000 N
b1000 X
b1000 b
b11 l
b11 v
b11100 >
0%
b110010001110 $
b110010001110 )
b11100010000110 #
b11100010000110 (
b100011 ""
b10101110101101010 &
#390000
15
1"
14
13
12
11
b11100 H
b100 +
b100 o
b10110 p
b101 *
b101 y
b10111 z
b1 /
b1 G
b11111 R
b10 .
b10 Q
b101 -
b101 [
b110 ,
b110 e
b10011 f
b101011000100001 !
b101011000100001 0
b1 =
b110 <
b10 E
b10 O
b1011 m
b1011 w
b1010 ;
b1111 D
b1111 N
b1001 X
b1001 b
b1001 l
b1001 v
b11101 >
1%
b1011110000100110 $
b1011110000100110 )
b1001100111111010 #
b1001100111111010 (
b100100 ""
b100010100010100 &
#400000
05
04
03
09
08
07
b10100 p
b1100 /
b1100 G
b100 H
b1101 .
b1101 Q
b101 R
b1100 -
b1100 [
b0 \
b1101 ,
b1101 e
b1 f
b101 +
b101 o
b110 *
b110 y
b101110011010010 !
b101110011010010 0
b10 =
b1111 <
b1000 Y
b1000 c
b1010 m
b1010 w
b11 ;
b1010 D
b1010 N
b100 X
b100 b
b1011 l
b1011 v
b11110 >
0%
b1010100000101111 $
b1010100000101111 )
b1011010010100011 #
b1011010010100011 (
b100101 ""
b10101011000100001 &
#410000
19
18
17
0"
02
01
b11000 \
b11111 f
b110001110100100 !
b110001110100100 0
b100 =
b1000 H
b1001 /
b1001 G
b1011 R
b1010 .
b1010 Q
b11 -
b11 [
b100 ,
b100 e
b101 +
b101 o
b0 p
b110 *
b110 y
b11 z
b100 <
b100 E
b100 O
b1101 Y
b1101 c
b0 m
b0 w
b1111 ;
b101 D
b101 N
b110 X
b110 b
b101 l
b101 v
b11111 >
1%
b110101000100 $
b110101000100 )
b101011001011111 #
b101011001011111 (
b100110 ""
b10101110011010010 &
#420000
18
15
14
13
b0 -
b0 [
b11100 \
b11101 f
b1 ,
b1 e
b110 p
b101000110110010 !
b101000110110010 0
b10 =
b1010 /
b1010 G
b11000 H
b1011 .
b1011 Q
b11001 R
b100 +
b100 o
b111 z
b101 *
b101 y
b110 <
b1110 E
b1110 O
b1010 Y
b1010 c
b1 m
b1 w
b1011 ;
b1100 D
b1100 N
b11 l
b11 v
b1101011100110 $
b1101011100110 )
b11011011001011 #
b11011011001011 (
b100111 ""
b110001110100100 &
#430000
15
14
13
09
1"
b1010 +
b1010 o
b1011 *
b1011 y
08
07
12
11
b1010010000010110 !
b1010010000010110 0
b110 =
b11100 H
b0 /
b0 G
b11101 R
b1 .
b1 Q
b11 -
b11 [
b0 \
b100 ,
b100 e
b111 f
b11000 p
b11001 z
b1101 <
b10 Y
b10 c
b1110 m
b1110 w
b1001 ;
b10 D
b10 N
b1 X
b1 b
b1100 l
b1100 v
b10010 >
0%
b1110001011101101 $
b1110001011101101 )
b1100000100101001 #
b1100000100101001 (
b101000 ""
b101000110110010 &
#440000
06
b1 /
b1 G
b10 .
b10 Q
b11111 R
b1001100100011010 !
b1001100100011010 0
b1010 =
b1010 >
b1100 \
b1000 -
b1000 [
b1001 ,
b1001 e
b1101 f
b1001 +
b1001 o
b11100 p
b1010 *
b1010 y
b11111 z
b101 <
b1011 E
b1011 O
b101 ;
b110 D
b110 N
b110 X
b110 b
b1011 l
b1011 v
b1110001010110101 $
b1110001010110101 )
b1011011001100101 #
b1011011001100101 (
b101001 ""
b11010010000010110 &
#450000
12
05
19
04
03
06
18
17
b1011 /
b1011 G
b1000 H
b1100 .
b1100 Q
b1111 R
b1100010111101 !
b1100010111101 0
b1101 =
b0 >
b1000 -
b1000 [
b11110 \
b1001 ,
b1001 e
b11111 f
b11110 p
b0 +
b0 o
b1 *
b1 y
b100 <
b100 E
b100 O
b1111 Y
b1111 c
b1111 m
b1111 w
b1001 ;
b111 D
b111 N
b1001 X
b1001 b
b1 l
b1 v
b1111111101000100 $
b1111111101000100 )
b1100101111001 #
b1100101111001 (
b101010 ""
b11001100100011010 &
#460000
0"
02
01
05
16
04
03
b1010 +
b1010 o
b1011 *
b1011 y
b1 z
b1100 /
b1100 G
b100 H
b1101 .
b1101 Q
b101 R
b0 p
b1011100011010110 !
b1011100011010110 0
b110 =
b1011 <
b1010 E
b1010 O
b1101 Y
b1101 c
b1010 m
b1010 w
b1010 ;
b10 D
b10 N
b1011 X
b1011 b
b0 l
b0 v
b10111 >
1%
b1010110110101011 $
b1010110110101011 )
b101100101010 #
b101100101010 (
b101011 ""
b10001100010111101 &
#470000
15
1"
14
13
12
11
b110101001110110 !
b110101001110110 0
b110 =
b110 /
b110 G
b10010 H
b111 .
b111 Q
b10011 R
b11000 \
b1001 -
b1001 [
b11011 f
b1010 ,
b1010 e
b101 +
b101 o
b10100 p
b110 *
b110 y
b10111 z
b1010 <
b1001 E
b1001 O
b1100 Y
b1100 c
b1011 m
b1011 w
b1100 ;
b1101 D
b1101 N
b1101 X
b1101 b
b1010 l
b1010 v
b10000 >
0%
b1011110010011010 $
b1011110010011010 )
b1010110111011100 #
b1010110111011100 (
b101100 ""
b1011100011010110 &
#480000
19
08
17
15
0"
14
13
06
02
01
b11011 R
b1111000000011010 !
b1111000000011010 0
b1010 =
b1 /
b1 G
b11000 H
b10 .
b10 Q
b0 \
b1111 -
b1111 [
b11111 f
b0 ,
b0 e
b1110 +
b1110 o
b0 p
b1111 *
b1111 y
b1 z
b110 <
b101 E
b101 O
b1101 Y
b1101 c
b1110 m
b1110 w
b11 ;
b1100 D
b1100 N
b10 X
b10 b
b0 l
b0 v
b1111 >
1%
b1110110101010110 $
b1110110101010110 )
b1011000011 #
b1011000011 (
b101101 ""
b10110101001110110 &
#490000
09
05
16
07
04
03
b1010101001110010 !
b1010101001110010 0
b10 =
b11111 >
b1001 f
b110 /
b110 G
b0 H
b111 .
b111 Q
b1 R
b1010 -
b1010 [
b1000 \
b1011 ,
b1011 e
b1010 +
b1010 o
b1110 p
b1011 *
b1011 y
b1111 z
b1010 <
b0 E
b0 O
b100 Y
b100 c
b11 m
b11 w
b111 ;
b110 D
b110 N
b110 X
b110 b
b111 l
b111 v
b11010000001010 $
b11010000001010 )
b111011001100111 #
b111011001100111 (
b101110 ""
b1111000000011010 &
#500000
19
1"
18
17
12
11
b1010 /
b1010 G
b1110 H
b1011 .
b1011 Q
b1111 R
b1 -
b1 [
b11100 \
b10 ,
b10 e
b11111 f
b0 +
b0 o
b10000 p
b1 *
b1 y
b10001 z
b1000110110001 !
b1000110110001 0
b1 =
b1001 <
b111 E
b111 O
b111 Y
b111 c
b1000 m
b1000 w
b1000 ;
b11 D
b11 N
b1010 X
b1010 b
b1000 l
b1000 v
b10000 >
0%
b1000011101111001 $
b1000011101111001 )
b1000101000111000 #
b1000101000111000 (
b101111 ""
b1010101001110010 &
#510000
1"
15
12
11
06
14
13
b10 /
b10 G
b11 .
b11 Q
b11110 p
b1110100100111 !
b1110100100111 0
b111 =
b0 >
b10010 H
b10011 R
b11110 \
b1100 -
b1100 [
b1101 ,
b1101 e
b0 +
b0 o
b11111 z
b1 *
b1 y
b11 <
b1001 E
b1001 O
b1101 Y
b1101 c
b101 m
b101 w
b100 ;
b1001 D
b1001 N
b1111 X
b1111 b
b1011 l
b1011 v
b101110110010011 $
b101110110010011 )
b1011111110010100 #
b1011111110010100 (
b110000 ""
b10001000110110001 &
#520000
15
16
14
13
b10111 f
b11001 z
b10110 >
b11010000110100 !
b11010000110100 0
b100 =
b10 /
b10 G
b11010 H
b11 .
b11 Q
b11011 R
b11 -
b11 [
b10000 \
b100 ,
b100 e
b11000 p
b10 +
b10 o
b11 *
b11 y
b1011 <
b1101 E
b1101 O
b1001 Y
b1001 c
b110 m
b110 w
b1001 ;
b101 D
b101 N
b1010 X
b1010 b
b1100 l
b1100 v
b110100111011011 $
b110100111011011 )
b1100101001011001 #
b1100101001011001 (
b110001 ""
b10001110100100111 &
#530000
0"
02
01
09
08
07
b1101111001000110 !
b1101111001000110 0
b110 =
b10010 >
b11 /
b11 G
b11000 H
b100 .
b100 Q
b11111 R
b1101 -
b1101 [
b1110 ,
b1110 e
b1100 \
b1111 f
b1101 +
b1101 o
b100 p
b1110 *
b1110 y
b111 z
b1101 <
b110 E
b110 O
b110 Y
b110 c
b10 m
b10 w
b1101 D
b1101 N
b111 X
b111 b
b1011 l
b1011 v
b10011001101101 $
b10011001101101 )
b1011011111011001 #
b1011011111011001 (
b110010 ""
b10011010000110100 &
#540000
19
16
18
17
b10000 H
b111 /
b111 G
b1000 .
b1000 Q
b110 -
b110 [
b10010 \
b111 ,
b111 e
b10011 f
b0 p
b110 +
b110 o
b1 z
b111 *
b111 y
b111011110000001 !
b111011110000001 0
b1 =
b110 <
b1011 E
b1011 O
b1101 Y
b1101 c
b1010 ;
b1100 D
b1100 N
b1001 X
b1001 b
b100 l
b100 v
b11101 >
1%
b10110110110110 $
b10110110110110 )
b100100111001010 #
b100100111001010 (
b110011 ""
b1101111001000110 &
#550000
05
03
06
04
b100 /
b100 G
b101 .
b101 Q
b1 R
b10 p
b1011010101001011 !
b1011010101001011 0
b1011 =
b1001 >
b0 H
b101 -
b101 [
b10100 \
b110 ,
b110 e
b10111 f
b1010 +
b1010 o
b11 z
b1011 *
b1011 y
b100 <
b0 E
b0 O
b1011 Y
b1011 c
b1001 m
b1001 w
b110 ;
b100 D
b100 N
b1010 X
b1010 b
b1 l
b1 v
b1001101100000100 $
b1001101100000100 )
b1101001000110 #
b1101001000110 (
b110100 ""
b111011110000001 &
#560000
15
14
13
19
06
18
17
b11100 H
b1 /
b1 G
b11111 R
b10 .
b10 Q
b111 z
b1100001000011110 !
b1100001000011110 0
b1110 =
b11 >
b1 -
b1 [
b11100 \
b10 ,
b10 e
b11111 f
b1011 +
b1011 o
b0 p
b1100 *
b1100 y
b1011 E
b1011 O
b1010 Y
b1010 c
b1011 m
b1011 w
b1001 ;
b110 D
b110 N
b111 X
b111 b
b0 l
b0 v
b1011101010110100 $
b1011101010110100 )
b11101101001 #
b11101101001 (
b110101 ""
b1011010101001011 &
#570000
09
07
08
0"
01
05
b1110 ,
b1110 e
b1101 -
b1101 [
16
04
03
b11 f
b100 /
b100 G
b100 H
b101 .
b101 Q
b101 R
b0 \
b1101 +
b1101 o
b1110 *
b1110 y
b11 z
b1101110101010101 !
b1101110101010101 0
b101 =
b1101 <
b10 E
b10 O
b100 Y
b100 c
b0 m
b0 w
b1000 ;
b10 D
b10 N
b1001 X
b1001 b
b1101 l
b1101 v
b10000 >
0%
b10000101101 $
b10000101101 )
b1101100100101000 #
b1101100100101000 (
b110110 ""
b1100001000011110 &
#580000
19
18
17
1"
12
11
b10 /
b10 G
b0 H
b11 .
b11 Q
b1 R
b111 +
b111 o
b10000 p
b1000 *
b1000 y
b11111 z
b1000000000110111 !
b1000000000110111 0
b111 =
b0 -
b0 [
b11000 \
b1 ,
b1 e
b11001 f
b1000 <
b0 E
b0 O
b1110 m
b1110 w
b1110 ;
b1100 X
b1100 b
b1001 l
b1001 v
b10001 >
1%
b1110010000001000 $
b1110010000001000 )
b1001110000101110 #
b1001110000101110 (
b110111 ""
b1101110101010101 &
#590000
15
14
13
01
0"
09
02
08
07
b11100 H
b0 p
b1 /
b1 G
b11111 R
b10 .
b10 Q
b1101 -
b1101 [
b1100 \
b1110 ,
b1110 e
b1111 f
b1010 +
b1010 o
b1011 *
b1011 y
b1 z
b1010111000100110 !
b1010111000100110 0
b110 =
b1001 <
b10 E
b10 O
b111 Y
b111 c
b0 m
b0 w
b1101 ;
b1111 D
b1111 N
b110 X
b110 b
b1010 l
b1010 v
b10010 >
0%
b11100101001 $
b11100101001 )
b1010011011111101 #
b1010011011111101 (
b111000 ""
b11000000000110111 &
#600000
19
08
17
16
b101 /
b101 G
b10011 R
b110 .
b110 Q
b1111 -
b1111 [
b0 \
b0 ,
b0 e
b11111 f
b111000001100000 !
b111000001100000 0
b0 =
b11100 >
b10000 H
b110 +
b110 o
b111 *
b111 y
b1010 <
b1101 E
b1101 O
b1000 Y
b1000 c
b110 ;
b1000 D
b1000 N
b111 X
b111 b
b110 l
b110 v
b100011011010 $
b100011011010 )
b110011110000110 #
b110011110000110 (
b111001 ""
b1010111000100110 &
#610000
09
1"
05
06
07
12
11
04
03
b110101111010110 !
b110101111010110 0
b110 =
b0 >
b1000 \
b1011 -
b1011 [
b1100 ,
b1100 e
b1111 f
b10000 p
b10001 z
b1101 /
b1101 G
b1100 H
b1110 .
b1110 Q
b1111 R
b0 <
b111 E
b111 O
b100 Y
b100 c
b1100 m
b1100 w
b110 D
b110 N
b1010 l
b1010 v
b1100010001110000 $
b1100010001110000 )
b1010011101100110 #
b1010011101100110 (
b111010 ""
b111000001100000 &
#620000
15
09
16
14
13
08
07
b10110 p
b100 +
b100 o
b101 *
b101 y
b0 /
b0 G
b11110 H
b1 .
b1 Q
b11111 R
b1100 -
b1100 [
b110 \
b1101 ,
b1101 e
b111 f
b10111 z
b100110100011001 !
b100110100011001 0
b1001 =
b1110 <
b101 E
b101 O
b11 Y
b11 c
b1011 m
b1011 w
b1010 ;
b1011 D
b1011 N
b1001 X
b1001 b
b1001 l
b1001 v
b11101 >
1%
b1011001101011110 $
b1011001101011110 )
b1001100110111010 #
b1001100110111010 (
b111011 ""
b10110101111010110 &
#630000
05
06
04
03
0"
02
11
b1111101111101111 !
b1111101111101111 0
b1111 =
b1110 /
b1110 G
b10 H
b1111 .
b1111 Q
b11 R
b1000 \
b1011 -
b1011 [
b1111 f
b1100 ,
b1100 e
b1111 +
b1111 o
b0 p
b0 *
b0 y
b11111 z
b1010 <
b1 E
b1 O
b110 Y
b110 c
b1111 m
b1111 w
b101 ;
b1101 D
b1101 N
b101 X
b101 b
b0 l
b0 v
b0 >
0%
b1111011000011010 $
b1111011000011010 )
b10111010101 #
b10111010101 (
b111100 ""
b10100110100011001 &
#640000
01
b1111 z
b110 H
b1100 /
b1100 G
b111 R
b1101 .
b1101 Q
b1000 -
b1000 [
b1110 \
b1001 ,
b1001 e
b1001 +
b1001 o
b1100 p
b1010 *
b1010 y
b1001100011001110 !
b1001100011001110 0
b1110 =
b110 <
b1001 E
b1001 O
b111 Y
b111 c
b11 m
b11 w
b111 ;
b11 D
b11 N
b1 X
b1 b
b110 l
b110 v
b1111 >
1%
b11011110010110 $
b11011110010110 )
b110000100110111 #
b110000100110111 (
b111101 ""
b1111101111101111 &
#650000
19
0"
18
17
02
01
b1011100111011101 !
b1011100111011101 0
b1101 =
b1101 >
b1101 /
b1101 G
b100 H
b1110 .
b1110 Q
b1001 -
b1001 [
b11100 \
b1010 ,
b1010 e
b11111 f
b1010 +
b1010 o
b10 p
b1011 *
b1011 y
b11 z
b1011 E
b1011 O
b1010 Y
b1010 c
b1 m
b1 w
b110 ;
b10 D
b10 N
b1111 X
b1111 b
b1001 l
b1001 v
b1101010110110 $
b1101010110110 )
b1001111100100110 #
b1001111100100110 (
b111110 ""
b1001100011001110 &
#660000
15
16
14
13
b11110 \
b110 -
b110 [
b111 ,
b111 e
b110011101100011 !
b110011101100011 0
b11 =
b11001 >
b101 /
b101 G
b10000 H
b110 .
b110 Q
b10011 R
b0 p
b101 +
b101 o
b110 *
b110 y
b1000 E
b1000 O
b111 Y
b111 c
b101 m
b101 w
b1100 ;
b1101 D
b1101 N
b0 l
b0 v
b101011110000110 $
b101011110000110 )
b111111011100 #
b111111011100 (
b111111 ""
b1011100111011101 &
#670000
09
08
07
1"
15
12
11
14
13
b1011 -
b1011 [
b0 \
b1100 ,
b1100 e
b111 f
b1 +
b1 o
b10000 p
b10 *
b10 y
b10011 z
b1110001011001 !
b1110001011001 0
b1001 =
b100 /
b100 G
b11110 H
b101 .
b101 Q
b11111 R
b1011 <
b1101 E
b1101 O
b0 Y
b0 c
b1000 m
b1000 w
b1110 ;
b111 D
b111 N
b1011 X
b1011 b
b1001 l
b1001 v
b11100 >
0%
b1000000011011011 $
b1000000011011011 )
b1001101101111110 #
b1001101101111110 (
b1000000 ""
b110011101100011 &
#680000
19
17
1"
12
11
b110 /
b110 G
b111 .
b111 Q
b1111 -
b1111 [
b0 ,
b0 e
b11111 f
b1000001110011 !
b1000001110011 0
b11 =
b10000 >
b0 +
b0 o
b11100 p
b1 *
b1 y
b11101 z
b1010 <
b1111 E
b1111 O
b100 Y
b100 c
b1110 m
b1110 w
b1001 ;
b10 l
b10 v
b1110010011111010 $
b1110010011111010 )
b10101101111001 #
b10101101111001 (
b1000001 ""
b10001110001011001 &
#690000
05
04
03
0"
18
02
01
06
b0 H
b111 R
b10000 \
b1000000110111001 !
b1000000110111001 0
b1001 =
b1011 /
b1011 G
b1100 .
b1100 Q
b1 -
b1 [
b10 ,
b10 e
b10011 f
b111 +
b111 o
b0 p
b1000 *
b1000 y
b1111 z
b1 <
b1010 E
b1010 O
b1000 Y
b1000 c
b111 m
b111 w
b111 ;
b1 D
b1 N
b1001 X
b1001 b
b0 l
b0 v
b1111 >
1%
b111100010100001 $
b111100010100001 )
b100100010111 #
b100100010111 (
b1000010 ""
b10001000001110011 &
#700000
15
14
13
19
0"
08
17
01
b100 /
b100 G
b11110 H
b101 .
b101 Q
b1111000001000101 !
b1111000001000101 0
b101 =
b11111 R
b1111 -
b1111 [
b0 \
b0 ,
b0 e
b11111 f
b10 p
b1110 +
b1110 o
b1111 *
b1111 y
b11 z
b101 <
b1111 E
b1111 O
b1001 Y
b1001 c
b101 m
b101 w
b0 ;
b101 D
b101 N
b110 X
b110 b
b1001 l
b1001 v
b0 >
0%
b101100111110101 $
b101100111110101 )
b1001011001010000 #
b1001011001010000 (
b1000011 ""
b1000000110111001 &
#710000
09
05
03
04
0"
02
11
b1 R
b11111 z
b10 >
b1111111111101010 !
b1111111111101010 0
b1010 =
b0 H
b1110 /
b1110 G
b1111 .
b1111 Q
b1111 +
b1111 o
b0 p
b0 *
b0 y
b1 <
b1100 E
b1100 O
b101 Y
b101 c
b111 m
b111 w
b1001 ;
b10 D
b10 N
b1010 X
b1010 b
b1000 l
b1000 v
b111010111000001 $
b111010111000001 )
b1000101000101001 #
b1000101000101001 (
b1000100 ""
b1111000001000101 &
#720000
1"
12
16
b10111111100011 !
b10111111100011 0
b11 =
b10000 >
b1101 /
b1101 G
b11 R
b1110 .
b1110 Q
b10 +
b10 o
b11110 p
b11 *
b11 y
b1011 <
b100 E
b100 O
b1011 Y
b1011 c
b1000 ;
b1001 D
b1001 N
b100 X
b100 b
b1011 l
b1011 v
b111101101001011 $
b111101101001011 )
b1011010010011000 #
b1011010010011000 (
b1000101 ""
b1111111111101010 &
#730000
0"
02
15
14
13
07
b10000 H
b1101 f
b1111110101110111 !
b1111110101110111 0
b111 =
b110 /
b110 G
b111 .
b111 Q
b10001 R
b1100 -
b1100 [
b1100 \
b1101 ,
b1101 e
b1111 +
b1111 o
b0 p
b0 *
b0 y
b1010 <
b1000 E
b1000 O
b110 Y
b110 c
b1 m
b1 w
b1100 ;
b1110 D
b1110 N
b110 X
b110 b
b1110 l
b1110 v
b10001 >
1%
b1011010001010 $
b1011010001010 )
b1110011011101100 #
b1110011011101100 (
b1000110 ""
b10010111111100011 &
#740000
09
1"
08
07
12
b10100 H
b10101 R
b111 +
b111 o
b10000 p
b1000 *
b1000 y
b111111001010001 !
b111111001010001 0
b1 =
b100 /
b100 G
b101 .
b101 Q
b0 \
b1101 -
b1101 [
b11 f
b1110 ,
b1110 e
b1001 <
b1010 E
b1010 O
b1101 Y
b1101 c
b1111 m
b1111 w
b1000 ;
b1010 D
b1010 N
b0 X
b0 b
b1000 l
b1000 v
b10000 >
0%
b1111110110101001 $
b1111110110101001 )
b1000000010101000 #
b1000000010101000 (
b1000111 ""
b1111110101110111 &
#750000
09
17
1"
05
16
12
04
03
b1111111110100 !
b1111111110100 0
b100 =
b11100 >
b1111 -
b1111 [
b0 ,
b0 e
b11111 f
b1110 /
b1110 G
b0 H
b1111 .
b1111 Q
b1 R
b1 +
b1 o
b11100 p
b10 *
b10 y
b110 <
b1110 E
b1110 O
b110 Y
b110 c
b110 m
b110 w
b1110 ;
b0 D
b0 N
b1001 X
b1001 b
b1011 l
b1011 v
b110011011100110 $
b110011011100110 )
b1011100100001110 #
b1011100100001110 (
b1001000 ""
b10111111001010001 &
#760000
0"
19
02
01
18
b10100 >
b1101001001010100 !
b1101001001010100 0
b100 =
b11011 f
b1100 +
b1100 o
b110 p
b1101 *
b1101 y
b111 z
b100 /
b100 G
b100 H
b101 .
b101 Q
b101 R
b10 -
b10 [
b11010 \
b11 ,
b11 e
b1010 <
b10 E
b10 O
b1101 Y
b1101 c
b1 m
b1 w
b1010 ;
b10 D
b10 N
b101 X
b101 b
b1110100101010 $
b1110100101010 )
b1011010100101010 #
b1011010100101010 (
b1001001 ""
b10001111111110100 &
#770000
1"
12
11
b101 -
b101 [
b110 ,
b110 e
b1101 +
b1101 o
b1110 *
b1110 y
b1110010111010110 !
b1110010111010110 0
b110 =
b10000 >
b110 H
b1100 /
b1100 G
b111 R
b1101 .
b1101 Q
b11100 \
b11111 f
b11100 p
b11111 z
b1000 <
b11 E
b11 O
b110 Y
b110 c
b1110 m
b1110 w
b1110 ;
b1001 D
b1001 N
b1111 X
b1111 b
b1111 l
b1111 v
b1110011000111000 $
b1110011000111000 )
b1111111110011110 #
b1111111110011110 (
b1001010 ""
b1101001001010100 &
#780000
15
09
14
13
08
07
b1000 /
b1000 G
b1001 .
b1001 Q
b11000 p
b11000 H
b11001 R
b1000 -
b1000 [
b1110 \
b1001 ,
b1001 e
b1111 f
b10 +
b10 o
b11 *
b11 y
b11001 z
b10100110010011 !
b10100110010011 0
b11 =
b1010 <
b1100 E
b1100 O
b101 Y
b101 c
b100 m
b100 w
b1000 ;
b1100 D
b1100 N
b11 X
b11 b
b1110 l
b1110 v
b10001 >
1%
b100010111001010 $
b100010111001010 )
b1110001111001000 #
b1110001111001000 (
b1001011 ""
b11110010111010110 &
#790000
19
16
18
17
b111 -
b111 [
b1000 ,
b1000 e
b10000 p
b110 +
b110 o
b10001 z
b111 *
b111 y
b111100000110011 !
b111100000110011 0
b11 =
b11111 >
b10 /
b10 G
b11 .
b11 Q
b10000 \
b11111 f
b111 <
b1110 Y
b1110 c
b1010 m
b1010 w
b1011 ;
b110 D
b110 N
b1001 X
b1001 b
b1100 l
b1100 v
b1010111011000111 $
b1010111011000111 )
b1100100101101011 #
b1100100101101011 (
b1001100 ""
b10010100110010011 &
#800000
06
b1 >
b100100101111111 !
b100100101111111 0
b1111 =
b1000 -
b1000 [
b11110 \
b1001 ,
b1001 e
b10000 H
b111 /
b111 G
b11111 R
b1000 .
b1000 Q
b11 +
b11 o
b10111 z
b100 *
b100 y
b100 <
b1011 Y
b1011 c
b1010 ;
b1011 D
b1011 N
b1101 X
b1101 b
b1001 l
b1001 v
b1010101111000100 $
b1010101111000100 )
b1001110110111010 #
b1001110110111010 (
b1001101 ""
b10111100000110011 &
#810000
09
08
07
b10110 H
b100 /
b100 G
b101 .
b101 Q
b10111 R
b10010 p
b110111001000111 !
b110111001000111 0
b111 =
b100 \
b1101 -
b1101 [
b111 f
b1110 ,
b1110 e
b110 +
b110 o
b111 *
b111 y
b10011 z
b1011 E
b1011 O
b1010 Y
b1010 c
b1001 m
b1001 w
b10 ;
b1001 D
b1001 N
b11 X
b11 b
b1101 l
b1101 v
b1001101010110100 $
b1001101010110100 )
b1101001110010010 #
b1101001110010010 (
b1001110 ""
b10100100101111111 &
#820000
16
b11111 R
b101 -
b101 [
b11 f
b110 ,
b110 e
b1000 +
b1000 o
b11110 p
b1001 *
b1001 y
b11111 z
b111 /
b111 G
b10000 H
b1000 .
b1000 Q
b0 \
b1000011010000000 !
b1000011010000000 0
b0 =
b1010 <
b1111 E
b1111 O
b101 Y
b101 c
b1111 m
b1111 w
b110 ;
b1000 D
b1000 N
b0 X
b0 b
b1001 l
b1001 v
b11100 >
0%
b1111010111111010 $
b1111010111111010 )
b1001000010000110 #
b1001000010000110 (
b1001111 ""
b10110111001000111 &
#830000
16
17
05
03
0"
02
01
04
b111111111110000 !
b111111111110000 0
b0 =
b111 R
b1111 -
b1111 [
b11111 f
b0 ,
b0 e
b1111 z
b1110 /
b1110 G
b110 H
b1111 .
b1111 Q
b111 +
b111 o
b0 p
b1000 *
b1000 y
b1101 <
b1011 E
b1011 O
b1110 Y
b1110 c
b101 m
b101 w
b10 ;
b11 D
b11 N
b1 X
b1 b
b10 l
b10 v
b11111 >
1%
b101111010111101 $
b101111010111101 )
b10000100110010 #
b10000100110010 (
b1010000 ""
b11000011010000000 &
#840000
06
19
18
1"
15
12
14
13
11
b111010010101111 !
b111010010101111 0
b1111 =
b1 >
b110 +
b110 o
b10000 p
b111 *
b111 y
b1010 /
b1010 G
b11000 H
b1011 .
b1011 Q
b11001 R
b11 -
b11 [
b11000 \
b100 ,
b100 e
b10001 z
b1010 <
b1100 E
b1100 O
b1111 Y
b1111 c
b1100 m
b1100 w
b100 ;
b1110 D
b1110 N
b100 X
b100 b
b1010 l
b1010 v
b1100111111001010 $
b1100111111001010 )
b1010010011100100 #
b1010010011100100 (
b1010001 ""
b111111111110000 &
#850000
b10 /
b10 G
b11 .
b11 Q
b101001000101111 !
b101001000101111 0
b10011 f
b10100 p
b100 +
b100 o
b10101 z
b101 *
b101 y
b10000 H
b10001 R
b10000 \
b1 -
b1 [
b10 ,
b10 e
b1110 <
b1000 E
b1000 O
b1001 Y
b1001 c
b1010 m
b1010 w
b1 ;
b1010 D
b1010 N
b1000 X
b1000 b
b0 >
0%
b1010100110001110 $
b1010100110001110 )
b1010100010100001 #
b1010100010100001 (
b1010010 ""
b10111010010101111 &
#860000
09
05
0"
08
07
16
04
03
02
01
b0 \
b1010111011111011 !
b1010111011111011 0
b1011 =
b1110 /
b1110 G
b0 H
b1111 .
b1111 Q
b1 R
b1110 -
b1110 [
b1 f
b1111 ,
b1111 e
b1010 +
b1010 o
b10 p
b1011 *
b1011 y
b11 z
b1111 <
b1110 E
b1110 O
b0 Y
b0 c
b1001 m
b1001 w
b1011 ;
b0 D
b0 N
b1110 X
b1110 b
b1 l
b1 v
b11111 >
1%
b1001000011101111 $
b1001000011101111 )
b1111000001011 #
b1111000001011 (
b1010011 ""
b10101001000101111 &
#870000
1"
12
11
06
b10110110101011 !
b10110110101011 0
b1011 =
b1010 /
b1010 G
b1110 H
b1011 .
b1011 Q
b1111 R
b1101 -
b1101 [
b11 f
b1110 ,
b1110 e
b10 +
b10 o
b11000 p
b11 *
b11 y
b11001 z
b101 <
b111 E
b111 O
b1000 Y
b1000 c
b100 m
b100 w
b110 ;
b11 D
b11 N
b101 X
b101 b
b1110 l
b1110 v
b1000 >
0%
b100100001110101 $
b100100001110101 )
b1110010100110110 #
b1110010100110110 (
b1010100 ""
b1010111011111011 &
#880000
19
18
17
b11 =
05
04
03
16
b1010011011110011 !
b1010011011110011 0
b1110 /
b1110 G
b1111 .
b1111 Q
b1 R
b110 -
b110 [
b11110 \
b111 ,
b111 e
b10000 >
b0 H
b11111 f
b1001 +
b1001 o
b11100 p
b1010 *
b1010 y
b11111 z
b1000 <
b1000 E
b1000 O
b111 Y
b111 c
b1110 m
b1110 w
b1011 ;
b110 D
b110 N
b1111 X
b1111 b
b1011 l
b1011 v
b1110011110001000 $
b1110011110001000 )
b1011111101101011 #
b1011111101101011 (
b1010101 ""
b10010110110101011 &
#890000
0"
01
02
15
09
06
14
13
08
07
b10 /
b10 G
b10010 H
b11 .
b11 Q
b10011 R
b110 -
b110 [
b10 \
b111 ,
b111 e
b11 f
b1100 +
b1100 o
b0 p
b1101 *
b1101 y
b1 z
b1100011100101110 !
b1100011100101110 0
b1110 =
b10 <
b1001 E
b1001 O
b101 Y
b101 c
b100 m
b100 w
b1001 D
b1001 N
b1 X
b1 b
b1000 l
b1000 v
b111 >
1%
b100010110010010 $
b100010110010010 )
b1000000110011011 #
b1000000110011011 (
b1010110 ""
b11010011011110011 &
#900000
09
08
17
1"
12
11
05
16
04
03
b11111 f
b11111101111000 !
b11111101111000 0
b1000 =
b110 /
b110 G
b0 H
b111 .
b111 Q
b1 R
b1111 -
b1111 [
b0 \
b0 ,
b0 e
b11 +
b11 o
b11000 p
b100 *
b100 y
b11111 z
b1011 <
b100 E
b100 O
b1111 Y
b1111 c
b101 m
b101 w
b1101 ;
b10 D
b10 N
b0 X
b0 b
b1110 l
b1110 v
b11110 >
0%
b101111101001011 $
b101111101001011 )
b1110000000101101 #
b1110000000101101 (
b1010111 ""
b1100011100101110 &
#910000
0"
02
07
b1111101100101100 !
b1111101100101100 0
b1100 =
b1111 f
b1111 +
b1111 o
b0 p
b0 *
b0 y
b1 /
b1 G
b11 R
b10 .
b10 Q
b1011 -
b1011 [
b1000 \
b1100 ,
b1100 e
b1101 <
b0 E
b0 O
b101 Y
b101 c
b0 m
b0 w
b1110 ;
b1 D
b1 N
b110 X
b110 b
b1111 l
b1111 v
b11111 >
1%
b10100001101 $
b10100001101 )
b1111011000011110 #
b1111011000011110 (
b1011000 ""
b10011111101111000 &
#920000
06
01
19
18
17
b10 H
b1110 /
b1110 G
b1111 .
b1111 Q
b10 p
b1000 -
b1000 [
b11110 \
b1001 ,
b1001 e
b11111 f
b1010 +
b1010 o
b1011 *
b1011 y
b11 z
b1011100011101001 !
b1011100011101001 0
b1001 =
b1 <
b1101 E
b1101 O
b1011 Y
b1011 c
b1 m
b1 w
b1000 ;
b1101 X
b1101 b
b1001 l
b1001 v
b0 >
0%
b1101111010001 $
b1101111010001 )
b1001110100011000 #
b1001110100011000 (
b1011001 ""
b1111101100101100 &
#930000
09
08
07
b1000100001111101 !
b1000100001111101 0
b1101 =
b1111 R
b1000 -
b1000 [
b1001 ,
b1001 e
b1001 f
b111 /
b111 G
b0 H
b1000 .
b1000 Q
b1000 \
b1100 p
b1000 +
b1000 o
b1101 z
b1001 *
b1001 y
b1011 <
b11 E
b11 O
b100 Y
b100 c
b110 m
b110 w
b1 ;
b100 D
b100 N
b100 X
b100 b
b10 l
b10 v
b111 >
1%
b110010000111011 $
b110010000111011 )
b10010001000001 #
b10010001000001 (
b1011010 ""
b1011100011101001 &
#940000
09
1"
08
07
12
11
b1011 R
b100101110101001 !
b100101110101001 0
b1001 =
b1010 /
b1010 G
b1010 H
b1011 .
b1011 Q
b1011 -
b1011 [
b0 \
b1100 ,
b1100 e
b111 f
b100 +
b100 o
b11100 p
b101 *
b101 y
b11101 z
b110 <
b101 E
b101 O
b10 Y
b10 c
b11 ;
b101 D
b101 N
b1001 X
b1001 b
b1110 l
b1110 v
b1100 >
0%
b110001001010110 $
b110001001010110 )
b1110100101010011 #
b1110100101010011 (
b1011011 ""
b1000100001111101 &
#950000
05
04
03
b1101110011100111 !
b1101110011100111 0
b111 =
b1110 /
b1110 G
b0 H
b1111 .
b1111 Q
b1 R
b1100 -
b1100 [
b100 \
b101 f
b1101 ,
b1101 e
b1101 +
b1101 o
b1110 *
b1110 y
b11111 z
b100 <
b0 E
b0 O
b1110 m
b1110 w
b10 ;
b1110 D
b1110 N
b1010 X
b1010 b
b1111 l
b1111 v
b1 >
1%
b1110001000000100 $
b1110001000000100 )
b1111101011100010 #
b1111101011100010 (
b1011100 ""
b10100101110101001 &
#960000
02
19
18
17
b10 H
b1 -
b1 [
b10 ,
b10 e
b0 p
b1110 /
b1110 G
b11 R
b1111 .
b1111 Q
b11000 \
b11011 f
b1111 +
b1111 o
b0 *
b0 y
b111101010 !
b111101010 0
b1010 =
b10 <
b1 E
b1 O
b1101 Y
b1101 c
b100 m
b100 w
b1000 ;
b1101 D
b1101 N
b100 X
b100 b
b1011 l
b1011 v
b0 >
0%
b100110100010010 $
b100110100010010 )
b1011010011011000 #
b1011010011011000 (
b1011101 ""
b11101110011100111 &
#970000
15
14
13
0"
01
09
08
07
b10 >
b1100100100011110 !
b1100100100011110 0
b1110 =
b1 /
b1 G
b10 .
b10 Q
b110 p
b1100 +
b1100 o
b1101 *
b1101 y
b111 z
b11100 H
b11111 R
b1000 -
b1000 [
b1100 \
b1001 ,
b1001 e
b1101 f
b101 <
b1110 E
b1110 O
b110 Y
b110 c
b1011 m
b1011 w
b1001 ;
b11 D
b11 N
b10 X
b10 b
b1 l
b1 v
b1011011011100101 $
b1011011011100101 )
b1001000111001 #
b1001000111001 (
b1011110 ""
b10000000111101010 &
#980000
05
04
03
19
18
17
b0 H
b11 z
b1010 /
b1010 G
b1011 .
b1011 Q
b1 R
b1100 -
b1100 [
b11110 \
b1101 ,
b1101 e
b11111 f
b101 +
b101 o
b0 p
b110 *
b110 y
b110110010101101 !
b110110010101101 0
b1101 =
b1 <
b1000 E
b1000 O
b1101 Y
b1101 c
b101 m
b101 w
b1011 ;
b10 D
b10 N
b1111 X
b1111 b
b0 l
b0 v
b111 >
1%
b101110110000001 $
b101110110000001 )
b111100101011 #
b111100101011 (
b1011111 ""
b1100100100011110 &
#990000
09
08
07
1"
12
11
b1100 /
b1100 G
b100 H
b1101 .
b1101 Q
b101 R
b10 \
b1110 -
b1110 [
b11 f
b1111 ,
b1111 e
b100 +
b100 o
b11110 p
b101 *
b101 y
b11111 z
b100111011001000 !
b100111011001000 0
b1000 =
b1010 E
b1010 O
b1001 Y
b1001 c
b1111 m
b1111 w
b111 ;
b101 X
b101 b
b101 l
b101 v
b1110 >
0%
b1111100110100001 $
b1111100110100001 )
b101010100100111 #
b101010100100111 (
b1100000 ""
b110110010101101 &
#1000000
0"
06
02
01
b101 /
b101 G
b110 .
b110 Q
b100 p
b111 z
b101110101011100 !
b101110101011100 0
b1100 =
b0 >
b0 H
b11 R
b100 \
b1101 -
b1101 [
b111 f
b1110 ,
b1110 e
b101 +
b101 o
b110 *
b110 y
b1000 <
b101 E
b101 O
b11 Y
b11 c
b10 m
b10 w
b100 ;
b0 D
b0 N
b1010 X
b1010 b
b11 l
b11 v
b10001101011000 $
b10001101011000 )
b11101000000100 #
b11101000000100 (
b1100001 ""
b10100111011001000 &
#1010000
1"
12
11
b100011100100110 !
b100011100100110 0
b110 =
b0 \
b1111 f
b10111 z
b10 /
b10 G
b10 H
b11 .
b11 Q
b111 -
b111 [
b1000 ,
b1000 e
b100 +
b100 o
b10110 p
b101 *
b101 y
b10 <
b1 E
b1 O
b100 Y
b100 c
b1011 m
b1011 w
b1 D
b1 N
b11 X
b11 b
b1001 l
b1001 v
b1011010000010010 $
b1011010000010010 )
b1001001100010100 #
b1001001100010100 (
b1100010 ""
b101110101011100 &
#1020000
15
14
13
b10 >
b1011100000000110 !
b1011100000000110 0
b110 =
b11110 H
b0 /
b0 G
b11111 R
b1 .
b1 Q
b1011 +
b1011 o
b11000 p
b1100 *
b1100 y
b11111 z
b101 <
b101 E
b101 O
b101 Y
b101 c
b1101 m
b1101 w
b1 ;
b1011 D
b1011 N
b10 X
b10 b
b1110 l
b1110 v
b1101010101010101 $
b1101010101010101 )
b1110001010110001 #
b1110001010110001 (
b1100011 ""
b10100011100100110 &
#1030000
16
0"
b100 *
b100 y
19
b11 +
b11 o
18
02
01
17
b111 z
b1 /
b1 G
b11100 H
b10 .
b10 Q
b110 -
b110 [
b10110 \
b111 ,
b111 e
b10111 f
b0 p
b100011100100001 !
b100011100100001 0
b1 =
b1111 E
b1111 O
b1011 Y
b1011 c
b1 m
b1 w
b1011 ;
b10 D
b10 N
b1011 X
b1011 b
b10 l
b10 v
b11111 >
1%
b1101111110101 $
b1101111110101 )
b10101100101011 #
b10101100101011 (
b1100100 ""
b11011100000000110 &
#1040000
1"
12
05
04
03
11
19
06
18
17
b1010 /
b1010 G
b0 H
b1011 .
b1011 Q
b1 R
b11100 p
b1 +
b1 o
b11111 z
b10 *
b10 y
b10000110101011 !
b10000110101011 0
b1011 =
b1 -
b1 [
b11100 \
b10 ,
b10 e
b11111 f
b100 <
b1000 E
b1000 O
b1111 Y
b1111 c
b1111 m
b1111 w
b111 ;
b10 X
b10 b
b1000 >
0%
b1111111110000100 $
b1111111110000100 )
b10001000100111 #
b10001000100111 (
b1100101 ""
b100011100100001 &
#1050000
09
15
16
08
07
14
13
b11011110100000 !
b11011110100000 0
b0 =
b11110 >
b110 -
b110 [
b0 \
b111 ,
b111 e
b1 f
b10000 p
b10111 z
b1001 /
b1001 G
b11100 H
b1010 .
b1010 Q
b11111 R
b11 +
b11 o
b100 *
b100 y
b1001 <
b1011 E
b1011 O
b0 Y
b0 c
b1001 m
b1001 w
b1110 D
b1110 N
b110 X
b110 b
b1010 l
b1010 v
b1001000010111001 $
b1001000010111001 )
b1010011011100111 #
b1010011011100111 (
b1100110 ""
b10010000110101011 &
#1060000
19
0"
18
17
02
01
b1001 /
b1001 G
b11011 R
b1010 .
b1010 Q
b1010 -
b1010 [
b11110 \
b1011 ,
b1011 e
b1011 +
b1011 o
b0 p
b1100 *
b1100 y
b111 z
b11000 H
b11111 f
b1100101110100101 !
b1100101110100101 0
b101 =
b1100 E
b1100 O
b1111 Y
b1111 c
b0 m
b0 w
b1011 ;
b1101 D
b1101 N
b1011 X
b1011 b
b1011 l
b1011 v
b10111 >
1%
b111111001001 $
b111111001001 )
b1011101111011011 #
b1011101111011011 (
b1100111 ""
b10011011110100000 &
#1070000
05
1"
12
04
03
11
06
b11010 p
b11101111001100 !
b11101111001100 0
b1100 =
b111 >
b1100 /
b1100 G
b100 H
b1101 .
b1101 Q
b101 R
b11000 \
b1011 -
b1011 [
b1100 ,
b1100 e
b10 +
b10 o
b11 *
b11 y
b11011 z
b1010 <
b10 E
b10 O
b1101 Y
b1101 c
b1101 m
b1101 w
b1 ;
b1010 D
b1010 N
b1110 X
b1110 b
b101 l
b101 v
b1101110100101010 $
b1101110100101010 )
b101111010100001 #
b101111010100001 (
b1101000 ""
b1100101110100101 &
#1080000
05
04
03
09
0"
08
07
02
01
b10010111001000 !
b10010111001000 0
b1000 =
b1100 /
b1100 G
b0 H
b1101 .
b1101 Q
b1 R
b101 -
b101 [
b0 \
b11 f
b110 ,
b110 e
b10 +
b10 o
b0 p
b11 *
b11 y
b1 z
b11 <
b1000 E
b1000 O
b101 Y
b101 c
b0 m
b0 w
b101 ;
b100 D
b100 N
b0 X
b0 b
b10 l
b10 v
b1110 >
0%
b10110000011 $
b10110000011 )
b10000001000101 #
b10000001000101 (
b1101001 ""
b10011101111001100 &
#1090000
15
19
14
13
18
17
b100 +
b100 o
b101 *
b101 y
16
b110 /
b110 G
b11110 H
b111 .
b111 Q
b110 p
b11100 >
b101000101110000 !
b101000101110000 0
b0 =
b11111 R
b0 -
b0 [
b11000 \
b1 ,
b1 e
b11001 f
b111 z
b1110 <
b1111 E
b1111 O
b1100 Y
b1100 c
b11 m
b11 w
b10 ;
b111 D
b111 N
b100 X
b100 b
b1 l
b1 v
b11110011111110 $
b11110011111110 )
b1010001110010 #
b1010001110010 (
b1101010 ""
b10010111001000 &
#1100000
05
03
04
b1110 /
b1110 G
b1 R
b1111 .
b1111 Q
b1 z
b1011011111110110 !
b1011011111110110 0
b110 =
b0 H
b10000 \
b111 -
b111 [
b11111 f
b1000 ,
b1000 e
b0 p
b1010 +
b1010 o
b1011 *
b1011 y
b110 <
b1000 E
b1000 O
b1101 Y
b1101 c
b0 m
b0 w
b1111 ;
b110 D
b110 N
b1010 X
b1010 b
b1010 l
b1010 v
b11111 >
1%
b110110000110 $
b110110000110 )
b1010101001101111 #
b1010101001101111 (
b1101011 ""
b101000101110000 &
#1110000
06
1"
09
b1000 =
07
12
11
08
b10100001111000 !
b10100001111000 0
b1111 f
b10010 p
b111 /
b111 G
b1000 .
b1000 Q
b1111 R
b1000 -
b1000 [
b1110 \
b1001 ,
b1001 e
b10 +
b10 o
b10011 z
b11 *
b11 y
b0 <
b100 E
b100 O
b1 Y
b1 c
b1001 m
b1001 w
b1000 ;
b11 D
b11 N
b111 X
b111 b
b1001 l
b1001 v
b0 >
0%
b1001000101000000 $
b1001000101000000 )
b1001011100111000 #
b1001011100111000 (
b1101100 ""
b1011011111110110 &
#1120000
15
0"
19
14
02
01
13
18
17
b1100010010111100 !
b1100010010111100 0
b1100 =
b1011 /
b1011 G
b11000 H
b1100 .
b1100 Q
b11111 R
b11 -
b11 [
b10000 \
b100 ,
b100 e
b10111 f
b1011 +
b1011 o
b0 p
b1100 *
b1100 y
b111 z
b101 <
b1100 E
b1100 O
b1010 Y
b1010 c
b1 m
b1 w
b110 ;
b1111 D
b1111 N
b1001 X
b1001 b
b1010 l
b1010 v
b1111 >
1%
b1101011000101 $
b1101011000101 )
b1010100111110110 #
b1010100111110110 (
b1101101 ""
b10010100001111000 &
#1130000
05
19
06
04
03
18
17
b1010 /
b1010 G
b1110 H
b1011 .
b1011 Q
b1111 R
b11110 \
b0 -
b0 [
b1 ,
b1 e
b11111 f
b1110 p
b1100 +
b1100 o
b1111 z
b1101 *
b1101 y
b1101000010101101 !
b1101000010101101 0
b1101 =
b1001 <
b11 E
b11 O
b1 Y
b1 c
b111 m
b111 w
b100 ;
b111 D
b111 N
b1111 X
b1111 b
b101 l
b101 v
b0 >
0%
b111000100111001 $
b111000100111001 )
b101111101110100 #
b101111101110100 (
b1101110 ""
b1100010010111100 &
#1140000
09
1"
16
08
07
12
11
b1101001100111 !
b1101001100111 0
b111 =
b101 /
b101 G
b100 H
b110 .
b110 Q
b111 R
b1010 -
b1010 [
b1110 \
b1011 ,
b1011 e
b1111 f
b1 +
b1 o
b10000 p
b10 *
b10 y
b10011 z
b1010 <
b10 E
b10 O
b11 Y
b11 c
b1001 m
b1001 w
b1100 ;
b11 D
b11 N
b111 X
b111 b
b1000 l
b1000 v
b10001 >
1%
b1001001100101010 $
b1001001100101010 )
b1000011100111100 #
b1000011100111100 (
b1101111 ""
b1101000010101101 &
#1150000
05
04
13
19
0"
18
17
06
02
01
b1000001111110111 !
b1000001111110111 0
b111 =
b11111 R
b11000 \
b11111 f
b11 >
b1111 /
b1111 G
b0 H
b0 .
b0 Q
b11 -
b11 [
b100 ,
b100 e
b111 +
b111 o
b0 p
b1000 *
b1000 y
b1111 z
b1 <
b1110 E
b1110 O
b1110 Y
b1110 c
b100 m
b100 w
b101 ;
b1 D
b1 N
b101 X
b101 b
b11 l
b11 v
b100111011100001 $
b100111011100001 )
b11010100010101 #
b11010100010101 (
b1110000 ""
b10001101001100111 &
#1160000
15
18
14
1"
12
11
b0 /
b0 G
b11000 H
b11001 R
b1 .
b1 Q
b1 -
b1 [
b11100 \
b10 ,
b10 e
b1100 +
b1100 o
b11100 p
b1101 *
b1101 y
b11101 z
b1101001000001100 !
b1101001000001100 0
b1100 =
b1001 <
b1100 E
b1100 O
b11 Y
b11 c
b1110 m
b1110 w
b11 ;
b100 D
b100 N
b1110 X
b1110 b
b1110 l
b1110 v
b110 >
0%
b1110001111001001 $
b1110001111001001 )
b1110111001000011 #
b1110111001000011 (
b1110001 ""
b1000001111110111 &
#1170000
05
04
03
b101 +
b101 o
b110 *
b110 y
b110100011100110 !
b110100011100110 0
b110 =
b10 >
b1110 /
b1110 G
b0 H
b1111 .
b1111 Q
b1 R
b1000 -
b1000 [
b11110 \
b1001 ,
b1001 e
b10000 p
b10011 z
b1 <
b1101 Y
b1101 c
b1001 m
b1001 w
b101 ;
b10 D
b10 N
b1011 X
b1011 b
b1100 l
b1100 v
b1001110111000001 $
b1001110111000001 )
b1100101100100101 #
b1100101100100101 (
b1110010 ""
b11101001000001100 &
#1180000
16
09
1"
08
07
12
11
b1111 f
b0 +
b0 o
b11100 p
b1 *
b1 y
b100101100010 !
b100101100010 0
b10 =
b101 /
b101 G
b11 R
b110 .
b110 Q
b1001 -
b1001 [
b1100 \
b1010 ,
b1010 e
b11101 z
b111 <
b0 E
b0 O
b111 Y
b111 c
b10 m
b10 w
b1010 ;
b101 D
b101 N
b10 X
b10 b
b1110 l
b1110 v
b11111 >
1%
b10011100000111 $
b10011100000111 )
b1110001001011010 #
b1110001001011010 (
b1110011 ""
b10110100011100110 &
#1190000
06
19
18
17
b111 /
b111 G
b1000 .
b1000 Q
b1111 R
b11 -
b11 [
b11000 \
b100 ,
b100 e
b11111 f
b11 +
b11 o
b11000 p
b100 *
b100 y
b11111 z
b100001101111101 !
b100001101111101 0
b1101 =
b1 <
b111 E
b111 O
b110 Y
b110 c
b1110 m
b1110 w
b1100 ;
b0 D
b0 N
b1101 X
b1101 b
b101 l
b101 v
b0 >
0%
b1110011001110001 $
b1110011001110001 )
b101110100001100 #
b101110100001100 (
b1110100 ""
b10000100101100010 &
#1200000
15
09
14
13
08
07
b1100 >
b1010100010101101 !
b1010100010101101 0
b1101 =
b1010 /
b1010 G
b11110 H
b1011 .
b1011 Q
b11111 R
b111 -
b111 [
b0 \
b1000 ,
b1000 e
b1111 f
b1010 +
b1010 o
b11001 z
b1011 *
b1011 y
b111 <
b1111 E
b1111 O
b10 Y
b10 c
b1100 m
b1100 w
b110 ;
b1011 D
b1011 N
b101 X
b101 b
b1110 l
b1110 v
b1100001011110111 $
b1100001011110111 )
b1110010110110110 #
b1110010110110110 (
b1110101 ""
b10100001101111101 &
#1210000
05
09
04
03
16
17
b1010 H
b1011 R
b11110 p
b100111110110001 !
b100111110110001 0
b1 =
b11000 >
b1010 /
b1010 G
b1011 .
b1011 Q
b1111 -
b1111 [
b0 ,
b0 e
b11111 f
b100 +
b100 o
b11111 z
b101 *
b101 y
b101 <
b101 E
b101 O
b111 Y
b111 c
b1111 m
b1111 w
b1100 ;
b101 D
b101 N
b1000 X
b1000 b
b101 l
b101 v
b1111011101010101 $
b1111011101010101 )
b101100001011100 #
b101100001011100 (
b1110110 ""
b11010100010101101 &
#1220000
07
09
0"
15
02
01
06
14
13
b1011 -
b1011 [
b1100 ,
b1100 e
b111 f
b1 +
b1 o
b0 p
b10 *
b10 y
b11 z
b1110000010010 !
b1110000010010 0
b10 =
b0 >
b1 /
b1 G
b11100 H
b10 .
b10 Q
b11111 R
b10 <
b111 E
b111 O
b1001 Y
b1001 c
b0 m
b0 w
b0 ;
b1010 D
b1010 N
b10 X
b10 b
b1 l
b1 v
b100101110010 $
b100101110010 )
b1001010100000 #
b1001010100000 (
b1110111 ""
b10100111110110001 &
#1230000
05
03
04
b1110 .
b1110 Q
1"
b1101 /
b1101 G
16
12
11
b11 R
b1110 +
b1110 o
b11110 p
b1111 *
b1111 y
b0 H
b101 -
b101 [
b110 ,
b110 e
b11 f
b11111 z
b1110010111101011 !
b1110010111101011 0
b1011 =
b1101 <
b0 E
b0 O
b0 Y
b0 c
b1111 m
b1111 w
b1101 ;
b1101 D
b1101 N
b101 X
b101 b
b1111 l
b1111 v
b11011 >
1%
b1111000000001101 $
b1111000000001101 )
b1111010111011101 #
b1111010111011101 (
b1111000 ""
b1110000010010 &
#1240000
14
15
13
b11110 H
b100 \
b11011 z
b1110100010111 !
b1110100010111 0
b111 =
b0 /
b0 G
b1 .
b1 Q
b11111 R
b1100 -
b1100 [
b101 f
b1101 ,
b1101 e
b11000 p
b1 +
b1 o
b10 *
b10 y
b1110 <
b1001 E
b1001 O
b1010 Y
b1010 c
b1101 m
b1101 w
b1001 ;
b111 D
b111 N
b10 X
b10 b
b100 l
b100 v
b10000 >
0%
b1101101010011110 $
b1101101010011110 )
b100001001111001 #
b100001001111001 (
b1111001 ""
b11110010111101011 &
#1250000
04
b1111 /
b1111 G
b0 H
b0 .
b0 Q
b101 -
b101 [
b111 f
b110 ,
b110 e
b11111 z
b100011000001010 !
b100011000001010 0
b1010 =
b11110 >
b100 +
b100 o
b11110 p
b101 *
b101 y
b1111 <
b1000 E
b1000 O
b11 Y
b11 c
b111 m
b111 w
b1011 ;
b1101 l
b1101 v
b111001110001111 $
b111001110001111 )
b1101001001111011 #
b1101001001111011 (
b1111010 ""
b10001110100010111 &
#1260000
0"
02
01
b110 \
b1100 -
b1100 [
b1101 ,
b1101 e
b110 +
b110 o
b0 p
b111 *
b111 y
b1 z
b110110100000001 !
b110110100000001 0
b1 =
b1101 <
b1 E
b1 O
b100 m
b100 w
b11 ;
b1110 D
b1110 N
b1001 X
b1001 b
b10 l
b10 v
b11111 >
1%
b100001100011101 $
b100001100011101 )
b10100111100011 #
b10100111100011 (
b1111011 ""
b10100011000001010 &
#1270000
03
05
19
1"
06
18
17
12
11
b1011 -
b1011 [
b1100 ,
b1100 e
b100 +
b100 o
b10110 p
b101 *
b101 y
b101101111011001 !
b101101111011001 0
b1001 =
b1101 /
b1101 G
b1110 .
b1110 Q
b11 R
b11000 \
b11111 f
b10111 z
b101 <
b1001 E
b1001 O
b1100 Y
b1100 c
b1011 m
b1011 w
b100 ;
b100 D
b100 N
b1111 X
b1111 b
b1001 l
b1001 v
b1000 >
0%
b1011110010010101 $
b1011110010010101 )
b1001111101000100 #
b1001111101000100 (
b1111100 ""
b110110100000001 &
#1280000
07
15
09
14
13
08
0"
16
02
01
b11000 H
b11 /
b11 G
b100 .
b100 Q
b11111 R
b1101 -
b1101 [
b0 \
b11 f
b1110 ,
b1110 e
b1000 +
b1000 o
b1110 p
b1001 *
b1001 y
b1111 z
b1000111001000000 !
b1000111001000000 0
b0 =
b10 <
b101 E
b101 O
b101 Y
b101 c
b1 m
b1 w
b1101 ;
b1110 D
b1110 N
b1000 X
b1000 b
b111 l
b111 v
b11111 >
1%
b1010101010010 $
b1010101010010 )
b111100011101101 #
b111100011101101 (
b1111101 ""
b10101101111011001 &
#1290000
05
03
04
1"
b111101111100000 !
b111101111100000 0
12
11
b111 +
b111 o
b1000 *
b1000 y
b1101 /
b1101 G
b0 H
b11 R
b1110 .
b1110 Q
b1000 \
b1011 -
b1011 [
b1111 f
b1100 ,
b1100 e
b10000 p
b11111 z
b100 Y
b100 c
b1100 m
b1100 w
b1000 D
b1000 N
b111 X
b111 b
b1011 l
b1011 v
b1100010001010010 $
b1100010001010010 )
b1011011110001101 #
b1011011110001101 (
b1111110 ""
b1000111001000000 &
#1300000
09
08
17
b1100 /
b1100 G
b1101 .
b1101 Q
b1 R
b1000 +
b1000 o
b11110 p
b1001 *
b1001 y
b1000111111010011 !
b1000111111010011 0
b11 =
b11001 >
b1111 -
b1111 [
b0 \
b0 ,
b0 e
b11111 f
b1100 <
b1000 E
b1000 O
b10 Y
b10 c
b1001 m
b1001 w
b110 ;
b100 D
b100 N
b1101 X
b1101 b
b1111 l
b1111 v
b1001001010001100 $
b1001001010001100 )
b1111110101000110 #
b1111110101000110 (
b1111111 ""
b10111101111100000 &
#1310000
16
07
b10 \
b10 +
b10 o
b11001 z
b11 *
b11 y
b10001010000010 !
b10001010000010 0
b10 =
b11111 >
b111 /
b111 G
b1000 .
b1000 Q
b1111 R
b10 -
b10 [
b11 ,
b11 e
b11 f
b11000 p
b1010 <
b110 E
b110 O
b1 Y
b1 c
b110 m
b110 w
b111 ;
b1 D
b1 N
b1 X
b1 b
b1100 l
b1100 v
b110000101101010 $
b110000101101010 )
b1100000100010111 #
b1100000100010111 (
b10000000 ""
b11000111111010011 &
#1320000
14
0"
02
01
19
15
18
17
13
b11111 f
b1100110000100110 !
b1100110000100110 0
b110 =
b11100 H
b1 /
b1 G
b10 .
b10 Q
b11111 R
b1011 -
b1011 [
b11000 \
b1100 ,
b1100 e
b1011 +
b1011 o
b0 p
b1100 *
b1100 y
b111 z
b1100 <
b111 E
b111 O
b1111 Y
b1111 c
b0 m
b0 w
b1010 ;
b1010 D
b1010 N
b1100 X
b1100 b
b1011 l
b1011 v
b10000 >
0%
b111101111100 $
b111101111100 )
b1011110010101010 #
b1011110010101010 (
b10000001 ""
b10010001010000010 &
#1330000
09
07
08
b10100 >
b1010111001000101 !
b1010111001000101 0
b101 =
b10000 H
b11 /
b11 G
b10111 R
b100 .
b100 Q
b0 \
b1101 -
b1101 [
b11 f
b1110 ,
b1110 e
b1000 p
b1010 +
b1010 o
b1001 z
b1011 *
b1011 y
b1011 <
b1000 E
b1000 O
b0 Y
b0 c
b110 m
b110 w
b1011 D
b1011 N
b1101 X
b1101 b
b100 l
b100 v
b110000010001011 $
b110000010001011 )
b100110110111010 #
b100110110111010 (
b10000010 ""
b1100110000100110 &
#1340000
19
18
17
b1 -
b1 [
0"
05
b10 ,
b10 e
02
01
06
04
03
b101 /
b101 G
b110 .
b110 Q
b11100 \
b1010000101010111 !
b1010000101010111 0
b111 =
b0 >
b100 H
b111 R
b11111 f
b1001 +
b1001 o
b0 p
b1010 *
b1010 y
b11 z
b10 <
b11 E
b11 O
b11 Y
b11 c
b1000 m
b1000 w
b101 ;
b10 D
b10 N
b1110 X
b1110 b
b1 l
b1 v
b1000001100110010 $
b1000001100110010 )
b1111000100101 #
b1111000100101 (
b10000011 ""
b1010111001000101 &
#1350000
09
1"
07
12
08
11
b1100 -
b1100 [
b1101 ,
b1101 e
b1 f
b11110 p
b10110001011101 !
b10110001011101 0
b1101 =
b101 /
b101 G
b0 H
b110 .
b110 Q
b11 R
b0 \
b10 +
b10 o
b11111 z
b11 *
b11 y
b100 <
b1 E
b1 O
b0 Y
b0 c
b1011 m
b1011 w
b1001 ;
b100 D
b100 N
b1100 X
b1100 b
b111 l
b111 v
b1011000000010100 $
b1011000000010100 )
b111110001001001 #
b111110001001001 (
b10000100 ""
b1010000101010111 &
#1360000
0"
16
02
01
b1001 /
b1001 G
b1000 H
b1010 .
b1010 Q
b1011 R
b11 -
b11 [
b111 f
b100 ,
b100 e
b11 +
b11 o
b0 p
b100 *
b100 y
b111 z
b11001110101000 !
b11001110101000 0
b1000 =
b1100 <
b101 E
b101 O
b11 m
b11 w
b1011 ;
b11 X
b11 b
b0 l
b0 v
b11111 >
1%
b11000001011100 $
b11000001011100 )
b1101001011 #
b1101001011 (
b10000101 ""
b10010110001011101 &
#1370000
12
06
18
1"
11
19
17
05
04
03
b11100 \
b11111 z
b1011 /
b1011 G
b0 H
b1100 .
b1100 Q
b111 R
b1 -
b1 [
b10 ,
b10 e
b11111 f
b11110 p
b0 +
b0 o
b1 *
b1 y
b1000110111111 !
b1000110111111 0
b1111 =
b1001 <
b11 E
b11 O
b1010 Y
b1010 c
b111 m
b111 w
b110 ;
b1000 D
b1000 N
b111 X
b111 b
b1001 l
b1001 v
b0 >
0%
b111101000111001 $
b111101000111001 )
b1001011110000110 #
b1001011110000110 (
b10000110 ""
b11001110101000 &
#1380000
13
09
08
07
b101 -
b101 [
b110 ,
b110 e
b11 f
b11010111111101 !
b11010111111101 0
b1101 =
b1111 /
b1111 G
b0 .
b0 Q
b11111 R
b0 \
b11000 p
b11 +
b11 o
b100 *
b100 y
b1100 <
b10 E
b10 O
b0 Y
b0 c
b101 m
b101 w
b0 ;
b1101 D
b1101 N
b101 X
b101 b
b1110 l
b1110 v
b1 >
1%
b101000000101100 $
b101000000101100 )
b1110010111010000 #
b1110010111010000 (
b10000111 ""
b10001000110111111 &
#1390000
16
0"
02
03
b1111011101110010 !
b1111011101110010 0
b10 =
b11111 >
b110 /
b110 G
b111 .
b111 Q
b1 R
b111 -
b111 [
b1000 ,
b1000 e
b1111 f
b1111 +
b1111 o
b0 p
b0 *
b0 y
b1010 <
b110 E
b110 O
b100 m
b100 w
b111 ;
b0 D
b0 N
b111 X
b111 b
b1011 l
b1011 v
b100000001101010 $
b100000001101010 )
b1011011100000111 #
b1011011100000111 (
b10001000 ""
b10011010111111101 &
#1400000
15
14
13
19
1"
18
12
17
b1101 -
b1101 [
b11100 \
b1110 ,
b1110 e
b1000 +
b1000 o
b11110 p
b1001 *
b1001 y
b10111 >
b1001111000110100 !
b1001111000110100 0
b100 =
b11000 H
b10 /
b10 G
b11001 R
b11 .
b11 Q
b11111 f
b1011 <
b100 E
b100 O
b1110 Y
b1110 c
b1001 m
b1001 w
b1000 ;
b1110 D
b1110 N
b1111 X
b1111 b
b1111 l
b1111 v
b1001111001001011 $
b1001111001001011 )
b1111111111101000 #
b1111111111101000 (
b10001001 ""
b1111011101110010 &
#1410000
19
18
15
14
13
0"
16
02
01
b0 /
b0 G
b11100 H
b1 .
b1 Q
b11101 R
b11110 \
b110000100010000 !
b110000100010000 0
b0 =
b11111 >
b0 -
b0 [
b1 ,
b1 e
b101 +
b101 o
b0 p
b110 *
b110 y
b11 z
b11 <
b10 E
b10 O
b101 Y
b101 c
b0 m
b0 w
b1100 ;
b1011 X
b1011 b
b101 l
b101 v
b10100100011 $
b10100100011 )
b101101111101100 #
b101101111101100 (
b10001010 ""
b11001111000110100 &
#1420000
15
04
13
09
08
07
b110101000000010 !
b110101000000010 0
b10 =
b1111 /
b1111 G
b0 H
b0 .
b0 Q
b11111 R
b1001 -
b1001 [
b1000 \
b1010 ,
b1010 e
b1011 f
b110 +
b110 o
b111 *
b111 y
b1 z
b1001 <
b11 E
b11 O
b100 Y
b100 c
b1001 ;
b1100 D
b1100 N
b101 X
b101 b
b110 l
b110 v
b10010 >
0%
b10000111001 $
b10000111001 )
b110010111001001 #
b110010111001001 (
b10001011 ""
b110000100010000 &
#1430000
14
15
06
b111101000111100 !
b111101000111100 0
b1100 =
b11 /
b11 G
b11000 H
b100 .
b100 Q
b111 +
b111 o
b1000 *
b1000 y
b1111 z
b111 <
b110 E
b110 O
b101 Y
b101 c
b110 m
b110 w
b100 ;
b1101 D
b1101 N
b100 X
b100 b
b1 l
b1 v
b1111 >
1%
b110010101100111 $
b110010101100111 )
b1010011010100 #
b1010011010100 (
b10001100 ""
b110101000000010 &
#1440000
09
08
07
b101111100110011 !
b101111100110011 0
b11 =
b1 >
b11 /
b11 G
b10111 R
b100 .
b100 Q
b11 f
b111 z
b10000 H
b1110 -
b1110 [
b10 \
b1111 ,
b1111 e
b101 +
b101 o
b100 p
b110 *
b110 y
b10 <
b1000 E
b1000 O
b1001 Y
b1001 c
b11 m
b11 w
b0 ;
b1011 D
b1011 N
b101 X
b101 b
b10 l
b10 v
b11100110000010 $
b11100110000010 )
b10010110110000 #
b10010110110000 (
b10001101 ""
b111101000111100 &
#1450000
19
18
17
05
04
13
b0 H
b1101000111111001 !
b1101000111111001 0
b1001 =
b1111 /
b1111 G
b0 .
b0 Q
b11111 R
b1 -
b1 [
b11100 \
b10 ,
b10 e
b11111 f
b1100 +
b1100 o
b110 p
b1101 *
b1101 y
b0 <
b10 E
b10 O
b111 Y
b111 c
b1011 m
b1011 w
b1001 ;
b1101 D
b1101 N
b1010 X
b1010 b
b1 l
b1 v
b0 >
0%
b1011011100100000 $
b1011011100100000 )
b1101011011001 #
b1101011011001 (
b10001110 ""
b101111100110011 &
#1460000
18
15
14
b110 >
b111 /
b111 G
b10000 H
b1000 .
b1000 Q
b1101000101110110 !
b1101000101110110 0
b110 =
b0 -
b0 [
b11110 \
b1 ,
b1 e
b1100 +
b1100 o
b1100 p
b1101 *
b1101 y
b1101 z
b11 <
b1110 E
b1110 O
b1 Y
b1 c
b110 m
b110 w
b11 ;
b1001 D
b1001 N
b1111 X
b1111 b
b110 l
b110 v
b110000111100011 $
b110000111100011 )
b110111110010011 #
b110111110010011 (
b10001111 ""
b1101000111111001 &
#1470000
1"
16
14
12
11
b10011100100110 !
b10011100100110 0
b110 =
b11011 R
b110 -
b110 [
b10001 f
b111 ,
b111 e
b1 /
b1 G
b11000 H
b10 .
b10 Q
b10000 \
b1 +
b1 o
b11100 p
b10 *
b10 y
b11111 z
b1101 <
b101 E
b101 O
b1110 Y
b1110 c
b10 m
b10 w
b1000 ;
b1100 D
b1100 N
b1000 X
b1000 b
b1111 l
b1111 v
b10011 >
1%
b10111001011101 $
b10111001011101 )
b1111100011001000 #
b1111100011001000 (
b10010000 ""
b1101000101110110 &
#1480000
05
04
03
16
b1010 /
b1010 G
b1011 .
b1011 Q
b101000110110000 !
b101000110110000 0
b0 =
b11111 >
b0 H
b1 R
b1 -
b1 [
b10 ,
b10 e
b10011 f
b100 +
b100 o
b10100 p
b101 *
b101 y
b10101 z
b1011 <
b10 E
b10 O
b1000 Y
b1000 c
b1010 m
b1010 w
b100 ;
b1000 D
b1000 N
b1001 X
b1001 b
b1010 l
b1010 v
b1010100000101011 $
b1010100000101011 )
b1010100110000100 #
b1010100110000100 (
b10010001 ""
b10010011100100110 &
#1490000
09
0"
06
08
07
02
01
b10 H
b0 \
b1110001100101 !
b1110001100101 0
b101 =
b101 >
b110 /
b110 G
b11 R
b111 .
b111 Q
b1100 -
b1100 [
b1 f
b1101 ,
b1101 e
b1 +
b1 o
b0 p
b10 *
b10 y
b11 z
b10 <
b101 E
b101 O
b0 Y
b0 c
b0 m
b0 w
b10 ;
b1 D
b1 N
b1100 X
b1100 b
b1 l
b1 v
b1010010 $
b1010010 )
b1110000010010 #
b1110000010010 (
b10010010 ""
b10101000110110000 &
#1500000
19
18
17
15
06
14
13
b0 -
b0 [
b1 ,
b1 e
1"
12
11
b11100 \
b11101 f
b111 +
b111 o
b10000 p
b1000 *
b1000 y
b11111 z
b1000000100111111 !
b1000000100111111 0
b1111 =
b1 >
b11000 H
b11 /
b11 G
b11111 R
b100 .
b100 Q
b1110 <
b110 E
b110 O
b1010 Y
b1010 c
b1110 m
b1110 w
b0 ;
b1101 D
b1101 N
b110 X
b110 b
b1001 l
b1001 v
b1110101001101110 $
b1110101001101110 )
b1001011011010000 #
b1001011011010000 (
b10010011 ""
b1110001100101 &
#1510000
16
0"
09
08
07
02
b10000 H
b111 /
b111 G
b1000 .
b1000 Q
b1110 -
b1110 [
b1110 \
b1111 ,
b1111 e
b1111 +
b1111 o
b0 p
b0 *
b0 y
b1111111110000010 !
b1111111110000010 0
b10 =
b11111 >
b1111 f
b110 <
b1010 E
b1010 O
b111 Y
b111 c
b111 m
b111 w
b1011 ;
b111 X
b111 b
b1000 l
b1000 v
b111011110100110 $
b111011110100110 )
b1000011111011011 #
b1000011111011011 (
b10010100 ""
b11000000100111111 &
#1520000
06
05
b1001 ,
b1001 e
b1000 -
b1000 [
19
03
04
18
17
01
b0 /
b0 G
b0 H
b1 .
b1 Q
b1 R
b11000 \
b11001 f
b1000 p
b1011 +
b1011 o
b1100 *
b1100 y
b1111 z
b1100100000001111 !
b1100100000001111 0
b1111 =
b1111 <
b0 E
b0 O
b1100 Y
b1100 c
b100 m
b100 w
b0 ;
b0 D
b0 N
b1100 X
b1100 b
b111 l
b111 v
b0 >
0%
b100110000001111 $
b100110000001111 )
b111110000000000 #
b111110000000000 (
b10010101 ""
b1111111110000010 &
#1530000
09
08
07
16
b101 /
b101 G
b11 R
b110 .
b110 Q
b111 +
b111 o
b0 p
b1000 *
b1000 y
b0 \
b1011 -
b1011 [
b111 f
b1100 ,
b1100 e
b111101101100110 !
b111101101100110 0
b110 =
b1001 <
b101 E
b101 O
b1001 Y
b1001 c
b1 m
b1 w
b1100 ;
b10 X
b10 b
b110 l
b110 v
b10011 >
1%
b1100101011001 $
b1100101011001 )
b110001000001100 #
b110001000001100 (
b10010110 ""
b1100100000001111 &
#1540000
1"
12
15
06
14
13
11
b10000 H
b10011 R
b11100 p
b1 +
b1 o
b10 *
b10 y
b11111 z
b1010 \
b1010 -
b1010 [
b1011 ,
b1011 e
b1011 f
b1101101011111 !
b1101101011111 0
b1111 =
b0 <
b1001 E
b1001 O
b101 Y
b101 c
b1110 m
b1110 w
b1111 ;
b1100 D
b1100 N
b101 X
b101 b
b11 l
b11 v
b0 >
0%
b1110010110010000 $
b1110010110010000 )
b11010111001111 #
b11010111001111 (
b10010111 ""
b111101101100110 &
#1550000
16
19
05
b1 =
18
17
04
03
b111000111100001 !
b111000111100001 0
b1101 /
b1101 G
b1110 .
b1110 Q
b11011 f
b10000 p
b1100 H
b1111 R
b1 -
b1 [
b11000 \
b10 ,
b10 e
b110 +
b110 o
b10001 z
b111 *
b111 y
b111 <
b111 E
b111 O
b1101 Y
b1101 c
b1100 m
b1100 w
b1001 ;
b110 D
b110 N
b100 X
b100 b
b1010 l
b1010 v
b11111 >
1%
b1100110101110111 $
b1100110101110111 )
b1010010001101001 #
b1010010001101001 (
b10011000 ""
b10001101101011111 &
#1560000
15
0"
14
13
02
01
b1010011001110011 !
b1010011001110011 0
b11 =
b110 /
b110 G
b10010 H
b111 .
b111 Q
b10011 R
b10000 \
b101 -
b101 [
b10011 f
b110 ,
b110 e
b1001 +
b1001 o
b1000 p
b1010 *
b1010 y
b1011 z
b1011 <
b1001 E
b1001 O
b100 m
b100 w
b1000 ;
b1101 D
b1101 N
b1000 X
b1000 b
b101 l
b101 v
b10000 >
0%
b100110110011011 $
b100110110011011 )
b101100011011000 #
b101100011011000 (
b10011001 ""
b10111000111100001 &
#1570000
09
1"
06
08
07
12
11
b1010010001101111 !
b1010010001101111 0
b1111 =
b0 >
b11 -
b11 [
b100 ,
b100 e
b10110 H
b110 /
b110 G
b10111 R
b111 .
b111 Q
b0 \
b111 f
b1010 +
b1010 o
b11110 p
b1011 *
b1011 y
b11111 z
b111 <
b1011 E
b1011 O
b10 Y
b10 c
b1111 m
b1111 w
b1011 D
b1011 N
b1 X
b1 b
b1011 l
b1011 v
b1111001010110111 $
b1111001010110111 )
b1011000110111000 #
b1011000110111000 (
b10011010 ""
b1010011001110011 &
#1580000
0"
05
02
01
04
03
b1010 /
b1010 G
b1011 .
b1011 Q
b1010 p
b1011 z
b1110 H
b1111 R
b100 \
b1101 -
b1101 [
b1110 ,
b1110 e
b1010 +
b1010 o
b1011 *
b1011 y
b1010110110101000 !
b1010110110101000 0
b1000 =
b111 E
b111 O
b11 Y
b11 c
b101 m
b101 w
b0 ;
b11 D
b11 N
b1010 X
b1010 b
b101 l
b101 v
b1111 >
1%
b101001101110111 $
b101001101110111 )
b101101000110000 #
b101101000110000 (
b10011011 ""
b11010010001101111 &
#1590000
05
1"
04
03
12
11
b111110011011100 !
b111110011011100 0
b1100 =
b1101 /
b1101 G
b0 H
b1110 .
b1110 Q
b11 R
b1110 \
b1100 -
b1100 [
b1111 f
b1101 ,
b1101 e
b111 +
b111 o
b10000 p
b1000 *
b1000 y
b11111 z
b0 E
b0 O
b111 Y
b111 c
b1000 m
b1000 w
b100 ;
b1101 D
b1101 N
b101 X
b101 b
b1111 l
b1111 v
b1000011100000111 $
b1000011100000111 )
b1111010111010100 #
b1111010111010100 (
b10011100 ""
b1010110110101000 &
#1600000
15
19
14
13
16
18
17
b10000 H
b1000 -
b1000 [
b1001 ,
b1001 e
b11100101110101 !
b11100101110101 0
b101 =
b10111 >
b110 /
b110 G
b111 .
b111 Q
b10001 R
b11110 \
b11111 f
b10 +
b10 o
b11 *
b11 y
b10001 z
b1011 <
b1000 E
b1000 O
b1011 Y
b1011 c
b1001 ;
b1110 D
b1110 N
b1101 X
b1101 b
b1010 l
b1010 v
b1000101110001011 $
b1000101110001011 )
b1010110111101001 #
b1010110111101001 (
b10011101 ""
b10111110011011100 &
#1610000
09
08
07
0"
06
02
01
b1100111001011100 !
b1100111001011100 0
b1100 =
b111 >
b0 p
b1 z
b101 /
b101 G
b10011 R
b110 .
b110 Q
b1101 -
b1101 [
b100 \
b1110 ,
b1110 e
b111 f
b1100 +
b1100 o
b1101 *
b1101 y
b0 <
b10 Y
b10 c
b100 m
b100 w
b1011 ;
b1101 D
b1101 N
b1011 X
b1011 b
b1000 l
b1000 v
b100001010000000 $
b100001010000000 )
b1000101111011011 #
b1000101111011011 (
b10011110 ""
b10011100101110101 &
#1620000
05
19
1"
04
13
18
17
12
11
b1111 /
b1111 G
b0 H
b0 .
b0 Q
b11111 R
b10100 \
b100 -
b100 [
b101 ,
b101 e
b10101 f
b1100 +
b1100 o
b11110 p
b1101 *
b1101 y
b11111 z
b1101010011110101 !
b1101010011110101 0
b101 =
b11 E
b11 O
b1010 Y
b1010 c
b1111 m
b1111 w
b101 ;
b1100 D
b1100 N
b1010 X
b1010 b
b1101 l
b1101 v
b0 >
0%
b1111101000110000 $
b1111101000110000 )
b1101101011000101 #
b1101101011000101 (
b10011111 ""
b1100111001011100 &
#1630000
14
15
16
b11100 >
b1001010000010101 !
b1001010000010101 0
b101 =
b11101 R
b11 -
b11 [
b10000 \
b100 ,
b100 e
b10111 f
b1000 +
b1000 o
b1001 *
b1001 y
b0 /
b0 G
b11100 H
b1 .
b1 Q
b1111 <
b1010 E
b1010 O
b1001 Y
b1001 c
b1011 m
b1011 w
b110 ;
b110 D
b110 N
b1011100110101111 $
b1011100110101111 )
b1101101001100110 #
b1101101001100110 (
b10100000 ""
b11101010011110101 &
#1640000
05
04
13
06
b1011 -
b1011 [
b1100 ,
b1100 e
b0 H
b11000 \
b0 >
b101101111111110 !
b101101111111110 0
b1110 =
b1111 /
b1111 G
b0 .
b0 Q
b11111 R
b11111 f
b100 +
b100 o
b10100 p
b101 *
b101 y
b10101 z
b110 <
b0 E
b0 O
b1100 Y
b1100 c
b1010 m
b1010 w
b1000 ;
b1111 D
b1111 N
b1111 X
b1111 b
b1010 l
b1010 v
b1010110000000110 $
b1010110000000110 )
b1010111111111000 #
b1010111111111000 (
b10100001 ""
b11001010000010101 &
#1650000
15
0"
14
02
01
b10 >
b111 /
b111 G
b10000 H
b1000 .
b1000 Q
b1010 +
b1010 o
b1011 *
b1011 y
b1011010001110110 !
b1011010001110110 0
b110 =
b11 -
b11 [
b100 ,
b100 e
b1110 p
b1111 z
b101 <
b1001 E
b1001 O
b111 m
b111 w
b1 ;
b1110 D
b1110 N
b111 X
b111 b
b11 l
b11 v
b111110010010101 $
b111110010010101 )
b11011111100001 #
b11011111100001 (
b10100010 ""
b10101101111111110 &
#1660000
15
14
b11101 R
b1011 z
b1010110001000101 !
b1010110001000101 0
b101 =
b0 >
b100 /
b100 G
b11100 H
b101 .
b101 Q
b1011 -
b1011 [
b1100 ,
b1100 e
b1000 p
b1001 +
b1001 o
b1010 *
b1010 y
b1110 E
b1110 O
b1110 Y
b1110 c
b101 m
b101 w
b0 ;
b110 D
b110 N
b1101 X
b1101 b
b100 l
b100 v
b101111011100101 $
b101111011100101 )
b100110101100000 #
b100110101100000 (
b10100011 ""
b1011010001110110 &
#1670000
05
04
03
b1011010010001101 !
b1011010010001101 0
b1101 =
b1000 /
b1000 G
b1100 H
b1001 .
b1001 Q
b1101 R
b11110 \
b100 -
b100 [
b101 ,
b101 e
b1010 +
b1010 o
b1110 p
b1011 *
b1011 y
b1111 z
b1001 <
b10 E
b10 O
b111 Y
b111 c
b11 m
b11 w
b100 ;
b111 l
b111 v
b11011100101001 $
b11011100101001 )
b111110101100100 #
b111110101100100 (
b10100100 ""
b1010110001000101 &
#1680000
16
b110 +
b110 o
b111 *
b111 y
09
08
07
b10 p
b11 z
b1101 /
b1101 G
b1110 .
b1110 Q
b1111 R
b111 -
b111 [
b0 \
b1000 ,
b1000 e
b1111 f
b110011111100110 !
b110011111100110 0
b110 =
b1110 <
b110 E
b110 O
b101 Y
b101 c
b1 m
b1 w
b111 ;
b111 D
b111 N
b10 X
b10 b
b101 l
b101 v
b11111 >
1%
b1010101101110 $
b1010101101110 )
b101001001110111 #
b101001001110111 (
b10100101 ""
b1011010010001101 &
#1690000
06
09
1"
15
12
11
14
13
07
b11 >
b1000111100111110 !
b1000111100111110 0
b1110 =
b11 /
b11 G
b11000 H
b100 .
b100 Q
b11111 R
b10 \
b1110 -
b1110 [
b1111 ,
b1111 e
b11 f
b1000 +
b1000 o
b11110 p
b1001 *
b1001 y
b11111 z
b1000 <
b1101 m
b1101 w
b101 ;
b1101 D
b1101 N
b1001 X
b1001 b
b1011 l
b1011 v
b1101010101101000 $
b1101010101101000 )
b1011100111010101 #
b1011100111010101 (
b10100110 ""
b110011111100110 &
#1700000
0"
02
01
05
03
04
16
b111 f
b1010 /
b1010 G
b0 H
b1011 .
b1011 Q
b1 R
b0 \
b11 -
b11 [
b100 ,
b100 e
b0 p
b1100 +
b1100 o
b1 z
b1101 *
b1101 y
b1100001110111001 !
b1100001110111001 0
b1001 =
b1111 <
b0 E
b0 O
b11 Y
b11 c
b1100 m
b1100 w
b1010 ;
b1010 D
b1010 N
b0 X
b0 b
b0 l
b0 v
b11100 >
0%
b1100001100001111 $
b1100001100001111 )
b10101010 #
b10101010 (
b10100111 ""
b11000111100111110 &
#1710000
15
13
19
18
17
1"
12
11
b11000 \
b11000 >
b101001000001011 !
b101001000001011 0
b1011 =
b1111 /
b1111 G
b11111 R
b0 .
b0 Q
b1 -
b1 [
b11011 f
b10 ,
b10 e
b100 +
b100 o
b10110 p
b101 *
b101 y
b10111 z
b1110 <
b1000 E
b1000 O
b101 Y
b101 c
b1001 m
b1001 w
b1101 ;
b111 D
b111 N
b1100 X
b1100 b
b1011 l
b1011 v
b1001010110001110 $
b1001010110001110 )
b1011110001111101 #
b1011110001111101 (
b10101000 ""
b1100001110111001 &
#1720000
05
03
1"
12
11
b100 H
b11 -
b11 [
b100 ,
b100 e
b11111 f
b1101 /
b1101 G
b1110 .
b1110 Q
b111 R
b10 +
b10 o
b11000 p
b11 *
b11 y
b11001 z
b11001111100110 !
b11001111100110 0
b110 =
b1001 <
b1010 E
b1010 O
b110 Y
b110 c
b1110 m
b1110 w
b1100 ;
b11 D
b11 N
b1101 X
b1101 b
b100 l
b100 v
b10011 >
1%
b1110011010101001 $
b1110011010101001 )
b100110100111100 #
b100110100111100 (
b10101001 ""
b10101001000001011 &
#1730000
07
1"
15
09
12
11
04
13
08
b0 +
b0 o
b11110 p
b1 *
b1 y
b110100001011 !
b110100001011 0
b1011 =
b11111 >
b1111 /
b1111 G
b0 H
b0 .
b0 Q
b11111 R
b1100 -
b1100 [
b0 \
b1 f
b1101 ,
b1101 e
b11111 z
b1111 <
b1100 Y
b1100 c
b11 m
b11 w
b1011 ;
b101 D
b101 N
b0 X
b0 b
b1101 l
b1101 v
b11110010101111 $
b11110010101111 )
b1101000001011011 #
b1101000001011011 (
b10101010 ""
b10011001111100110 &
#1740000
05
06
03
19
0"
18
17
02
01
b111 >
b110 H
b11101011001101 !
b11101011001101 0
b1101 =
b1100 /
b1100 G
b1101 .
b1101 Q
b111 R
b1010 -
b1010 [
b11010 \
b1011 ,
b1011 e
b11011 f
b10 +
b10 o
b0 p
b11 *
b11 y
b1 z
b11 <
b1 E
b1 O
b1101 Y
b1101 c
b10 m
b10 w
b1001 ;
b1011 D
b1011 N
b1101 X
b1101 b
b0 l
b0 v
b10110100010011 $
b10110100010011 )
b110110111001 #
b110110111001 (
b10101011 ""
b10000110100001011 &
#1750000
09
08
07
b1000 H
b1011 /
b1011 G
b1111 R
b1100 .
b1100 Q
b1000 -
b1000 [
b1110 \
b1001 ,
b1001 e
b1111 f
b110 +
b110 o
b111 *
b111 y
b110100010110110 !
b110100010110110 0
b110 =
b1 <
b101 E
b101 O
b111 Y
b111 c
b101 ;
b110 D
b110 N
b1 X
b1 b
b100 l
b100 v
b10 >
0%
b10011101010001 $
b10011101010001 )
b100000101100101 #
b100000101100101 (
b10101100 ""
b11101011001101 &
#1760000
09
05
16
08
07
04
03
b10000 >
b1000 -
b1000 [
b1001 ,
b1001 e
b1 f
b1100011010011 !
b1100011010011 0
b11 =
b1100 /
b1100 G
b110 H
b1101 .
b1101 Q
b111 R
b0 \
b1 +
b1 o
b11 z
b10 *
b10 y
b1010 <
b11 E
b11 O
b1000 Y
b1000 c
b0 m
b0 w
b1001 ;
b1001 D
b1001 N
b0 X
b0 b
b1 l
b1 v
b100000111010 $
b100000111010 )
b1000010011001 #
b1000010011001 (
b10101101 ""
b110100010110110 &
#1770000
19
18
17
15
14
13
06
b111001001000111 !
b111001001000111 0
b111 =
b11100 \
b100 /
b100 G
b11100 H
b101 .
b101 Q
b11101 R
b1 -
b1 [
b11111 f
b10 ,
b10 e
b110 +
b110 o
b111 *
b111 y
b1 z
b100 <
b1110 E
b1110 O
b1010 Y
b1010 c
b110 m
b110 w
b10 ;
b110 D
b110 N
b111 X
b111 b
b0 l
b0 v
b1 >
1%
b110101011100100 $
b110101011100100 )
b11101100010 #
b11101100010 (
b10101110 ""
b1100011010011 &
#1780000
05
16
04
03
b1100 /
b1100 G
b1110 H
b1101 .
b1101 Q
b10011 >
b1010001111010111 !
b1010001111010111 0
b111 =
b1111 R
b11 -
b11 [
b11000 \
b100 ,
b100 e
b1001 +
b1001 o
b1000 p
b1010 *
b1010 y
b1011 z
b1001 <
b101 E
b101 O
b1111 Y
b1111 c
b101 m
b101 w
b1101 ;
b111 D
b111 N
b100 X
b100 b
b100 l
b100 v
b101111101011001 $
b101111101011001 )
b100010001111101 #
b100010001111101 (
b10101111 ""
b111001001000111 &
#1790000
09
07
08
b1011 .
b1011 Q
b1100 ,
b1100 e
b1010 /
b1010 G
15
b1011 -
b1011 [
14
13
b111 f
b0 p
b11000 H
b11001 R
b0 \
b110 +
b110 o
b111 *
b111 y
b1 z
b110110010110110 !
b110110010110110 0
b110 =
b1100 E
b1100 O
b0 Y
b0 c
b0 m
b0 w
b1110 D
b1110 N
b1011 X
b1011 b
b110 l
b110 v
b10010 >
0%
b11001001 $
b11001001 )
b110101111101101 #
b110101111101101 (
b10110000 ""
b1010001111010111 &
#1800000
09
07
b1010 =
b1110111010001010 !
b1110111010001010 0
b10 p
b11110 >
b111 /
b111 G
b10000 H
b1000 .
b1000 Q
b11111 R
b1101 -
b1101 [
b1110 ,
b1110 e
b11 f
b1110 +
b1110 o
b11 z
b1111 *
b1111 y
b1011 <
b1101 E
b1101 O
b1100 Y
b1100 c
b1 m
b1 w
b1111 ;
b1010 D
b1010 N
b1 X
b1 b
b1101 l
b1101 v
b1110011011011 $
b1110011011011 )
b1101000110101111 #
b1101000110101111 (
b10110001 ""
b110110010110110 &
#1810000
19
18
17
05
1"
06
03
12
11
04
b1111 R
b110 +
b110 o
b10010 p
b111 *
b111 y
b10011 z
b0 >
b111001101110110 !
b111001101110110 0
b110 =
b0 H
b11 -
b11 [
b11000 \
b100 ,
b100 e
b11111 f
b110 <
b0 E
b0 O
b100 Y
b100 c
b1101 m
b1101 w
b0 ;
b111 D
b111 N
b1111 X
b1111 b
b1001 l
b1001 v
b1101010000000110 $
b1101010000000110 )
b1001111101110000 #
b1001111101110000 (
b10110010 ""
b1110111010001010 &
#1820000
14
15
b1000 =
1"
16
13
12
b1110000101000 !
b1110000101000 0
11
b11100 H
b1011 -
b1011 [
b1100 ,
b1100 e
b1 /
b1 G
b10 .
b10 Q
b11111 R
b0 +
b0 o
b11110 p
b1 *
b1 y
b11111 z
b1010 <
b110 E
b110 O
b1110 Y
b1110 c
b1101 ;
b1011 D
b1011 N
b1101 X
b1101 b
b11 l
b11 v
b11111 >
1%
b1101111001101010 $
b1101111001101010 )
b11110110111101 #
b11110110111101 (
b10110011 ""
b10111001101110110 &
#1830000
06
05
04
03
b1100 /
b1100 G
b1110 H
b1101 .
b1101 Q
b1111 R
b10 -
b10 [
b11 ,
b11 e
b11001 f
b100 +
b100 o
b101 *
b101 y
b101001011001011 !
b101001011001011 0
b1011 =
b1011 <
b111 E
b111 O
b100 Y
b100 c
b1111 m
b1111 w
b0 ;
b101 D
b101 N
b1110 X
b1110 b
b101 l
b101 v
b0 >
0%
b1111010001111011 $
b1111010001111011 )
b101111001010000 #
b101111001010000 (
b10110100 ""
b10001110000101000 &
#1840000
09
08
07
15
14
13
b111001101110 !
b111001101110 0
b1110 =
b11110 H
b11111 R
b0 \
b11 f
b10001 z
b110 /
b110 G
b111 .
b111 Q
b1101 -
b1101 [
b1110 ,
b1110 e
b10000 p
b0 +
b0 o
b1 *
b1 y
b110 <
b1111 E
b1111 O
b1001 Y
b1001 c
b1000 m
b1000 w
b1000 ;
b111 D
b111 N
b100 X
b100 b
b1000 l
b1000 v
b1000100111110110 $
b1000100111110110 )
b1000010001111000 #
b1000010001111000 (
b10110101 ""
b10101001011001011 &
#1850000
05
19
04
03
18
17
b1111 R
b1100 H
b1001 /
b1001 G
b1010 .
b1010 Q
b110 -
b110 [
b10110 \
b111 ,
b111 e
b10111 f
b11 +
b11 o
b100 *
b100 y
b10111 z
b100011010011101 !
b100011010011101 0
b1101 =
b1001 <
b111 E
b111 O
b1011 Y
b1011 c
b1010 m
b1010 w
b11 ;
b10 D
b10 N
b1011 X
b1011 b
b1001 l
b1001 v
b111 >
1%
b1010101101111001 $
b1010101101111001 )
b1001101100100011 #
b1001101100100011 (
b10110110 ""
b10000111001101110 &
#1860000
05
19
1"
16
04
03
18
17
12
11
b11010011001001 !
b11010011001001 0
b1001 =
b1011 /
b1011 G
b0 H
b1100 .
b1100 Q
b111 R
b100 -
b100 [
b11100 \
b101 ,
b101 e
b11101 f
b10 +
b10 o
b11000 p
b11 *
b11 y
b11001 z
b1110 <
b0 E
b0 O
b1110 Y
b1110 c
b1110 m
b1110 w
b1011 ;
b1011 D
b1011 N
b110 X
b110 b
b100 l
b100 v
b11100 >
0%
b1110111000001110 $
b1110111000001110 )
b100011010111011 #
b100011010111011 (
b10110111 ""
b10100011010011101 &
#1870000
05
09
0"
03
08
07
02
01
b0 \
b1001 +
b1001 o
b1010 *
b1010 y
b1001101111011011 !
b1001101111011011 0
b1011 =
b1100 /
b1100 G
b1101 .
b1101 Q
b1 R
b1011 -
b1011 [
b1100 ,
b1100 e
b111 f
b0 p
b11 z
b1100 E
b1100 O
b1000 Y
b1000 c
b1001 m
b1001 w
b1100 ;
b0 D
b0 N
b11 X
b11 b
b0 l
b0 v
b11001 >
1%
b1001100011001110 $
b1001100011001110 )
b1100001100 #
b1100001100 (
b10111000 ""
b10011010011001001 &
#1880000
15
14
13
1"
12
11
19
18
17
b11110 H
b0 /
b0 G
b1 .
b1 Q
b11 +
b11 o
b11000 p
b100 *
b100 y
b11111 z
b11111 R
b1011 -
b1011 [
b11000 \
b1100 ,
b1100 e
b11111 f
b100110000010010 !
b100110000010010 0
b10 =
b1001 <
b1011 E
b1011 O
b1111 Y
b1111 c
b110 m
b110 w
b1001 ;
b101 D
b101 N
b1100 X
b1100 b
b1101 l
b1101 v
b10010 >
0%
b110111110111001 $
b110111110111001 )
b1101110001011001 #
b1101110001011001 (
b10111001 ""
b1001101111011011 &
#1890000
18
b1010 =
06
b1010001001101010 !
b1010001001101010 0
b110 /
b110 G
b111 .
b111 Q
b1 -
b1 [
b11100 \
b10 ,
b10 e
b1001 +
b1001 o
b11100 p
b1010 *
b1010 y
b101 <
b111 E
b111 O
b10 Y
b10 c
b1110 m
b1110 w
b100 ;
b1111 D
b1111 N
b1111 X
b1111 b
b1011 l
b1011 v
b1011 >
1%
b1110001001110101 $
b1110001001110101 )
b1011111111110100 #
b1011111111110100 (
b10111010 ""
b10100110000010010 &
#1900000
1"
12
09
08
07
05
06
04
03
b11110 p
b11 /
b11 G
b0 H
b100 .
b100 Q
b111 R
b1101 -
b1101 [
b100 \
b1110 ,
b1110 e
b111 f
b0 +
b0 o
b1 *
b1 y
b110100111011 !
b110100111011 0
b1011 =
b10 <
b0 E
b0 O
b11 Y
b11 c
b1001 m
b1001 w
b1001 ;
b11 D
b11 N
b1010 X
b1010 b
b111 l
b111 v
b0 >
0%
b1001001100000010 $
b1001001100000010 )
b111101000111001 #
b111101000111001 (
b10111011 ""
b11010001001101010 &
#1910000
16
b11000 p
b11 +
b11 o
b100 *
b100 y
b100 /
b100 G
b101 .
b101 Q
b1 R
b1100 -
b1100 [
b110 \
b1101 ,
b1101 e
b11110001010100 !
b11110001010100 0
b100 =
b1110 <
b100 E
b100 O
b100 m
b100 w
b101 ;
b0 D
b0 N
b1001 X
b1001 b
b1111 l
b1111 v
b11111 >
1%
b100001101001110 $
b100001101001110 )
b1111100100000101 #
b1111100100000101 (
b10111100 ""
b10000110100111011 &
#1920000
1"
12
b0 \
b0 +
b0 o
b11110 p
b1 *
b1 y
b10001 >
b1111000001 !
b1111000001 0
b1 =
b1011 /
b1011 G
b111 R
b1100 .
b1100 Q
b11 -
b11 [
b100 ,
b100 e
b1000 <
b0 E
b0 O
b10 Y
b10 c
b1011 m
b1011 w
b1000 ;
b1011 D
b1011 N
b1 X
b1 b
b101 l
b101 v
b1011001000001000 $
b1011001000001000 )
b101000110111000 #
b101000110111000 (
b10111101 ""
b10011110001010100 &
#1930000
0"
19
17
02
01
15
14
13
b11100 H
b11111 >
b1100000010011000 !
b1100000010011000 0
b1000 =
b1000 /
b1000 G
b1001 .
b1001 Q
b11101 R
b1111 -
b1111 [
b11111 f
b0 ,
b0 e
b1011 +
b1011 o
b0 p
b1100 *
b1100 y
b111 z
b1110 E
b1110 O
b1 Y
b1 c
b11 m
b11 w
b1111 ;
b1010 D
b1010 N
b1110 X
b1110 b
b1000 l
b1000 v
b11000111101000 $
b11000111101000 )
b1000111010101111 #
b1000111010101111 (
b10111110 ""
b10000001111000001 &
#1940000
09
07
1"
12
11
b11000 H
b11 +
b11 o
b10000 p
b100 *
b100 y
b10111 z
b11011 >
b11110001000010 !
b11110001000010 0
b10 =
b11 /
b11 G
b11111 R
b100 .
b100 Q
b1011 -
b1011 [
b1100 ,
b1100 e
b111 f
b1100 <
b100 E
b100 O
b0 Y
b0 c
b1001 m
b1001 w
b101 ;
b1111 D
b1111 N
b1011 X
b1011 b
b1010 l
b1010 v
b1001000001001100 $
b1001000001001100 )
b1010101111110101 #
b1010101111110101 (
b10111111 ""
b1100000010011000 &
#1950000
0"
05
06
02
01
04
03
b1100 \
b1010 +
b1010 o
b0 p
b1011 *
b1011 y
b1 z
b110 /
b110 G
b0 H
b111 .
b111 Q
b1 R
b1001 -
b1001 [
b1111 f
b1010 ,
b1010 e
b1010100101100101 !
b1010100101100101 0
b101 =
b101 <
b10 E
b10 O
b11 Y
b11 c
b0 m
b0 w
b0 ;
b100 D
b100 N
b110 X
b110 b
b0 >
0%
b1100100101 $
b1100100101 )
b1010011001000000 #
b1010011001000000 (
b11000000 ""
b10011110001000010 &
#1960000
1"
12
11
09
08
07
b100110011101 !
b100110011101 0
b1101 =
b11110 p
b0 +
b0 o
b1 *
b1 y
b1001 /
b1001 G
b1100 H
b1010 .
b1010 Q
b1111 R
b1001 -
b1001 [
b0 \
b1010 ,
b1010 e
b11 f
b11111 z
b1101 <
b1001 Y
b1001 c
b1111 m
b1111 w
b111 D
b111 N
b0 X
b0 b
b1 l
b1 v
b1111100100101101 $
b1111100100101101 )
b1000001110000 #
b1000001110000 (
b11000001 ""
b1010100101100101 &
#1970000
0"
05
02
01
b101100111101101 !
b101100111101101 0
04
03
b101 +
b101 o
b0 p
b110 *
b110 y
b11 z
b1110 /
b1110 G
b110 H
b1111 .
b1111 Q
b111 R
b0 <
b11 E
b11 O
b1000 Y
b1000 c
b0 m
b0 w
b1100 ;
b1011 D
b1011 N
b1 X
b1 b
b101 l
b101 v
b1 >
1%
b100000110000 $
b100000110000 )
b101000110111100 #
b101000110111100 (
b11000010 ""
b10000100110011101 &
#1980000
05
04
13
19
18
17
b11 >
b1100 p
b1101001111110010 !
b1101001111110010 0
b10 =
b1111 /
b1111 G
b0 H
b0 .
b0 Q
b11111 R
b11 -
b11 [
b10000 \
b100 ,
b100 e
b10111 f
b1100 +
b1100 o
b1101 *
b1101 y
b1101 z
b1 <
b1010 E
b1010 O
b1010 Y
b1010 c
b110 m
b110 w
b0 ;
b101 D
b101 N
b1001 X
b1001 b
b110 l
b110 v
b110101010100001 $
b110101010100001 )
b110100101010000 #
b110100101010000 (
b11000011 ""
b101100111101101 &
#1990000
b1010 =
0"
15
02
01
14
b1101111011101010 !
b1101111011101010 0
b1100 +
b1100 o
b100 p
b1101 *
b1101 y
b101 z
b1110 /
b1110 G
b11110 H
b1111 .
b1111 Q
b1101 -
b1101 [
b11100 \
b1110 ,
b1110 e
b11111 f
b101 <
b1111 E
b1111 O
b1111 Y
b1111 c
b1010 m
b1010 w
b101 ;
b1111 D
b1111 N
b1110 X
b1110 b
b10 l
b10 v
b1010 >
0%
b1010111111110101 $
b1010111111110101 )
b10111011110101 #
b10111011110101 (
b11000100 ""
b1101001111110010 &
#2000000
05
04
09
06
08
07
b0 H
b1100 \
b1101 f
b1111 /
b1111 G
b0 .
b0 Q
b1000 -
b1000 [
b1001 ,
b1001 e
b1011 +
b1011 o
b0 p
b1100 *
b1100 y
b111 z
b1011100011111111 !
b1011100011111111 0
b1111 =
b1010 <
b110 E
b110 O
b110 Y
b110 c
b100 ;
b1001 D
b1001 N
b10 X
b10 b
b1 l
b1 v
b1 >
1%
b1010011001101010 $
b1010011001101010 )
b1001010010100 #
b1001010010100 (
b11000101 ""
b1101111011101010 &
#2010000
15
b100 -
b100 [
19
b101 ,
b101 e
14
16
18
17
b100 /
b100 G
b10110 H
b10111 R
b101 .
b101 Q
b1001 +
b1001 o
b1010 *
b1010 y
b11 z
b10000 \
b10001 f
b1010010101010110 !
b1010010101010110 0
b110 =
b1110 <
b1001 E
b1001 O
b1100 Y
b1100 c
b1001 m
b1001 w
b1000 ;
b1011 D
b1011 N
b1000 X
b1000 b
b0 l
b0 v
b10000 >
0%
b1001110010011110 $
b1001110010011110 )
b100010111000 #
b100010111000 (
b11000110 ""
b1011100011111111 &
#2020000
09
05
08
17
06
04
03
b0 \
b110 +
b110 o
b1 z
b111 *
b111 y
b110111101001101 !
b110111101001101 0
b1101 =
b1100 >
b100 /
b100 G
b0 H
b101 .
b101 Q
b1 R
b1111 -
b1111 [
b11111 f
b0 ,
b0 e
b111 <
b0 E
b0 O
b100 Y
b100 c
b110 m
b110 w
b110 ;
b100 D
b100 N
b1011 X
b1011 b
b110010000000111 $
b110010000000111 )
b101101000110 #
b101101000110 (
b11000111 ""
b1010010101010110 &
#2030000
19
15
14
13
1"
12
11
b11110 H
b0 /
b0 G
b1 .
b1 Q
b101000000001101 !
b101000000001101 0
b1101 =
b11111 R
b100 +
b100 o
b11110 p
b101 *
b101 y
b11111 z
b1011 E
b1011 O
b1011 Y
b1011 c
b1101 m
b1101 w
b101 ;
b101 D
b101 N
b100 X
b100 b
b111 l
b111 v
b1111 >
1%
b1101101110110111 $
b1101101110110111 )
b111010001010101 #
b111010001010101 (
b11001000 ""
b110111101001101 &
#2040000
0"
01
02
09
07
05
06
04
03
b1111 R
b1 z
b1011 /
b1011 G
b1000 H
b1100 .
b1100 Q
b1010 -
b1010 [
b1011 ,
b1011 e
b1 f
b0 p
b1110 +
b1110 o
b1111 *
b1111 y
b1110101010111100 !
b1110101010111100 0
b1100 =
b1001 <
b101 E
b101 O
b0 Y
b0 c
b1110 m
b1110 w
b11 ;
b110 D
b110 N
b1010 X
b1010 b
b0 l
b0 v
b110 >
0%
b1110000001011001 $
b1110000001011001 )
b101001100011 #
b101001100011 (
b11001001 ""
b10101000000001101 &
#2050000
1"
12
11
16
b111 /
b111 G
b0 H
b1000 .
b1000 Q
b1000 \
b1001 f
b101101010000110 !
b101101010000110 0
b110 =
b10000 >
b1010 -
b1010 [
b1011 ,
b1011 e
b101 +
b101 o
b11100 p
b110 *
b110 y
b11111 z
b1110 <
b1 E
b1 O
b100 Y
b100 c
b1000 ;
b110 X
b110 b
b111 l
b111 v
b1110010000011110 $
b1110010000011110 )
b111011001101000 #
b111011001101000 (
b11001010 ""
b1110101010111100 &
#2060000
b1010 \
b10000 p
b10 H
b110 /
b110 G
b111 .
b111 Q
b11 R
b1010 -
b1010 [
b1011 f
b1011 ,
b1011 e
b10 +
b10 o
b10001 z
b11 *
b11 y
b10101001110111 !
b10101001110111 0
b111 =
b1100 <
b101 Y
b101 c
b1000 m
b1000 w
b1010 ;
b101 D
b101 N
b101 X
b101 b
b1010 l
b1010 v
b10001 >
1%
b1000010100011100 $
b1000010100011100 )
b1010010101011010 #
b1010010101011010 (
b11001011 ""
b10101101010000110 &
#2070000
15
19
0"
06
14
13
18
17
02
01
b1111100101111100 !
b1111100101111100 0
b1100 =
b111 >
b111 /
b111 G
b10000 H
b1000 .
b1000 Q
b11111 R
b1000 -
b1000 [
b11110 \
b1001 ,
b1001 e
b11111 f
b1110 +
b1110 o
b10 p
b1111 *
b1111 y
b11 z
b0 <
b1101 E
b1101 O
b1001 Y
b1001 c
b1101 m
b1101 w
b1011 ;
b1010 D
b1010 N
b1111 X
b1111 b
b1 l
b1 v
b1101100111010000 $
b1101100111010000 )
b1111110101011 #
b1111110101011 (
b11001100 ""
b10010101001110111 &
#2080000
0"
02
01
06
15
14
b1111011000011110 !
b1111011000011110 0
b1110 =
b11 >
b1 /
b1 G
b11000 H
b11011 R
b10 .
b10 Q
b101 -
b101 [
b10000 \
b110 ,
b110 e
b10011 f
b1110 +
b1110 o
b0 p
b1111 *
b1111 y
b1 z
b101 <
b100 E
b100 O
b1000 Y
b1000 c
b1000 m
b1000 w
b1000 ;
b1101 D
b1101 N
b1101 X
b1101 b
b110 l
b110 v
b1000100001000101 $
b1000100001000101 )
b110110111011000 #
b110110111011000 (
b11001101 ""
b1111100101111100 &
#2090000
09
16
08
07
b111 z
b1011010110001000 !
b1011010110001000 0
b1000 =
b11111 >
b111 /
b111 G
b10000 H
b1000 .
b1000 Q
b11111 R
b100 -
b100 [
b110 \
b101 ,
b101 e
b111 f
b1011 +
b1011 o
b1100 *
b1100 y
b1100 <
b1111 E
b1111 O
b1 Y
b1 c
b1001 m
b1001 w
b1011 ;
b1000 D
b1000 N
b11 X
b11 b
b10 l
b10 v
b1001000111111100 $
b1001000111111100 )
b10001110001011 #
b10001110001011 (
b11001110 ""
b1111011000011110 &
#2100000
06
05
03
19
04
18
17
b1011 /
b1011 G
b0 H
b111 R
b1100 .
b1100 Q
b11111 f
b11 >
b1001011110111110 !
b1001011110111110 0
b1110 =
b111 -
b111 [
b10000 \
b1000 ,
b1000 e
b1000 +
b1000 o
b1001 *
b1001 y
b1 z
b1001 <
b1 E
b1 O
b1101 Y
b1101 c
b1000 m
b1000 w
b100 ;
b1010 D
b1010 N
b1010 X
b1010 b
b0 l
b0 v
b1000110100011001 $
b1000110100011001 )
b101010100100 #
b101010100100 (
b11001111 ""
b1011010110001000 &
#2110000
07
15
14
16
13
09
1"
08
12
11
b11111 R
b1110 -
b1110 [
b0 \
b1 f
b1111 ,
b1111 e
b10 /
b10 G
b11110 H
b11 .
b11 Q
b100 +
b100 o
b10000 p
b101 *
b101 y
b10001 z
b100111100110001 !
b100111100110001 0
b1 =
b11 <
b1111 E
b1111 O
b0 Y
b0 c
b1100 m
b1100 w
b1110 ;
b11 D
b11 N
b1110 X
b1110 b
b1000 l
b1000 v
b11100 >
0%
b1100000011110011 $
b1100000011110011 )
b1000111000111110 #
b1000111000111110 (
b11010000 ""
b1001011110111110 &
#2120000
0"
02
01
b1010111100100001 !
b1010111100100001 0
b1 =
b11011 R
b110 \
b11000 H
b1 /
b1 G
b10 .
b10 Q
b1110 -
b1110 [
b111 f
b1111 ,
b1111 e
b1010 +
b1010 o
b1000 p
b1011 *
b1011 y
b1001 z
b1100 <
b101 E
b101 O
b11 Y
b11 c
b100 m
b100 w
b100 ;
b1100 D
b1100 N
b1011 X
b1011 b
b110 l
b110 v
b11001 >
1%
b100001101011100 $
b100001101011100 )
b110101111000100 #
b110101111000100 (
b11010001 ""
b10100111100110001 &
#2130000
05
04
03
b11 f
b10 p
b1010 /
b1010 G
b10 H
b1011 .
b1011 Q
b11 R
b1001 -
b1001 [
b0 \
b1010 ,
b1010 e
b110 +
b110 o
b11 z
b111 *
b111 y
b110100110110010 !
b110100110110010 0
b10 =
b1000 <
b1 E
b1 O
b1001 Y
b1001 c
b1 m
b1 w
b1010 ;
b1001 D
b1001 N
b0 X
b0 b
b101 l
b101 v
b10000 >
0%
b1100100011000 $
b1100100011000 )
b101000010011010 #
b101000010011010 (
b11010010 ""
b1010111100100001 &
#2140000
b111 f
b0 p
b1011 /
b1011 G
b0 H
b1100 .
b1100 Q
b111 R
b100 -
b100 [
b110 \
b101 ,
b101 e
b1101 +
b1101 o
b1110 *
b1110 y
b1101010011000101 !
b1101010011000101 0
b101 =
b1010 <
b11 Y
b11 c
b0 m
b0 w
b1010 D
b1010 N
b1 X
b1 b
b1101 l
b1101 v
b10101 >
1%
b1100011010 $
b1100011010 )
b1101000110101010 #
b1101000110101010 (
b11010011 ""
b110100110110010 &
#2150000
1"
12
11
06
b11100 p
b1100 -
b1100 [
b1101 ,
b1101 e
b100 +
b100 o
b101 *
b101 y
b11101 z
b100110010111110 !
b100110010111110 0
b1110 =
b1100 <
b0 E
b0 O
b110 m
b110 w
b10 ;
b1011 D
b1011 N
b1001 X
b1001 b
b1110 l
b1110 v
b0 >
0%
b110001100001100 $
b110001100001100 )
b1110100110110010 #
b1110100110110010 (
b11010100 ""
b1101010011000101 &
#2160000
19
18
17
15
b110 +
b110 o
b111 *
b111 y
14
13
b11000 H
b11110 p
b1010 /
b1010 G
b1011 .
b1011 Q
b11001 R
b0 -
b0 [
b11110 \
b1 ,
b1 e
b11111 f
b11111 z
b111000110101111 !
b111000110101111 0
b1111 =
b1011 <
b1110 E
b1110 O
b111 m
b111 w
b11 ;
b1100 D
b1100 N
b1101 X
b1101 b
b1111 l
b1111 v
b111 >
1%
b111001111101011 $
b111001111101011 )
b1111110111000011 #
b1111110111000011 (
b11010101 ""
b10100110010111110 &
#2170000
0"
02
01
b10000 H
b1 z
b1011000101111100 !
b1011000101111100 0
b1100 =
b111 /
b111 G
b1000 .
b1000 Q
b11111 R
b0 p
b1010 +
b1010 o
b1011 *
b1011 y
b1001 <
b1000 E
b1000 O
b1101 Y
b1101 c
b1010 m
b1010 w
b10 ;
b1111 D
b1111 N
b11 X
b11 b
b0 l
b0 v
b1010110110001001 $
b1010110110001001 )
b1111110010 #
b1111110010 (
b11010110 ""
b10111000110101111 &
#2180000
05
03
16
04
b10000 \
b10111 f
b111001111001001 !
b111001111001001 0
b1001 =
b11111 >
b1011 /
b1011 G
b0 H
b111 R
b1100 .
b1100 Q
b11 -
b11 [
b100 ,
b100 e
b110 +
b110 o
b111 *
b111 y
b1101 <
b1010 E
b1010 O
b1000 Y
b1000 c
b10 m
b10 w
b1011 ;
b1 D
b1 N
b1011 X
b1011 b
b100 l
b100 v
b10100010101101 $
b10100010101101 )
b100101100011011 #
b100101100011011 (
b11010111 ""
b1011000101111100 &
#2190000
05
03
09
08
07
b1001 -
b1001 [
b1010 ,
b1010 e
b10 p
b110 +
b110 o
b111 *
b111 y
b110100111110101 !
b110100111110101 0
b101 =
b1110 /
b1110 G
b1111 .
b1111 Q
b1 R
b1100 \
b1111 f
b11 z
b1111 <
b1100 E
b1100 O
b111 Y
b111 c
b101 m
b101 w
b101 ;
b10 D
b10 N
b10 X
b10 b
b1 l
b1 v
b101011111001111 $
b101011111001111 )
b1001000100101 #
b1001000100101 (
b11011000 ""
b111001111001001 &
#2200000
1"
12
11
06
19
18
17
b1000010011100 !
b1000010011100 0
b1100 =
b111 >
b0 -
b0 [
b11100 \
b1 ,
b1 e
b11101 f
b11110 p
b11111 z
b1001 /
b1001 G
b11 R
b1010 .
b1010 Q
b0 +
b0 o
b1 *
b1 y
b0 <
b1000 E
b1000 O
b1110 Y
b1110 c
b11 m
b11 w
b1011 ;
b1 D
b1 N
b1101 l
b1101 v
b11111010000000 $
b11111010000000 )
b1101001000011011 #
b1101001000011011 (
b11011001 ""
b110100111110101 &
#2210000
09
08
17
b11000 p
b11 +
b11 o
b100 *
b100 y
b1 >
b11111110000111 !
b11111110000111 0
b111 =
b1000 /
b1000 G
b1001 .
b1001 Q
b1 R
b1111 -
b1111 [
b0 \
b0 ,
b0 e
b11111 f
b100 <
b0 E
b0 O
b10 Y
b10 c
b100 m
b100 w
b10 ;
b1000 D
b1000 N
b1101 X
b1101 b
b1111 l
b1111 v
b100001000000100 $
b100001000000100 )
b1111110110000010 #
b1111110110000010 (
b11011010 ""
b10001000010011100 &
#2220000
0"
01
07
02
b110 H
b110 /
b110 G
b111 R
b111 .
b111 Q
b110 \
b1110 -
b1110 [
b1111 ,
b1111 e
b111 f
b1000 +
b1000 o
b0 p
b1001 *
b1001 y
b1 z
b1000111001101000 !
b1000111001101000 0
b1000 =
b10 <
b11 E
b11 O
b11 Y
b11 c
b0 m
b0 w
b110 ;
b11 D
b11 N
b1011 X
b1011 b
b1000 l
b1000 v
b1100 >
0%
b1100110010 $
b1100110010 )
b1000101100110110 #
b1000101100110110 (
b11011011 ""
b10011111110000111 &
#2230000
05
04
13
19
1"
18
17
12
11
b1010 -
b1010 [
b1011 ,
b1011 e
b1000 +
b1000 o
b11100 p
b1001 *
b1001 y
b11101 z
b1001101011111010 !
b1001101011111010 0
b1010 =
b1000 >
b0 H
b1111 /
b1111 G
b11111 R
b0 .
b0 Q
b11000 \
b11001 f
b110 <
b1 E
b1 O
b1100 Y
b1100 c
b1110 m
b1110 w
b100 ;
b1110 D
b1110 N
b1110 X
b1110 b
b1010 l
b1010 v
b1110110000010110 $
b1110110000010110 )
b1010111011100100 #
b1010111011100100 (
b11011100 ""
b1000111001101000 &
#2240000
03
0"
02
01
09
08
07
05
06
b1110 /
b1110 G
b1111 .
b1111 Q
b1 R
b0 \
b0 p
b1 z
b1101 -
b1101 [
b11 f
b1110 ,
b1110 e
b1110 +
b1110 o
b1111 *
b1111 y
b1110110111101111 !
b1110110111101111 0
b1111 =
b1110 <
b10 E
b10 O
b1000 Y
b1000 c
b1000 m
b1000 w
b0 ;
b1100 D
b1100 N
b101 X
b101 b
b110 l
b110 v
b1 >
1%
b1000100000101110 $
b1000100000101110 )
b110010111000000 #
b110010111000000 (
b11011101 ""
b11001101011111010 &
#2250000
19
18
17
15
14
13
b1 -
b1 [
b10 ,
b10 e
1"
12
11
b101001001101101 !
b101001001101101 0
b1101 =
b11100 \
b111 >
b110 /
b110 G
b11110 H
b111 .
b111 Q
b11111 R
b11111 f
b100 +
b100 o
b10000 p
b101 *
b101 y
b10001 z
b1011 <
b1111 E
b1111 O
b1111 Y
b1111 c
b1 ;
b111 D
b111 N
b10 X
b10 b
b1100 l
b1100 v
b1000111111111011 $
b1000111111111011 )
b1100001001110001 #
b1100001001110001 (
b11011110 ""
b1110110111101111 &
#2260000
09
05
04
03
08
16
b11 =
0"
02
b1011111111110011 !
b1011111111110011 0
01
b10 H
b1110 /
b1110 G
b11 R
b1111 .
b1111 Q
b1111 -
b1111 [
b0 \
b0 ,
b0 e
b1011 +
b1011 o
b1000 p
b1100 *
b1100 y
b1111 z
b111 <
b1 E
b1 O
b111 Y
b111 c
b101 m
b101 w
b1100 ;
b1101 D
b1101 N
b1000 X
b1000 b
b110 l
b110 v
b11000 >
0%
b101011100010111 $
b101011100010111 )
b110100011011100 #
b110100011011100 (
b11011111 ""
b10101001001101101 &
#2270000
07
16
15
14
13
b111 f
b101 +
b101 o
b110 *
b110 y
b111 z
b101110110100000 !
b101110110100000 0
b0 =
b11110 >
b1001 /
b1001 G
b11100 H
b1010 .
b1010 Q
b11111 R
b1100 -
b1100 [
b110 \
b1101 ,
b1101 e
b100 p
b101 <
b1011 E
b1011 O
b1011 Y
b1011 c
b11 m
b11 w
b1011 ;
b1110 D
b1110 N
b1 X
b1 b
b10 l
b10 v
b11101110110101 $
b11101110110101 )
b10000111101011 #
b10000111101011 (
b11100000 ""
b1011111111110011 &
#2280000
1"
b1101 +
b1101 o
b1110 *
b1110 y
12
11
b1101 f
b1101100101001110 !
b1101100101001110 0
b1110 =
b11 /
b11 G
b10000 H
b100 .
b100 Q
b10111 R
b1100 \
b1000 -
b1000 [
b1001 ,
b1001 e
b11100 p
b11111 z
b1111 <
b110 Y
b110 c
b1111 m
b1111 w
b1111 ;
b1000 D
b1000 N
b10 X
b10 b
b1110 l
b1110 v
b1111011010111111 $
b1111011010111111 )
b1110001010001111 #
b1110001010001111 (
b11100001 ""
b101110110100000 &
#2290000
0"
02
01
09
06
08
07
b1100 >
b1001 +
b1001 o
b11 z
b1010 *
b1010 y
b1001110110101001 !
b1001110110101001 0
b1001 =
b1010 /
b1010 G
b11010 H
b1011 .
b1011 Q
b11011 R
b1100 -
b1100 [
b100 \
b1101 ,
b1101 e
b101 f
b0 p
b110 <
b1101 E
b1101 O
b10 Y
b10 c
b0 m
b0 w
b11 ;
b1101 D
b1101 N
b1010 X
b1010 b
b1001 l
b1001 v
b1011010110 $
b1011010110 )
b1001101011010011 #
b1001101011010011 (
b11100010 ""
b11101100101001110 &
#2300000
1"
12
11
05
04
03
06
b11100 p
b1110010001011 !
b1110010001011 0
b1011 =
b0 >
b1000 /
b1000 G
b1110 H
b1001 .
b1001 Q
b1111 R
b1110 \
b1100 -
b1100 [
b1111 f
b1101 ,
b1101 e
b1 +
b1 o
b11111 z
b10 *
b10 y
b1 <
b111 E
b111 O
b111 Y
b111 c
b1010 m
b1010 w
b1010 ;
b1 D
b1 N
b101 X
b101 b
b111 l
b111 v
b1010011101110001 $
b1010011101110001 )
b111010100011010 #
b111010100011010 (
b11100011 ""
b1001110110101001 &
#2310000
16
0"
02
01
15
19
04
13
18
17
b11111 R
b1111 /
b1111 G
b0 H
b0 .
b0 Q
b10 -
b10 [
b11000 \
b11 ,
b11 e
b11001 f
b1001 +
b1001 o
b0 p
b1010 *
b1010 y
b11 z
b1010001100000000 !
b1010001100000000 0
b0 =
b1111 E
b1111 O
b100 Y
b100 c
b1 m
b1 w
b1110 ;
b0 D
b0 N
b1110 X
b1110 b
b1000 l
b1000 v
b11111 >
1%
b1010011110001 $
b1010011110001 )
b1000111000001110 #
b1000111000001110 (
b11100100 ""
b10001110010001011 &
#2320000
1"
09
12
11
08
07
05
03
b1 /
b1 G
b10 .
b10 Q
b11 R
b1110 -
b1110 [
b1111 ,
b1111 e
b10 +
b10 o
b11000 p
b11 *
b11 y
b11001 z
b10111000100010 !
b10111000100010 0
b10 =
b11011 >
b110 \
b111 f
b1100 <
b1 E
b1 O
b1011 Y
b1011 c
b1110 m
b1110 w
b101 ;
b11 X
b11 b
b100 l
b100 v
b1110101100011100 $
b1110101100011100 )
b100001100000101 #
b100001100000101 (
b11100101 ""
b1010001100000000 &
#2330000
15
14
13
09
08
07
b11100 H
b1 f
b101111100010110 !
b101111100010110 0
b110 =
b0 /
b0 G
b11101 R
b1 .
b1 Q
b0 \
b1110 -
b1110 [
b1111 ,
b1111 e
b10000 p
b101 +
b101 o
b10011 z
b110 *
b110 y
b1010 <
b10 E
b10 O
b110 Y
b110 c
b1101 m
b1101 w
b1100 ;
b1110 D
b1110 N
b1000 X
b1000 b
b1000 l
b1000 v
b10000 >
0%
b1101011000101010 $
b1101011000101010 )
b1000100011101100 #
b1000100011101100 (
b11100110 ""
b10010111000100010 &
#2340000
05
0"
06
04
03
02
01
b11 +
b11 o
b100 *
b100 y
b11101100111010 !
b11101100111010 0
b1010 =
b1110 >
b11 /
b11 G
b0 H
b100 .
b100 Q
b111 R
b1000 \
b1011 -
b1011 [
b1111 f
b1100 ,
b1100 e
b0 p
b111 z
b11 <
b0 E
b0 O
b11 m
b11 w
b111 ;
b11 D
b11 N
b101 X
b101 b
b0 l
b0 v
b11011000000011 $
b11011000000011 )
b10100110111 #
b10100110111 (
b11100111 ""
b10101111100010110 &
#2350000
14
15
13
0"
01
19
16
18
17
b11110 H
b1110101100111011 !
b1110101100111011 0
b1011 =
b11000 >
b10 /
b10 G
b11111 R
b11 .
b11 Q
b1010 -
b1010 [
b11000 \
b1011 ,
b1011 e
b11001 f
b1101 +
b1101 o
b11 z
b1110 *
b1110 y
b1110 <
b11 E
b11 O
b1110 Y
b1110 c
b0 m
b0 w
b1101 ;
b1111 D
b1111 N
b1100 X
b1100 b
b1101 l
b1101 v
b111000111110 $
b111000111110 )
b1101110011111101 #
b1101110011111101 (
b11101000 ""
b11101100111010 &
#2360000
06
b0 >
b1 -
b1 [
b10 ,
b10 e
b1100001000100100 !
b1100001000100100 0
b100 =
b10000 \
b10011 f
b1011 +
b1011 o
b111 z
b1100 *
b1100 y
b0 <
b1011 E
b1011 O
b1001 Y
b1001 c
b1000 m
b1000 w
b100 ;
b111 D
b111 N
b1000 X
b1000 b
b11 l
b11 v
b1000100110110000 $
b1000100110110000 )
b11100001110100 #
b11100001110100 (
b11101001 ""
b1110101100111011 &
#2370000
1"
12
11
05
b1001 -
b1001 [
b1010 ,
b1010 e
b11 +
b11 o
b100 *
b100 y
04
03
b0 H
b1111 R
b11000 \
b11011 f
b11000 p
b100100101111010 !
b100100101111010 0
b1010 =
b111 /
b111 G
b1000 .
b1000 Q
b11111 z
b1000 <
b110 E
b110 O
b1100 Y
b1100 c
b1111 m
b1111 w
b10 ;
b1 D
b1 N
b1101 X
b1101 b
b100 l
b100 v
b1111110001101000 $
b1111110001101000 )
b100110100010010 #
b100110100010010 (
b11101010 ""
b1100001000100100 &
#2380000
14
15
16
0"
02
01
13
b10 +
b10 o
b11 *
b11 y
b1 z
b11110 H
b10 /
b10 G
b11 .
b11 Q
b11111 R
b1011 -
b1011 [
b1100 ,
b1100 e
b11111 f
b0 p
b11110000110101 !
b11110000110101 0
b101 =
b110 <
b11 E
b11 O
b1101 Y
b1101 c
b0 m
b0 w
b1110 ;
b1111 D
b1111 N
b1110 X
b1110 b
b10 l
b10 v
b11101 >
1%
b110100110110 $
b110100110110 )
b10111011111110 #
b10111011111110 (
b11101011 ""
b10100100101111010 &
#2390000
1"
12
11
b10100001100111 !
b10100001100111 0
b111 =
b11100 H
b101 /
b101 G
b110 .
b110 Q
b11100 p
b11111 z
b10111 >
b111 -
b111 [
b10000 \
b1000 ,
b1000 e
b1 +
b1 o
b10 *
b10 y
b1011 <
b110 E
b110 O
b1100 Y
b1100 c
b111 m
b111 w
b1011 ;
b1011 X
b1011 b
b1010 l
b1010 v
b111110001101011 $
b111110001101011 )
b1010101111111011 #
b1010101111111011 (
b11101100 ""
b11110000110101 &
#2400000
0"
02
01
09
05
16
07
04
03
08
b1110110000100100 !
b1110110000100100 0
b100 =
b111 z
b11111 >
b1 /
b1 G
b0 H
b10 .
b10 Q
b11 R
b1100 -
b1100 [
b1100 \
b1101 f
b1101 ,
b1101 e
b1110 +
b1110 o
b110 p
b1111 *
b1111 y
b100 <
b1 E
b1 O
b110 Y
b110 c
b1011 m
b1011 w
b1111 ;
b0 D
b0 N
b110 X
b110 b
b11 l
b11 v
b1011011000010100 $
b1011011000010100 )
b11011000001111 #
b11011000001111 (
b11101101 ""
b10010100001100111 &
#2410000
15
19
14
13
06
18
17
b10000 H
b1001010101111010 !
b1001010101111010 0
b1010 =
b111 /
b111 G
b1000 .
b1000 Q
b11111 R
b100 -
b100 [
b11100 \
b101 ,
b101 e
b11101 f
b1000 +
b1000 o
b1100 p
b1001 *
b1001 y
b1101 z
b1101 E
b1101 O
b10 m
b10 w
b110 ;
b1010 D
b1010 N
b1110 X
b1110 b
b110 l
b110 v
b1000 >
0%
b10011011010100 $
b10011011010100 )
b110111010100110 #
b110111010100110 (
b11101110 ""
b1110110000100100 &
#2420000
09
08
07
05
1"
03
06
04
12
11
b110 /
b110 G
b111 .
b111 Q
b1 R
b1101 -
b1101 [
b100 \
b1110 ,
b1110 e
b111 f
b1010110101101111 !
b1010110101101111 0
b1111 =
b0 >
b0 H
b1010 +
b1010 o
b11000 p
b1011 *
b1011 y
b11001 z
b0 E
b0 O
b1011 Y
b1011 c
b1110 m
b1110 w
b1011 ;
b110 D
b110 N
b10 X
b10 b
b1100 l
b1100 v
b1110101100000100 $
b1110101100000100 )
b1100001001101011 #
b1100001001101011 (
b11101111 ""
b1001010101111010 &
#2430000
15
0"
14
13
02
01
b10000 H
b10001 R
b1 -
b1 [
b11 f
b10 ,
b10 e
b1101001001101111 !
b1101001001101111 0
b1111 =
b0 \
b1101 +
b1101 o
b1100 p
b1110 *
b1110 y
b1111 z
b1 <
b1110 E
b1110 O
b0 Y
b0 c
b111 m
b111 w
b1101 ;
b1000 D
b1000 N
b1 X
b1 b
b110 l
b110 v
b11 >
1%
b111000011100001 $
b111000011100001 )
b110000110001101 #
b110000110001101 (
b11110000 ""
b11010110101101111 &
#2440000
16
b1000 \
b111 /
b111 G
b1000 .
b1000 Q
b11111 R
b1010 -
b1010 [
b1011 ,
b1011 e
b1001 f
b1000 +
b1000 o
b1110 p
b1001 *
b1001 y
b1000101110000010 !
b1000101110000010 0
b10 =
b1001 <
b1100 E
b1100 O
b110 Y
b110 c
b1 m
b1 w
b1001 ;
b1011 D
b1011 N
b100 X
b100 b
b111 l
b111 v
b10010 >
0%
b1011011001001 $
b1011011001001 )
b111010010111001 #
b111010010111001 (
b11110001 ""
b1101001001101111 &
#2450000
09
0"
05
03
08
07
02
11
16
04
b1111 R
b1111 +
b1111 o
b0 p
b0 *
b0 y
b11111 z
b0 H
b1101 -
b1101 [
b100 \
b1110 ,
b1110 e
b111 f
b1111110110000011 !
b1111110110000011 0
b11 =
b1100 <
b11 E
b11 O
b1011 Y
b1011 c
b1100 m
b1100 w
b110 ;
b100 D
b100 N
b10 X
b10 b
b11 l
b11 v
b11001 >
1%
b1100101100111100 $
b1100101100111100 )
b11001001000110 #
b11001001000110 (
b11110010 ""
b1000101110000010 &
#2460000
06
b1011 =
01
b1010110011001011 !
b1010110011001011 0
b1100 /
b1100 G
b1110 H
b1101 .
b1101 Q
b1100 -
b1100 [
b1110 \
b1101 ,
b1101 e
b1111 f
b1010 +
b1010 o
b1010 p
b1011 z
b1011 *
b1011 y
b11 <
b111 E
b111 O
b111 Y
b111 c
b101 m
b101 w
b1000 ;
b101 D
b101 N
b101 X
b101 b
b101 l
b101 v
b0 >
0%
b101011101110011 $
b101011101110011 )
b101010101011000 #
b101010101011000 (
b11110011 ""
b1111110110000011 &
#2470000
0"
15
02
01
14
13
b110 \
b111 f
b1110011100001101 !
b1110011100001101 0
b1101 =
b0 /
b0 G
b11110 H
b1 .
b1 Q
b11111 R
b110 -
b110 [
b111 ,
b111 e
b1110 +
b1110 o
b0 p
b1111 *
b1111 y
b1 z
b0 <
b11 E
b11 O
b11 Y
b11 c
b1100 m
b1100 w
b1100 ;
b1101 D
b1101 N
b11 X
b11 b
b10 l
b10 v
b1 >
1%
b1100001100110000 $
b1100001100110000 )
b10001111011100 #
b10001111011100 (
b11110100 ""
b1010110011001011 &
#2480000
19
18
17
05
04
03
b111 >
b1111010001000100 !
b1111010001000100 0
b100 =
b100 /
b100 G
b0 H
b101 .
b101 Q
b1 R
b100 -
b100 [
b11110 \
b101 ,
b101 e
b11111 f
b11 <
b100 E
b100 O
b1111 Y
b1111 c
b0 m
b0 w
b0 ;
b0 D
b0 N
b101 X
b101 b
b1110 l
b1110 v
b111101000011 $
b111101000011 )
b1110010100000000 #
b1110010100000000 (
b11110101 ""
b1110011100001101 &
#2490000
13
b11111 R
b10 p
b1011100111110101 !
b1011100111110101 0
b101 =
b1111 /
b1111 G
b0 .
b0 Q
b11100 \
b1001 -
b1001 [
b1010 ,
b1010 e
b1010 +
b1010 o
b11 z
b1011 *
b1011 y
b101 E
b101 O
b1 m
b1 w
b1 ;
b1010 D
b1010 N
b1010 X
b1010 b
b1001 l
b1001 v
b1111101010011 $
b1111101010011 )
b1001101010100001 #
b1001101010100001 (
b11110110 ""
b1111010001000100 &
#2500000
09
03
08
05
16
b1101 /
b1101 G
b1110 .
b1110 Q
b11 R
b1111 -
b1111 [
b0 \
b0 ,
b0 e
b1100 +
b1100 o
b110 p
b1101 *
b1101 y
b111 z
b1100111111100110 !
b1100111111100110 0
b110 =
b111 <
b1000 E
b1000 O
b10 Y
b10 c
b1001 m
b1001 w
b1111 ;
b101 D
b101 N
b1101 X
b1101 b
b11 l
b11 v
b11110 >
0%
b1001001010000111 $
b1001001010000111 )
b11110101011111 #
b11110101011111 (
b11110111 ""
b1011100111110101 &
#2510000
06
0"
02
01
07
b0 >
b1101001110011101 !
b1101001110011101 0
b1101 =
b1100 H
b1001 /
b1001 G
b1010 .
b1010 Q
b1111 R
b11 -
b11 [
b100 ,
b100 e
b111 f
b1101 +
b1101 o
b0 p
b1110 *
b1110 y
b11 z
b0 <
b111 E
b111 O
b0 m
b0 w
b1101 ;
b10 D
b10 N
b1 X
b1 b
b1101 l
b1101 v
b1001110000 $
b1001110000 )
b1101000100101101 #
b1101000100101101 (
b11111000 ""
b1100111111100110 &
#2520000
11
b111 R
b100 /
b100 G
b110 H
b101 .
b101 Q
b1000 -
b1000 [
b1 f
b1001 ,
b1001 e
b1111 +
b1111 o
b0 *
b0 y
b11111 z
b1111100001000100 !
b1111100001000100 0
b100 =
b10 <
b1 E
b1 O
b0 Y
b0 c
b1100 m
b1100 w
b1 ;
b11 D
b11 N
b1000 X
b1000 b
b11 l
b11 v
b111 >
1%
b1100000000010010 $
b1100000000010010 )
b11100000110001 #
b11100000110001 (
b11111001 ""
b1101001110011101 &
#2530000
16
b1110 -
b1110 [
b1111 ,
b1111 e
01
b110 \
b111 +
b111 o
b1000 *
b1000 y
b1111 z
b11011 >
b111111000100011 !
b111111000100011 0
b11 =
b1 /
b1 G
b0 H
b10 .
b10 Q
b11 R
b111 f
b101 <
b11 Y
b11 c
b1 m
b1 w
b1101 ;
b0 D
b0 N
b1011 X
b1011 b
b110 l
b110 v
b1001100010101 $
b1001100010101 )
b110101100001101 #
b110101100001101 (
b11111010 ""
b1111100001000100 &
#2540000
19
18
17
1"
12
06
11
b10000 p
b10 H
b1110 /
b1110 G
b1111 .
b1111 Q
b0 -
b0 [
b11110 \
b1 ,
b1 e
b11111 f
b10 +
b10 o
b11 *
b11 y
b10001 z
b11000011101000 !
b11000011101000 0
b1000 =
b100 <
b101 E
b101 O
b1010 m
b1010 w
b100 ;
b1001 D
b1001 N
b1101 X
b1101 b
b1000 l
b1000 v
b1000 >
0%
b1010001101010100 $
b1010001101010100 )
b1000110110010100 #
b1000110110010100 (
b11111011 ""
b111111000100011 &
#2550000
b110 =
09
0"
08
07
02
b1001101111010110 !
b1001101111010110 0
01
b1101 /
b1101 G
b0 H
b1110 .
b1110 Q
b110 >
b1011 -
b1011 [
b1000 \
b1100 ,
b1100 e
b1111 f
b1001 +
b1001 o
b0 p
b1010 *
b1010 y
b11 z
b11 <
b1100 E
b1100 O
b110 Y
b110 c
b1000 m
b1000 w
b11 ;
b1 D
b1 N
b101 X
b101 b
b1 l
b1 v
b1000011011000011 $
b1000011011000011 )
b1010100010011 #
b1010100010011 (
b11111100 ""
b10011000011101000 &
#2560000
11
15
14
13
16
b0 \
b100 /
b100 G
b11110 H
b101 .
b101 Q
b11111 R
b110 -
b110 [
b111 ,
b111 e
b1 f
b1111 +
b1111 o
b11111 z
b0 *
b0 y
b1111011101010101 !
b1111011101010101 0
b101 =
b1000 <
b111 E
b111 O
b0 Y
b0 c
b1 m
b1 w
b1100 ;
b1101 D
b1101 N
b110 X
b110 b
b1110 l
b1110 v
b10001 >
1%
b1000001111000 $
b1000001111000 )
b1110011011011100 #
b1110011011011100 (
b11111101 ""
b1001101111010110 &
#2570000
19
18
17
05
16
04
03
01
b1000000110000011 !
b1000000110000011 0
b11 =
b11100 \
b1 -
b1 [
b11111 f
b10 ,
b10 e
b11111 >
b111 /
b111 G
b0 H
b1000 .
b1000 Q
b1111 R
b111 +
b111 o
b1000 *
b1000 y
b1111 z
b11 <
b10 E
b10 O
b1011 Y
b1011 c
b101 m
b101 w
b1111 ;
b101 D
b101 N
b10 l
b10 v
b101101100100011 $
b101101100100011 )
b10011001011111 #
b10011001011111 (
b11111110 ""
b1111011101010101 &
#2580000
06
b110010001011011 !
b110010001011011 0
b1011 =
b1 >
b100 H
b101 /
b101 G
b110 .
b110 Q
b111 R
b100 -
b100 [
b11110 \
b101 ,
b101 e
b101 +
b101 o
b110 *
b110 y
b11 z
b10 <
b1101 Y
b1101 c
b100 m
b100 w
b1000 ;
b11 D
b11 N
b111 X
b111 b
b1 l
b1 v
b100110100100010 $
b100110100100010 )
b1011100111000 #
b1011100111000 (
b11111111 ""
b1000000110000011 &
#2590000
09
07
08
15
14
13
b1110 -
b1110 [
b1 f
b1111 ,
b1111 e
b1111 >
b1010111101001010 !
b1010111101001010 0
b1010 =
b100 /
b100 G
b10000 H
b101 .
b101 Q
b10001 R
b0 \
b1010 +
b1010 o
b1000 p
b1011 *
b1011 y
b1001 z
b1000 E
b1000 O
b10 Y
b10 c
b110 m
b110 w
b111 ;
b1100 D
b1100 N
b1100 X
b1100 b
b100 l
b100 v
b110001010000010 $
b110001010000010 )
b100110011000111 #
b100110011000111 (
b100000000 ""
b110010001011011 &
#2600000
05
0"
04
03
02
01
b1100011011101100 !
b1100011011101100 0
b1100 =
b1110 /
b1110 G
b0 H
b1111 .
b1111 Q
b1 R
b110 -
b110 [
b111 ,
b111 e
b1100 +
b1100 o
b100 p
b1101 *
b1101 y
b101 z
b100 <
b10 E
b10 O
b100 Y
b100 c
b1010 m
b1010 w
b10 X
b10 b
b10 l
b10 v
b1010010000100100 $
b1010010000100100 )
b10001011000111 #
b10001011000111 (
b100000001 ""
b1010111101001010 &
#2610000
19
18
17
06
b1111 R
b1000001101111110 !
b1000001101111110 0
b1110 =
b11 >
b111 /
b111 G
b1000 .
b1000 Q
b11 -
b11 [
b11000 \
b100 ,
b100 e
b11111 f
b111 +
b111 o
b0 p
b1000 *
b1000 y
b1111 z
b101 <
b111 E
b111 O
b1111 Y
b1111 c
b110 m
b110 w
b1000 ;
b0 D
b0 N
b100 X
b100 b
b1 l
b1 v
b110111101110101 $
b110111101110101 )
b1010000001000 #
b1010000001000 (
b100000010 ""
b1100011011101100 &
#2620000
09
16
08
07
b111 R
b111 f
b1000 +
b1000 o
b1110 p
b1001 *
b1001 y
b1000010101010010 !
b1000010101010010 0
b10 =
b100 /
b100 G
b110 H
b101 .
b101 Q
b101 -
b101 [
b100 \
b110 ,
b110 e
b1000 <
b11 E
b11 O
b11 Y
b11 c
b1 m
b1 w
b1010 ;
b1 D
b1 N
b10 X
b10 b
b111 l
b111 v
b10000 >
0%
b1001100111000 $
b1001100111000 )
b111001000011010 #
b111001000011010 (
b100000011 ""
b1000001101111110 &
#2630000
1"
06
12
11
b0 >
b1010 /
b1010 G
b1011 .
b1011 Q
b1 f
b101010101000 !
b101010101000 0
b1000 =
b1010 H
b1011 R
b1010 -
b1010 [
b0 \
b1011 ,
b1011 e
b0 +
b0 o
b11100 p
b1 *
b1 y
b11101 z
b0 <
b101 E
b101 O
b1010 Y
b1010 c
b110 m
b110 w
b1000 ;
b101 D
b101 N
b0 X
b0 b
b1010 l
b1010 v
b110101001010000 $
b110101001010000 )
b1010000001011000 #
b1010000001011000 (
b100000100 ""
b1000010101010010 &
#2640000
19
18
17
15
14
13
b11000 p
b11111 z
b1100001100001010 !
b1100001100001010 0
b1010 =
b0 /
b0 G
b11100 H
b1 .
b1 Q
b11101 R
b10 -
b10 [
b11110 \
b11 ,
b11 e
b11111 f
b1011 +
b1011 o
b1100 *
b1100 y
b101 <
b110 E
b110 O
b1111 Y
b1111 c
b1101 m
b1101 w
b100 ;
b1010 D
b1010 N
b11 X
b11 b
b1110 l
b1110 v
b1011 >
1%
b1101111101100101 $
b1101111101100101 )
b1110001110100100 #
b1110001110100100 (
b100000101 ""
b10000101010101000 &
#2650000
09
0"
08
07
01
02
05
04
03
b1001 -
b1001 [
b0 \
b1010 ,
b1010 e
b11 f
b111 z
b1011100101011010 !
b1011100101011010 0
b1010 =
b101 /
b101 G
b0 H
b110 .
b110 Q
b11 R
b0 p
b1011 +
b1011 o
b1100 *
b1100 y
b100 <
b101 E
b101 O
b0 Y
b0 c
b1000 m
b1000 w
b110 ;
b0 D
b0 N
b1001 X
b1001 b
b11 l
b11 v
b1000 >
0%
b1000000001010100 $
b1000000001010100 )
b11100100000110 #
b11100100000110 (
b100000110 ""
b11100001100001010 &
#2660000
1"
12
15
14
13
11
16
b11110 p
b10101000010000 !
b10101000010000 0
b0 =
b10000 >
b11000 H
b0 /
b0 G
b11001 R
b1 .
b1 Q
b10 +
b10 o
b11 *
b11 y
b11111 z
b1000 <
b100 E
b100 O
b1001 Y
b1001 c
b11 m
b11 w
b1000 ;
b1100 D
b1100 N
b0 X
b0 b
b1111 l
b1111 v
b11100101001000 $
b11100101001000 )
b1111000011001000 #
b1111000011001000 (
b100000111 ""
b1011100101011010 &
#2670000
06
b10011010101110 !
b10011010101110 0
b1110 =
b11110 H
b1010 /
b1010 G
b1011 .
b1011 Q
b100 \
b101 -
b101 [
b110 ,
b110 e
b11111 R
b111 f
b101 <
b1011 E
b1011 O
b10 Y
b10 c
b1111 D
b1111 N
b11 X
b11 b
b11 >
1%
b11001010110101 $
b11001010110101 )
b1111001111111000 #
b1111001111111000 (
b100001000 ""
b10010101000010000 &
#2680000
b11000 p
b1011100100011111 !
b1011100100011111 0
b1111 =
b111 >
b1 /
b1 G
b10000 H
b10 .
b10 Q
b10011 R
b1000 -
b1000 [
b1110 \
b1001 ,
b1001 e
b1111 f
b1011 +
b1011 o
b1100 *
b1100 y
b1011 <
b1001 E
b1001 O
b11 Y
b11 c
b1110 m
b1110 w
b11 ;
b1000 D
b1000 N
b101 X
b101 b
b1101 l
b1101 v
b1110001110011011 $
b1110001110011011 )
b1101010110000011 #
b1101010110000011 (
b100001001 ""
b10010011010101110 &
#2690000
01
0"
02
b0 p
b11 z
b1101011010101100 !
b1101011010101100 0
b1100 =
b1010 /
b1010 G
b11110 H
b1011 .
b1011 Q
b11111 R
b101 -
b101 [
b100 \
b110 ,
b110 e
b111 f
b1101 +
b1101 o
b1110 *
b1110 y
b1111 E
b1111 O
b10 Y
b10 c
b1000 m
b1000 w
b0 ;
b1011 D
b1011 N
b11 X
b11 b
b101 l
b101 v
b1000001011111011 $
b1000001011111011 )
b101001110110000 #
b101001110110000 (
b100001010 ""
b11011100100011111 &
#2700000
05
1"
04
03
12
11
b110101001001000 !
b110101001001000 0
b1000 =
b100 /
b100 G
b110 H
b101 .
b101 Q
b111 R
b1010 -
b1010 [
b1000 \
b1011 ,
b1011 e
b1001 f
b110 +
b110 o
b10000 p
b111 *
b111 y
b10001 z
b1000 <
b1 E
b1 O
b100 Y
b100 c
b1100 m
b1100 w
b11 D
b11 N
b110 X
b110 b
b1010 l
b1010 v
b0 >
0%
b1100010000011000 $
b1100010000011000 )
b1010011000110000 #
b1010011000110000 (
b100001011 ""
b1101011010101100 &
#2710000
0"
b1010 /
b1010 G
b1011 .
b1011 Q
19
02
01
18
17
b1110 +
b1110 o
b0 p
b1111 *
b1111 y
b1 z
b1111011110100111 !
b1111011110100111 0
b111 =
b1000 H
b1001 R
b111 -
b111 [
b10000 \
b1000 ,
b1000 e
b11111 f
b1 <
b110 E
b110 O
b1111 Y
b1111 c
b0 m
b0 w
b110 ;
b100 D
b100 N
b1000 X
b1000 b
b1110 l
b1110 v
b111101100001 $
b111101100001 )
b1110100001000110 #
b1110100001000110 (
b100001100 ""
b10110101001001000 &
#2720000
1"
12
11
16
b0 +
b0 o
09
b1 *
b1 y
07
08
b0 H
b1111 f
b11110 p
b101010000100 !
b101010000100 0
b100 =
b11110 >
b111 /
b111 G
b1000 .
b1000 Q
b1111 R
b1010 -
b1010 [
b1110 \
b1011 ,
b1011 e
b11111 z
b1111 <
b10 E
b10 O
b111 Y
b111 c
b1001 m
b1001 w
b101 ;
b101 D
b101 N
b11 X
b11 b
b111 l
b111 v
b1001011100101111 $
b1001011100101111 )
b111001101010101 #
b111001101010101 (
b100001101 ""
b1111011110100111 &
#2730000
15
19
14
13
18
17
b1010 /
b1010 G
b11010 H
b1011 .
b1011 Q
b110 -
b110 [
b111 ,
b111 e
b0 +
b0 o
b11101 z
b1 *
b1 y
b1011110110010 !
b1011110110010 0
b10 =
b11011 R
b10000 \
b10001 f
b11100 p
b11 <
b1101 E
b1101 O
b1100 Y
b1100 c
b10 m
b10 w
b1110 ;
b1101 D
b1101 N
b1010 X
b1010 b
b1110 l
b1110 v
b11111 >
1%
b10110011010011 $
b10110011010011 )
b1110101011011110 #
b1110101011011110 (
b100001110 ""
b10000101010000100 &
#2740000
0"
02
01
b10010 \
b1110001101000010 !
b1110001101000010 0
b10 =
b10011 >
b11 /
b11 G
b11000 H
b100 .
b100 Q
b11111 R
b10 -
b10 [
b10011 f
b11 ,
b11 e
b1101 +
b1101 o
b1100 p
b1110 *
b1110 y
b1111 z
b1000 <
b101 E
b101 O
b1001 Y
b1001 c
b111 m
b111 w
b1001 ;
b1110 D
b1110 N
b1001 X
b1001 b
b110 l
b110 v
b111100101011000 $
b111100101011000 )
b110100111101001 #
b110100111101001 (
b100001111 ""
b10001011110110010 &
#2750000
09
0"
06
08
07
02
11
b1111100110011000 !
b1111100110011000 0
b1000 =
b1111 >
b1001 /
b1001 G
b1010 .
b1010 Q
b11011 R
b1000 -
b1000 [
b1110 \
b1001 ,
b1001 e
b1111 f
b1111 +
b1111 o
b0 p
b0 *
b0 y
b11111 z
b100 <
b1101 E
b1101 O
b11 Y
b11 c
b1 m
b1 w
b11 ;
b1100 D
b1100 N
b101 X
b101 b
b1110 l
b1110 v
b1001111010100 $
b1001111010100 )
b1110010111000011 #
b1110010111000011 (
b100010000 ""
b1110001101000010 &
#2760000
1"
19
12
16
18
17
b1100 -
b1100 [
b1101 ,
b1101 e
b111 +
b111 o
b10000 p
b1000 *
b1000 y
b1000110101010100 !
b1000110101010100 0
b100 =
b11110 H
b100 /
b100 G
b11111 R
b101 .
b101 Q
b11110 \
b11111 f
b110 <
b1101 Y
b1101 c
b1001 m
b1001 w
b1110 ;
b111 D
b111 N
b1111 X
b1111 b
b11100 >
0%
b1001110111010110 $
b1001110111010110 )
b1110111101111110 #
b1110111101111110 (
b100010001 ""
b1111100110011000 &
#2770000
06
12
b10001 R
b11001 z
b11010000100011 !
b11010000100011 0
b11 =
b0 >
b10000 H
b10 /
b10 G
b11 .
b11 Q
b11000 \
b11 -
b11 [
b100 ,
b100 e
b10 +
b10 o
b11000 p
b11 *
b11 y
b0 <
b1010 E
b1010 O
b1111 Y
b1111 c
b1110 m
b1110 w
b11 ;
b1000 D
b1000 N
b100 X
b100 b
b100 l
b100 v
b1110111110100000 $
b1110111110100000 )
b100010010000011 #
b100010010000011 (
b100010010 ""
b11000110101010100 &
#2780000
16
15
04
13
b11110 >
b0 H
b10111 f
b11011 z
b1010011100000100 !
b1010011100000100 0
b100 =
b1111 /
b1111 G
b0 .
b0 Q
b11111 R
b10110 \
b110 -
b110 [
b111 ,
b111 e
b1001 +
b1001 o
b1010 *
b1010 y
b101 <
b100 E
b100 O
b1011 Y
b1011 c
b1101 m
b1101 w
b1111 ;
b1011 D
b1011 N
b1011 X
b1011 b
b1100 l
b1100 v
b1101101101000101 $
b1101101101000101 )
b1100101110111111 #
b1100101110111111 (
b100010011 ""
b10011010000100011 &
#2790000
09
0"
05
b1 +
b1 o
b10 *
b10 y
08
07
02
01
06
03
b1011 -
b1011 [
b0 \
b1100 ,
b1100 e
b111 f
b1101110111010 !
b1101110111010 0
b1010 =
b1010 >
b1000 H
b1011 /
b1011 G
b1100 .
b1100 Q
b1111 R
b0 p
b11 z
b111 E
b111 O
b0 Y
b0 c
b1 m
b1 w
b101 ;
b100 D
b100 N
b0 l
b0 v
b1000001110101 $
b1000001110101 )
b101101000101 #
b101101000101 (
b100010100 ""
b11010011100000100 &
#2800000
19
15
16
18
17
14
13
b100 -
b100 [
b10110 \
b101 ,
b101 e
b10111 f
b1001010100110010 !
b1001010100110010 0
b10 =
b11000 >
b10 /
b10 G
b11000 H
b11 .
b11 Q
b11001 R
b1110 p
b1000 +
b1000 o
b1001 *
b1001 y
b1111 z
b1100 <
b110 E
b110 O
b1001 Y
b1001 c
b101 m
b101 w
b110 ;
b1100 D
b1100 N
b11 l
b11 v
b101100101101100 $
b101100101101100 )
b11101111000110 #
b11101111000110 (
b100010101 ""
b1101110111010 &
#2810000
05
06
04
03
1"
b1100 /
b1100 G
b1101 .
b1101 Q
19
12
11
18
17
b11111 z
b110000111001101 !
b110000111001101 0
b1101 =
b0 >
b110 H
b111 R
b1 -
b1 [
b11100 \
b10 ,
b10 e
b11111 f
b11100 p
b101 +
b101 o
b110 *
b110 y
b1001 E
b1001 O
b1110 Y
b1110 c
b1111 m
b1111 w
b1 ;
b11 D
b11 N
b11 X
b11 b
b110 l
b110 v
b1111111010011100 $
b1111111010011100 )
b110001100110001 #
b110001100110001 (
b100010110 ""
b1001010100110010 &
#2820000
b1011 .
b1011 Q
0"
b1010 /
b1010 G
02
01
16
b1 R
b11000 \
b111 z
b100101010111101 !
b100101010111101 0
b1101 =
b11100 >
b0 H
b1010 -
b1010 [
b11001 f
b1011 ,
b1011 e
b11 +
b11 o
b0 p
b100 *
b100 y
b1110 <
b0 E
b0 O
b1100 Y
b1100 c
b10 m
b10 w
b1111 ;
b1010 D
b1010 N
b1110 X
b1110 b
b1 l
b1 v
b10110000001110 $
b10110000001110 )
b1111010101111 #
b1111010101111 (
b100010111 ""
b10110000111001101 &
#2830000
09
08
07
01
15
14
13
b1000 /
b1000 G
b11110 H
b1001 .
b1001 Q
b1101111110010000 !
b1101111110010000 0
b0 =
b11111 R
b0 \
b1110 -
b1110 [
b1 f
b1111 ,
b1111 e
b1101 +
b1101 o
b1110 *
b1110 y
b11 z
b1101 E
b1101 O
b1110 Y
b1110 c
b1001 m
b1001 w
b10 ;
b1011 D
b1011 N
b0 X
b0 b
b100 l
b100 v
b1001111011011110 $
b1001111011011110 )
b100000010110010 #
b100000010110010 (
b100011000 ""
b100101010111101 &
#2840000
1"
19
18
17
11
05
04
03
b0 -
b0 [
b1 ,
b1 e
b1100 /
b1100 G
b101 R
b1101 .
b1101 Q
b11110 \
b1111 +
b1111 o
b0 *
b0 y
b11111 z
b100 H
b11111 f
b11010011 !
b11010011 0
b11 =
b1000 <
b10 E
b10 O
b1 Y
b1 c
b1111 m
b1111 w
b1010 ;
b1010 D
b1010 N
b1111 X
b1111 b
b0 l
b0 v
b10001 >
1%
b1111000100101000 $
b1111000100101000 )
b111110101010 #
b111110101010 (
b100011001 ""
b1101111110010000 &
#2850000
09
08
07
15
0"
06
14
13
01
b101101101101101 !
b101101101101101 0
b1101 =
b110 /
b110 G
b111 .
b111 Q
b101 +
b101 o
b110 *
b110 y
b11 z
b10010 H
b10011 R
b1010 -
b1010 [
b10 \
b1011 ,
b1011 e
b11 f
b11 <
b1101 E
b1101 O
b101 m
b101 w
b1001 D
b1001 N
b1001 X
b1001 b
b100 >
0%
b101000111010011 $
b101000111010011 )
b100110011010 #
b100110011010 (
b100011010 ""
b10000000011010011 &
#2860000
09
08
07
16
b1110111110000111 !
b1110111110000111 0
b111 =
b1 f
b111 /
b111 G
b10000 H
b1000 .
b1000 Q
b11111 R
b0 \
b1110 -
b1110 [
b1111 ,
b1111 e
b1110 +
b1110 o
b1110 p
b1111 *
b1111 y
b1111 z
b1011 <
b1000 E
b1000 O
b10 Y
b10 c
b111 m
b111 w
b1011 ;
b1111 D
b1111 N
b1100 X
b1100 b
b111 l
b111 v
b10111 >
1%
b111001010001011 $
b111001010001011 )
b111110011111011 #
b111110011111011 (
b100011011 ""
b101101101101101 &
#2870000
15
06
14
b11 /
b11 G
b11000 H
b100 .
b100 Q
b111 f
b111 z
b11110000111110 !
b11110000111110 0
b1110 =
b11 >
b1011 -
b1011 [
b1100 ,
b1100 e
b11 +
b11 o
b0 p
b100 *
b100 y
b1 <
b111 E
b111 O
b11 Y
b11 c
b1 m
b1 w
b1100 ;
b1100 D
b1100 N
b1000 X
b1000 b
b10 l
b10 v
b1001101110001 $
b1001101110001 )
b10100011001100 #
b10100011001100 (
b100011100 ""
b1110111110000111 &
#2880000
1"
12
11
19
05
18
17
04
03
b11 -
b11 [
b10000 \
b100 ,
b100 e
b10111 f
b11000 p
b10001111011100 !
b10001111011100 0
b1100 =
b1101 /
b1101 G
b1100 H
b1110 .
b1110 Q
b1111 R
b1 +
b1 o
b11011 z
b10 *
b10 y
b1011 <
b1000 Y
b1000 c
b100 m
b100 w
b1 ;
b110 D
b110 N
b1011 X
b1011 b
b1101 l
b1101 v
b110 >
0%
b100100001111011 $
b100100001111011 )
b1101101101100001 #
b1101101101100001 (
b100011101 ""
b11110000111110 &
#2890000
15
14
13
b101010101010010 !
b101010101010010 0
b10 =
b101 /
b101 G
b10000 H
b110 .
b110 Q
b10011 R
b100 -
b100 [
b101 ,
b101 e
b10001 f
b100 +
b100 o
b10110 p
b101 *
b101 y
b10111 z
b0 <
b1100 E
b1100 O
b1001 m
b1001 w
b1001 D
b1001 N
b1100 X
b1100 b
b1011 l
b1011 v
b11 >
1%
b1001100011000000 $
b1001100011000000 )
b1011110010010001 #
b1011110010010001 (
b100011110 ""
b10010001111011100 &
#2900000
16
1"
05
09
12
11
04
03
08
07
b111 -
b111 [
b1000 ,
b1000 e
b10 +
b10 o
b11110 p
b11 *
b11 y
b11111 z
b10011111010010 !
b10011111010010 0
b10 =
b1100 /
b1100 G
b1110 H
b1101 .
b1101 Q
b1111 R
b0 \
b1111 f
b100 <
b101 E
b101 O
b11 Y
b11 c
b111 m
b111 w
b1110 ;
b111 D
b111 N
b100 X
b100 b
b11000 >
0%
b111001101010100 $
b111001101010100 )
b1011010001111110 #
b1011010001111110 (
b100011111 ""
b10101010101010010 &
#2910000
16
15
19
0"
14
13
18
17
02
01
b10 /
b10 G
b11 .
b11 Q
b11001 R
b101 -
b101 [
b10000 \
b110 ,
b110 e
b11000 H
b10011 f
b1001 +
b1001 o
b1100 p
b1010 *
b1010 y
b1111 z
b1010011000110001 !
b1010011000110001 0
b1 =
b111 <
b1110 E
b1110 O
b1101 Y
b1101 c
b1001 ;
b100 D
b100 N
b1000 X
b1000 b
b10 l
b10 v
b11111 >
1%
b111110111100111 $
b111110111100111 )
b10100001001001 #
b10100001001001 (
b100100000 ""
b10010011111010010 &
#2920000
05
06
04
03
09
0"
08
07
02
01
b111 >
b1101010111011111 !
b1101010111011111 0
b1111 =
b1101 /
b1101 G
b0 H
b1110 .
b1110 Q
b11 R
b0 \
b11 f
b1101 +
b1101 o
b0 p
b1110 *
b1110 y
b11 z
b1011 <
b101 E
b101 O
b0 Y
b0 c
b0 m
b0 w
b11 ;
b1000 D
b1000 N
b101 X
b101 b
b1101 l
b1101 v
b1011011 $
b1011011 )
b1101010110000011 #
b1101010110000011 (
b100100001 ""
b1010011000110001 &
#2930000
15
14
1"
13
11
b1001 -
b1001 [
19
b1010 ,
b1010 e
18
17
b11111 R
b11100 \
b0 /
b0 G
b11110 H
b1 .
b1 Q
b11111 f
b1111 +
b1111 o
b0 *
b0 y
b11111 z
b101000001100 !
b101000001100 0
b1100 =
b111 <
b111 E
b111 O
b1010 Y
b1010 c
b100 m
b100 w
b101 ;
b1001 D
b1001 N
b1111 X
b1111 b
b1011 l
b1011 v
b1110 >
0%
b100101001110111 $
b100101001110111 )
b1011111110010101 #
b1011111110010101 (
b100100010 ""
b1101010111011111 &
#2940000
16
b11101 R
b1101 -
b1101 [
b1110 ,
b1110 e
b111010010110 !
b111010010110 0
b110 =
b11100 H
b1000 /
b1000 G
b1001 .
b1001 Q
b1111 <
b1010 E
b1010 O
b1110 Y
b1110 c
b1010 m
b1010 w
b110 ;
b1110 D
b1110 N
b101 l
b101 v
b11111 >
1%
b1010111010101111 $
b1010111010101111 )
b101111111100110 #
b101111111100110 (
b100100011 ""
b10000101000001100 &
#2950000
06
15
14
13
12
1"
09
08
07
b111 f
b1010000001110 !
b1010000001110 0
b1110 =
b11110 H
b0 /
b0 G
b11111 R
b1 .
b1 Q
b11 -
b11 [
b0 \
b100 ,
b100 e
b1 +
b1 o
b11100 p
b10 *
b10 y
b1100 <
b1111 E
b1111 O
b11 Y
b11 c
b1011 m
b1011 w
b10 ;
b1 D
b1 N
b0 X
b0 b
b110 l
b110 v
b0 >
0%
b1011001111111100 $
b1011001111111100 )
b110000000010010 #
b110000000010010 (
b100100100 ""
b10000111010010110 &
#2960000
04
16
b1 -
b1 [
b10 ,
b10 e
b11 f
b10000 p
b111001000000011 !
b111001000000011 0
b11 =
b11000 >
b1111 /
b1111 G
b0 H
b0 .
b0 Q
b111 +
b111 o
b1000 *
b1000 y
b1111 <
b11 E
b11 O
b1 Y
b1 c
b1000 m
b1000 w
b100 ;
b1100 D
b1100 N
b1111 l
b1111 v
b1000000100111111 $
b1000000100111111 )
b1111000011000100 #
b1111000011000100 (
b100100101 ""
b10001010000001110 &
#2970000
06
01
19
05
0"
18
17
03
02
b10111 f
b1011010011001101 !
b1011010011001101 0
b1101 =
b100 >
b1110 H
b1100 /
b1100 G
b1101 .
b1101 Q
b1111 R
b100 -
b100 [
b10110 \
b101 ,
b101 e
b1010 +
b1010 o
b10 p
b11 z
b1011 *
b1011 y
b1010 <
b101 E
b101 O
b1011 Y
b1011 c
b1001 m
b1001 w
b11 ;
b111 D
b111 N
b1001 X
b1001 b
b1 l
b1 v
b1001101101011010 $
b1001101101011010 )
b1100101110011 #
b1100101110011 (
b100100110 ""
b10111001000000011 &
#2980000
1"
12
11
16
15
14
13
b11011001110011 !
b11011001110011 0
b11 =
b10 +
b10 o
b11 *
b11 y
b11001 z
b110 /
b110 G
b11110 H
b111 .
b111 Q
b11111 R
b10100 \
b101 -
b101 [
b110 ,
b110 e
b11000 p
b100 <
b111 E
b111 O
b110 m
b110 w
b1110 ;
b1111 D
b1111 N
b1010 X
b1010 b
b1100 l
b1100 v
b11001 >
1%
b110101101110100 $
b110101101110100 )
b1100101011111110 #
b1100101011111110 (
b100100111 ""
b1011010011001101 &
#2990000
1"
02
11
06
b1100 /
b1100 G
b11101 R
b1101 .
b1101 Q
b11 -
b11 [
b10000 \
b100 ,
b100 e
b11100 H
b1111 +
b1111 o
b0 p
b0 *
b0 y
b11111 z
b10011000100 !
b10011000100 0
b100 =
b10 <
b1110 E
b1110 O
b1000 Y
b1000 c
b100 m
b100 w
b10 ;
b1110 D
b1110 N
b1011 X
b1011 b
b1011 l
b1011 v
b100 >
0%
b100100011100010 $
b100100011100010 )
b1011101111100010 #
b1011101111100010 (
b100101000 ""
b10011011001110011 &
#3000000
b10 /
b10 G
b11 .
b11 Q
19
16
12
08
17
b1101000000111000 !
b1101000000111000 0
b1000 =
b10010 H
b10011 R
b1111 -
b1111 [
b0 \
b0 ,
b0 e
b11111 f
b1100 +
b1100 o
b11100 p
b11101 z
b1101 *
b1101 y
b1111 <
b1001 E
b1001 O
b1101 Y
b1101 c
b1110 m
b1110 w
b1000 ;
b1001 D
b1001 N
b10 X
b10 b
b1110 l
b1110 v
b11111 >
1%
b1110110110011111 $
b1110110110011111 )
b1110001010011000 #
b1110001010011000 (
b100101001 ""
b10000010011000100 &
#3010000
1"
02
11
18
b10111 f
b10110110000 !
b10110110000 0
b0 =
b11110 H
b1010 /
b1010 G
b11111 R
b1011 .
b1011 Q
b100 -
b100 [
b10110 \
b101 ,
b101 e
b0 p
b1111 +
b1111 o
b11111 z
b0 *
b0 y
b1101 <
b1011 E
b1011 O
b1011 Y
b1011 c
b111 m
b111 w
b10 ;
b1111 D
b1111 N
b1001 X
b1001 b
b1000 l
b1000 v
b111101110111101 $
b111101110111101 )
b1000100111110010 #
b1000100111110010 (
b100101010 ""
b11101000000111000 &
#3020000
0"
01
06
b0 /
b0 G
b1 .
b1 Q
b1011 -
b1011 [
b1100 ,
b1100 e
b1010 +
b1010 o
b1011 *
b1011 y
b1 z
b1001 >
b1011110000001001 !
b1011110000001001 0
b1001 =
b11000 \
b11111 f
b100 <
b101 E
b101 O
b1100 Y
b1100 c
b1010 m
b1010 w
b100 ;
b1011 D
b1011 N
b1111 X
b1111 b
b0 l
b0 v
b1010110001010100 $
b1010110001010100 )
b111110110100 #
b111110110100 (
b100101011 ""
b10000010110110000 &
#3030000
05
04
03
09
1"
16
08
07
12
11
b1011 /
b1011 G
b0 H
b1100 .
b1100 Q
b111 R
b0 \
b110010111000000 !
b110010111000000 0
b0 =
b11111 >
b101 -
b101 [
b110 ,
b110 e
b11 f
b110 +
b110 o
b10010 p
b111 *
b111 y
b10011 z
b1100 <
b1010 E
b1010 O
b1 Y
b1 c
b1001 m
b1001 w
b11 ;
b1 D
b1 N
b100 X
b100 b
b1101 l
b1101 v
b1001000110101100 $
b1001000110101100 )
b1101010000010011 #
b1101010000010011 (
b100101100 ""
b1011110000001001 &
#3040000
19
18
17
0"
02
01
b100001101110001 !
b100001101110001 0
b1 =
b11000 \
b110 /
b110 G
b110 H
b111 .
b111 Q
b11 -
b11 [
b11111 f
b100 ,
b100 e
b11 +
b11 o
b0 p
b100 *
b100 y
b111 z
b101 <
b11 E
b11 O
b100 Y
b100 c
b10 m
b10 w
b1011 ;
b11 D
b11 N
b1111 X
b1111 b
b1 l
b1 v
b10010000110101 $
b10010000110101 )
b1111100111011 #
b1111100111011 (
b100101101 ""
b10110010111000000 &
#3050000
09
07
08
b1100 ,
b1100 e
1"
b1011 -
b1011 [
12
11
06
b1000 /
b1000 G
b1110 H
b1001 .
b1001 Q
b1111 R
b111 f
b10000 p
b10111 z
b11101110001001 !
b11101110001001 0
b1001 =
b0 \
b101 E
b101 O
b10 Y
b10 c
b1010 m
b1010 w
b100 ;
b1001 X
b1001 b
b1001 l
b1001 v
b1000 >
0%
b1010001001010101 $
b1010001001010101 )
b1001100100110100 #
b1001100100110100 (
b100101110 ""
b100001101110001 &
#3060000
18
19
17
1"
15
12
11
14
13
b1001 /
b1001 G
b1010 .
b1010 Q
b11010110011001 !
b11010110011001 0
b1001 =
b1100 >
b11100 H
b11111 R
b100 -
b100 [
b11100 \
b101 ,
b101 e
b11101 f
b11110 p
b10 +
b10 o
b11 *
b11 y
b11111 z
b111 <
b1010 E
b1010 O
b110 Y
b110 c
b11 m
b11 w
b10 ;
b1111 D
b1111 N
b1110 X
b1110 b
b1111 l
b1111 v
b11011010100111 $
b11011010100111 )
b1111111011110010 #
b1111111011110010 (
b100101111 ""
b10011101110001001 &
#3070000
0"
02
01
b101 =
09
08
07
b1011100100100101 !
b1011100100100101 0
b11000 H
b0 >
b10 /
b10 G
b11 .
b11 Q
b11001 R
b1000 -
b1000 [
b1100 \
b1001 ,
b1001 e
b1101 f
b1011 +
b1011 o
b0 p
b1100 *
b1100 y
b111 z
b1 <
b100 E
b100 O
b10 Y
b10 c
b1010 m
b1010 w
b100 ;
b1110 D
b1110 N
b110 X
b110 b
b1 l
b1 v
b1010001001000001 $
b1010001001000001 )
b1011011100100 #
b1011011100100 (
b100110000 ""
b10011010110011001 &
#3080000
09
1"
16
08
07
12
11
b1011 /
b1011 G
b1100 .
b1100 Q
b11111 R
b1000 -
b1000 [
b0 \
b1001 ,
b1001 e
b1 f
b1010 +
b1010 o
b11010 p
b1011 *
b1011 y
b11011 z
b1010100111001000 !
b1010100111001000 0
b1000 =
b1101 <
b1100 E
b1100 O
b0 Y
b0 c
b1101 m
b1101 w
b1010 ;
b1111 D
b1111 N
b1000 X
b1000 b
b1101 l
b1101 v
b11111 >
1%
b1101000011001101 $
b1101000011001101 )
b1101100011111010 #
b1101100011111010 (
b100110001 ""
b1011100100100101 &
#3090000
06
b0 +
b0 o
b1 *
b1 y
b1100 \
b1101 f
b1001 /
b1001 G
b11100 H
b1010 .
b1010 Q
b1000 -
b1000 [
b1001 ,
b1001 e
b10000 p
b10001 z
b100110011101 !
b100110011101 0
b1101 =
b1000 <
b1110 E
b1110 O
b10 Y
b10 c
b1000 m
b1000 w
b101 ;
b1011 D
b1011 N
b110 X
b110 b
b1000 l
b1000 v
b0 >
0%
b1000001011101000 $
b1000001011101000 )
b1000011010110101 #
b1000011010110101 (
b100110010 ""
b11010100111001000 &
#3100000
05
19
0"
04
03
18
17
02
01
b111 R
b1101 -
b1101 [
b1110 ,
b1110 e
b100 /
b100 G
b110 H
b101 .
b101 Q
b11100 \
b11111 f
b1010 +
b1010 o
b0 p
b1011 *
b1011 y
b1 z
b1011110101001010 !
b1011110101001010 0
b1010 =
b111 <
b11 E
b11 O
b1111 Y
b1111 c
b10 ;
b1 D
b1 N
b1110 X
b1110 b
b10 l
b10 v
b1111 >
1%
b1000111100110111 $
b1000111100110111 )
b10111000010010 #
b10111000010010 (
b100110011 ""
b10000100110011101 &
#3110000
15
14
13
06
b11001 f
b1110 +
b1110 o
b1111 *
b1111 y
b1111001100011000 !
b1111001100011000 0
b1000 =
b11100 H
b1 /
b1 G
b11111 R
b10 .
b10 Q
b11000 \
b10 -
b10 [
b11 ,
b11 e
b0 <
b10 E
b10 O
b1110 Y
b1110 c
b100 m
b100 w
b1000 ;
b1111 D
b1111 N
b100 X
b100 b
b1010 l
b1010 v
b0 >
0%
b100111000100000 $
b100111000100000 )
b1010010011111000 #
b1010010011111000 (
b100110100 ""
b1011110101001010 &
#3120000
09
08
07
b11 z
b101100000001110 !
b101100000001110 0
b1110 =
b0 /
b0 G
b1 .
b1 Q
b11101 R
b111 -
b111 [
b0 \
b1000 ,
b1000 e
b1111 f
b101 +
b101 o
b110 *
b110 y
b1100 <
b1110 E
b1110 O
b101 Y
b101 c
b101 m
b101 w
b10 ;
b10 D
b10 N
b10 X
b10 b
b0 l
b0 v
b101010111101100 $
b101010111101100 )
b1000100010 #
b1000100010 (
b100110101 ""
b1111001100011000 &
#3130000
05
09
04
03
16
07
b1000 /
b1000 G
b1110 H
b1001 .
b1001 Q
b1010110010011000 !
b1010110010011000 0
b1000 =
b11100 >
b1111 R
b110 \
b1100 -
b1100 [
b1101 ,
b1101 e
b111 f
b1010 +
b1010 o
b1010 p
b1011 *
b1011 y
b1011 z
b1110 <
b1 E
b1 O
b1 Y
b1 c
b1010 ;
b111 D
b111 N
b1011 X
b1011 b
b101 l
b101 v
b101000100011110 $
b101000100011110 )
b101101101111010 #
b101101101111010 (
b100110110 ""
b101100000001110 &
#3140000
05
b1110 +
b1110 o
1"
b1111 *
b1111 y
04
03
12
11
b1110100111110110 !
b1110100111110110 0
b110 =
b10110 >
b1111 f
b1110 /
b1110 G
b0 H
b1111 .
b1111 Q
b1 R
b1100 \
b1001 -
b1001 [
b1010 ,
b1010 e
b11110 p
b11111 z
b1011 <
b0 E
b0 O
b111 Y
b111 c
b1111 m
b1111 w
b1011 ;
b1110 D
b1110 N
b10 X
b10 b
b1111 l
b1111 v
b1111011100001011 $
b1111011100001011 )
b1111001011101011 #
b1111001011101011 (
b100110111 ""
b1010110010011000 &
#3150000
0"
19
02
01
18
17
b1110 H
b0 p
b1111 z
b1100 /
b1100 G
b1111 R
b1101 .
b1101 Q
b1011 -
b1011 [
b11000 \
b1100 ,
b1100 e
b11111 f
b111 +
b111 o
b1000 *
b1000 y
b1000101111011011 !
b1000101111011011 0
b1011 =
b1100 <
b111 E
b111 O
b1101 Y
b1101 c
b10 m
b10 w
b1110 ;
b101 D
b101 N
b1110 X
b1110 b
b101 l
b101 v
b11001 >
1%
b10110101111100 $
b10110101111100 )
b101111001011110 #
b101111001011110 (
b100111000 ""
b11110100111110110 &
#3160000
12
06
09
1"
05
08
07
11
04
03
b111 -
b111 [
b0 \
b1000 ,
b1000 e
b1111 f
b11010 p
b10 +
b10 o
b11 *
b11 y
b11011 z
b10011110011110 !
b10011110011110 0
b1110 =
b111 >
b1001 /
b1001 G
b0 H
b1010 .
b1010 Q
b11 R
b10 <
b1 E
b1 O
b11 Y
b11 c
b1101 m
b1101 w
b1011 ;
b1000 D
b1000 N
b100 X
b100 b
b1101001100010010 $
b1101001100010010 )
b101010010001011 #
b101010010001011 (
b100111001 ""
b1000101111011011 &
#3170000
0"
02
01
15
14
13
b110 /
b110 G
b10000 H
b111 .
b111 Q
b10001 R
b110 -
b110 [
b111 ,
b111 e
b1 f
b1101 +
b1101 o
b0 p
b1110 *
b1110 y
b11 z
b1101011101100101 !
b1101011101100101 0
b101 =
b1 <
b1110 E
b1110 O
b0 Y
b0 c
b0 m
b0 w
b11 ;
b110 X
b110 b
b1101 l
b1101 v
b11100001 $
b11100001 )
b1101011010000011 #
b1101011010000011 (
b100111010 ""
b10010011110011110 &
#3180000
19
17
16
15
14
13
b11111 >
b11111 f
b1110 p
b1111 z
b1101000000100000 !
b1101000000100000 0
b0 =
b1 /
b1 G
b11000 H
b10 .
b10 Q
b11011 R
b1111 -
b1111 [
b0 ,
b0 e
b1100 +
b1100 o
b1101 *
b1101 y
b101 <
b1101 E
b1101 O
b11 Y
b11 c
b111 m
b111 w
b1010 ;
b100 D
b100 N
b1100 X
b1100 b
b101 l
b101 v
b111001111010101 $
b111001111010101 )
b101110001001010 #
b101110001001010 (
b100111011 ""
b1101011101100101 &
#3190000
1"
18
06
12
11
b11100 H
b1010 -
b1010 [
b11000 \
b11001 f
b1011 ,
b1011 e
b110 +
b110 o
b111 *
b111 y
b111101111011001 !
b111101111011001 0
b1001 =
b1001 >
b1101 /
b1101 G
b11111 R
b1110 .
b1110 Q
b10000 p
b10001 z
b100 <
b1111 E
b1111 O
b1100 Y
b1100 c
b1000 m
b1000 w
b100 ;
b1110 D
b1110 N
b1110 X
b1110 b
b1110 l
b1110 v
b1000110011110100 $
b1000110011110100 )
b1110111011100100 #
b1110111011100100 (
b100111100 ""
b1101000000100000 &
#3200000
05
04
0"
06
02
01
b11100 \
b110110111111101 !
b110110111111101 0
b1101 =
b0 H
b1111 /
b1111 G
b0 .
b0 Q
b1101 -
b1101 [
b1110 ,
b1110 e
b11111 f
b101 +
b101 o
b100 p
b110 *
b110 y
b111 z
b11 <
b1110 E
b1110 O
b1110 Y
b1110 c
b10 m
b10 w
b1010 ;
b1 D
b1 N
b1111 X
b1111 b
b11 l
b11 v
b100 >
0%
b10111011100011 $
b10111011100011 )
b11111100011010 #
b11111100011010 (
b100111101 ""
b10111101111011001 &
#3210000
14
15
16
0"
02
01
09
08
07
b1100100100100001 !
b1100100100100001 0
b1 =
b1111 f
b1 /
b1 G
b11100 H
b10 .
b10 Q
b1110 \
b1000 -
b1000 [
b1001 ,
b1001 e
b0 p
b1100 +
b1100 o
b1 z
b1101 *
b1101 y
b1101 <
b10 E
b10 O
b111 Y
b111 c
b100 m
b100 w
b11 ;
b1111 D
b1111 N
b1 X
b1 b
b1000 l
b1000 v
b11111 >
1%
b100011100101101 $
b100011100101101 )
b1000000111110011 #
b1000000111110011 (
b100111110 ""
b110110111111101 &
#3220000
1"
12
11
09
08
07
b1101 -
b1101 [
b0 \
b1110 ,
b1110 e
b11 f
b111011001001 !
b111011001001 0
b1001 =
b1011 /
b1011 G
b11000 H
b1100 .
b1100 Q
b0 +
b0 o
b11000 p
b1 *
b1 y
b11001 z
b1100 <
b1110 E
b1110 O
b1000 Y
b1000 c
b1100 m
b1100 w
b1101 ;
b1101 D
b1101 N
b101 X
b101 b
b100 l
b100 v
b11000 >
0%
b1100100011101100 $
b1100100011101100 )
b100010111011101 #
b100010111011101 (
b100111111 ""
b1100100100100001 &
#3230000
b1110 \
b110 /
b110 G
b11110 H
b111 .
b111 Q
b1000 -
b1000 [
b1001 ,
b1001 e
b1111 f
b10000 p
b11 +
b11 o
b10111 z
b100 *
b100 y
b11100101111000 !
b11100101111000 0
b1000 =
b1000 <
b111 E
b111 O
b101 Y
b101 c
b1000 m
b1000 w
b1111 ;
b1111 D
b1111 N
b11 X
b11 b
b1011 l
b1011 v
b11111 >
1%
b1000010101111000 $
b1000010101111000 )
b1011001111111111 #
b1011001111111111 (
b101000000 ""
b10000111011001001 &
#3240000
19
1"
18
17
02
11
b11110 \
b11111 f
b0 p
b11100100011 !
b11100100011 0
b11 =
b11100 H
b1 /
b1 G
b10 .
b10 Q
b110 -
b110 [
b111 ,
b111 e
b1111 +
b1111 o
b0 *
b0 y
b11111 z
b1011 <
b1111 E
b1111 O
b1111 Y
b1111 c
b0 m
b0 w
b111 ;
b10 D
b10 N
b111 X
b111 b
b1111 l
b1111 v
b111111111011 $
b111111111011 )
b1111011100100111 #
b1111011100100111 (
b101000001 ""
b10011100101111000 &
#3250000
05
04
03
12
b111 R
b10010 p
b11001011000111 !
b11001011000111 0
b111 =
b1011 /
b1011 G
b0 H
b1100 .
b1100 Q
b10 -
b10 [
b11 ,
b11 e
b10 +
b10 o
b11 *
b11 y
b10011 z
b1011 E
b1011 O
b111 Y
b111 c
b1001 m
b1001 w
b1100 ;
b0 D
b0 N
b1011 X
b1011 b
b1001 l
b1001 v
b10000 >
0%
b1001011110111011 $
b1001011110111011 )
b1001101100001100 #
b1001101100001100 (
b101000010 ""
b10000011100100011 &
#3260000
0"
02
01
b1000 H
b1010 /
b1010 G
b1011 .
b1011 Q
b10111 f
b1010 +
b1010 o
b1011 *
b1011 y
b1011010110110011 !
b1011010110110011 0
b11 =
b1001 R
b101 -
b101 [
b10100 \
b110 ,
b110 e
b1110 p
b1111 z
b1010 <
b110 E
b110 O
b1011 Y
b1011 c
b111 m
b111 w
b1001 ;
b100 D
b100 N
b1010 X
b1010 b
b11 l
b11 v
b111101101101010 $
b111101101101010 )
b11101001001001 #
b11101001001001 (
b101000011 ""
b10011001011000111 &
#3270000
05
09
1"
06
04
03
08
07
12
11
b0 >
b1010 /
b1010 G
b1011 .
b1011 Q
b1011101110101110 !
b1011101110101110 0
b1110 =
b10 H
b11 R
b1011 -
b1011 [
b0 \
b1100 ,
b1100 e
b111 f
b1011 +
b1011 o
b11000 p
b1100 *
b1100 y
b11111 z
b110 <
b1001 E
b1001 O
b1001 Y
b1001 c
b1110 m
b1110 w
b1000 ;
b1 D
b1 N
b10 X
b10 b
b1101 l
b1101 v
b1110100110010110 $
b1110100110010110 )
b1101001000011000 #
b1101001000011000 (
b101000100 ""
b1011010110110011 &
#3280000
16
b11110 p
b100010111101100 !
b100010111101100 0
b1100 =
b1101 /
b1101 G
b100 H
b1110 .
b1110 Q
b111 R
b101 -
b101 [
b110 ,
b110 e
b11 f
b100 +
b100 o
b101 *
b101 y
b1101 <
b1011 E
b1011 O
b100 Y
b100 c
b1101 m
b1101 w
b1110 ;
b10 D
b10 N
b1 X
b1 b
b111 l
b111 v
b11111 >
1%
b1101010010111101 $
b1101010010111101 )
b111000100101110 #
b111000100101110 (
b101000101 ""
b11011101110101110 &
#3290000
0"
06
02
01
b100 +
b100 o
b101 *
b101 y
b101 z
b1110 /
b1110 G
b1110 H
b1111 .
b1111 Q
b1111 R
b1101 -
b1101 [
b1110 ,
b1110 e
b100 p
b100110111101011 !
b100110111101011 0
b1011 =
b101 <
b111 E
b111 O
b101 Y
b101 c
b10 m
b10 w
b110 ;
b111 D
b111 N
b1000 X
b1000 b
b10 l
b10 v
b1000 >
0%
b10010101110101 $
b10010101110101 )
b10100001110110 #
b10100001110110 (
b101000110 ""
b10100010111101100 &
#3300000
19
18
17
1"
15
16
12
11
14
13
b110001100010000 !
b110001100010000 0
b0 =
b11110 >
b0 /
b0 G
b11110 H
b1 .
b1 Q
b11111 R
b10 -
b10 [
b11010 \
b11 ,
b11 e
b11011 f
b101 +
b101 o
b10000 p
b110 *
b110 y
b10011 z
b1011 <
b1101 Y
b1101 c
b1100 m
b1100 w
b101 ;
b1001 D
b1001 N
b101 X
b101 b
b1001 l
b1001 v
b1100110101111011 $
b1100110101111011 )
b1001010110010101 #
b1001010110010101 (
b101000111 ""
b100110111101011 &
#3310000
09
08
07
0"
02
01
b11001 R
b111110100111000 !
b111110100111000 0
b1000 =
b11000 H
b10 /
b10 G
b11 .
b11 Q
b1100 -
b1100 [
b0 \
b1101 ,
b1101 e
b1 f
b111 +
b111 o
b0 p
b1000 *
b1000 y
b1111 z
b1001 <
b1100 E
b1100 O
b1100 Y
b1100 c
b100 m
b100 w
b1111 ;
b110 D
b110 N
b0 X
b0 b
b11 l
b11 v
b100110011001001 $
b100110011001001 )
b11000001101111 #
b11000001101111 (
b101001000 ""
b10110001100010000 &
#3320000
06
1"
12
11
b10 \
b110 -
b110 [
b111 ,
b111 e
b11100 p
b0 >
b11110001110 !
b11110001110 0
b1110 =
b11110 H
b1000 /
b1000 G
b11111 R
b1001 .
b1001 Q
b11 f
b0 +
b0 o
b1 *
b1 y
b11101 z
b1010 <
b1101 E
b1101 O
b101 Y
b101 c
b1010 m
b1010 w
b100 ;
b1011 D
b1011 N
b1 X
b1 b
b110 l
b110 v
b1010010111011010 $
b1010010111011010 )
b110000110110100 #
b110000110110100 (
b101001001 ""
b111110100111000 &
#3330000
05
04
03
16
b110 \
b100 -
b100 [
b111 f
b101 ,
b101 e
b1101 /
b1101 G
b0 H
b1110 .
b1110 Q
b11 R
b1101 +
b1101 o
b11111 z
b1110 *
b1110 y
b1101010011101101 !
b1101010011101101 0
b1101 =
b1101 <
b0 E
b0 O
b11 Y
b11 c
b1110 m
b1110 w
b1111 ;
b1101 D
b1101 N
b1111 l
b1111 v
b11111 >
1%
b1110001100001101 $
b1110001100001101 )
b1111000111011111 #
b1111000111011111 (
b101001010 ""
b10000011110001110 &
#3340000
b101 =
06
b10101111010101 !
b10101111010101 0
b111 >
b1011 -
b1011 [
b1100 ,
b1100 e
b11000 p
b1000 \
b1111 f
b10 +
b10 o
b11001 z
b11 *
b11 y
b1 <
b101 E
b101 O
b100 Y
b100 c
b1100 m
b1100 w
b11 ;
b1000 D
b1000 N
b111 X
b111 b
b110 l
b110 v
b1100010001010001 $
b1100010001010001 )
b110011110000011 #
b110011110000011 (
b101001011 ""
b11101010011101101 &
#3350000
15
0"
14
13
02
01
b111 /
b111 G
b10000 H
b1000 .
b1000 Q
b11111 R
b0 p
b111011101111010 !
b111011101111010 0
b1010 =
b11 >
b110 -
b110 [
b0 \
b1 f
b111 ,
b111 e
b111 +
b111 o
b1000 *
b1000 y
b1111 z
b1001 <
b1111 E
b1111 O
b0 m
b0 w
b0 ;
b10 X
b10 b
b111 l
b111 v
b10011111001 $
b10011111001 )
b111001010000000 #
b111001010000000 (
b101001100 ""
b10010101111010101 &
#3360000
16
b11011 R
b1001 +
b1001 o
b1100 p
b1010 *
b1010 y
b1001111110101010 !
b1001111110101010 0
b1010 =
b11111 >
b1001 /
b1001 G
b11000 H
b1010 .
b1010 Q
b1110 -
b1110 [
b1111 ,
b1111 e
b1111 <
b1101 E
b1101 O
b110 m
b110 w
b1010 ;
b1100 D
b1100 N
b1010 X
b1010 b
b11 l
b11 v
b110010011011111 $
b110010011011111 )
b11101011001010 #
b11101011001010 (
b101001101 ""
b111011101111010 &
#3370000
0"
06
02
11
b1111111000110101 !
b1111111000110101 0
b101 =
b1 >
b11 /
b11 G
b100 .
b100 Q
b1111 +
b1111 o
b0 p
b0 *
b0 y
b11111 z
b10000 H
b10111 R
b1101 -
b1101 [
b11 f
b1110 ,
b1110 e
b0 <
b1011 E
b1011 O
b1000 Y
b1000 c
b1000 m
b1000 w
b100 ;
b1000 D
b1000 N
b101 X
b101 b
b111 l
b111 v
b1000100010110000 $
b1000100010110000 )
b111010110000100 #
b111010110000100 (
b101001110 ""
b1001111110101010 &
#3380000
01
05
04
03
b1010 \
b1010 -
b1010 [
b1011 f
b1011 ,
b1011 e
b1110 /
b1110 G
b10 H
b1111 .
b1111 Q
b11 R
b1010 +
b1010 o
b1011 *
b1011 y
b1 z
b1010101011101110 !
b1010101011101110 0
b1110 =
b1110 <
b1101 E
b1101 O
b101 Y
b101 c
b10 m
b10 w
b0 ;
b1 D
b1 N
b1000 l
b1000 v
b0 >
0%
b10010111011110 $
b10010111011110 )
b1000010100010000 #
b1000010100010000 (
b101001111 ""
b1111111000110101 &
#3390000
16
1"
12
11
09
08
07
b1101 /
b1101 G
b0 H
b1110 .
b1110 Q
b1110 -
b1110 [
b110 \
b1111 ,
b1111 e
b111 f
b11100 p
b1 +
b1 o
b11111 z
b10 *
b10 y
b1111011100001 !
b1111011100001 0
b1 =
b111 <
b11 Y
b11 c
b1001 ;
b0 D
b0 N
b1011 X
b1011 b
b1111 l
b1111 v
b11111 >
1%
b10001111010111 $
b10001111010111 )
b1111101100001001 #
b1111101100001001 (
b101010000 ""
b1010101011101110 &
#3400000
06
0"
02
01
b1001 /
b1001 G
b1010 .
b1010 Q
b1111 f
b1100 \
b1001 -
b1001 [
b1010 ,
b1010 e
b1110 +
b1110 o
b110 p
b1111 *
b1111 y
b111 z
b1110100110011110 !
b1110100110011110 0
b1110 =
b1 <
b1001 E
b1001 O
b111 Y
b111 c
b1011 m
b1011 w
b1101 ;
b10 X
b10 b
b11 l
b11 v
b10 >
0%
b1011011110010001 $
b1011011110010001 )
b11001000001101 #
b11001000001101 (
b101010001 ""
b10001111011100001 &
#3410000
19
1"
16
18
17
12
11
b1000000011001010 !
b1000000011001010 0
b1010 =
b1011 /
b1011 G
b1100 .
b1100 Q
b111 R
b0 -
b0 [
b11110 \
b1 ,
b1 e
b11111 f
b111 +
b111 o
b10000 p
b1000 *
b1000 y
b11111 z
b1111 <
b10 E
b10 O
b1000 m
b1000 w
b1010 ;
b1001 D
b1001 N
b1001 X
b1001 b
b1111 l
b1111 v
b11111 >
1%
b1000011100101111 $
b1000011100101111 )
b1111100110011010 #
b1111100110011010 (
b101010010 ""
b1110100110011110 &
#3420000
0"
15
09
06
14
13
02
08
07
b1111 >
b111 /
b111 G
b10000 H
b1000 .
b1000 Q
b11111 R
b1111 +
b1111 o
b0 p
b0 *
b0 y
b1111011001111110 !
b1111011001111110 0
b1110 =
b101 -
b101 [
b100 \
b110 ,
b110 e
b111 f
b110 <
b1100 E
b1100 O
b10 Y
b10 c
b111 m
b111 w
b111 ;
b1011 D
b1011 N
b11 X
b11 b
b1000 l
b1000 v
b111001011000110 $
b111001011000110 )
b1000001110110111 #
b1000001110110111 (
b101010011 ""
b11000000011001010 &
#3430000
05
03
1"
12
19
04
18
17
16
b1011 /
b1011 G
b0 H
b111 R
b1100 .
b1100 Q
b1011 -
b1011 [
b11000 \
b1100 ,
b1100 e
b11111 f
b101 +
b101 o
b11100 p
b110 *
b110 y
b110101111001011 !
b110101111001011 0
b1011 =
b1111 <
b10 E
b10 O
b1111 Y
b1111 c
b1100 ;
b1001 D
b1001 N
b1100 X
b1100 b
b1110 l
b1110 v
b11000 >
0%
b111111100101111 $
b111111100101111 )
b1110110010011100 #
b1110110010011100 (
b101010100 ""
b1111011001111110 &
#3440000
09
13
07
06
08
0"
02
01
b1111 /
b1111 G
b0 .
b0 Q
b11111 R
b1010 -
b1010 [
b1 f
b1011 ,
b1011 e
b0 \
b11 +
b11 o
b0 p
b100 *
b100 y
b111 z
b11101011111110 !
b11101011111110 0
b1110 =
b10 <
b110 E
b110 O
b0 Y
b0 c
b0 m
b0 w
b1011 ;
b1010 X
b1010 b
b11 l
b11 v
b111 >
1%
b1100010 $
b1100010 )
b11101010011011 #
b11101010011011 (
b101010101 ""
b10110101111001011 &
#3450000
03
05
16
b1001010110111100 !
b1001010110111100 0
b1100 =
b100 \
b11111 >
b1010 /
b1010 G
b1011 .
b1011 Q
b1 R
b101 -
b101 [
b111 f
b110 ,
b110 e
b1001 +
b1001 o
b11 z
b1010 *
b1010 y
b1101 <
b1000 E
b1000 O
b10 Y
b10 c
b1 m
b1 w
b1110 ;
b10 D
b10 N
b11 X
b11 b
b1000 l
b1000 v
b1001010001101 $
b1001010001101 )
b1000001100101110 #
b1000001100101110 (
b101010110 ""
b11101011111110 &
#3460000
06
1"
15
12
11
14
13
b1 >
b1010010101001011 !
b1010010101001011 0
b1011 =
b100 /
b100 G
b10100 H
b101 .
b101 Q
b10101 R
b100 -
b100 [
b0 \
b101 ,
b101 e
b1 f
b1010 +
b1010 o
b11110 p
b1011 *
b1011 y
b11111 z
b0 <
b1010 E
b1010 O
b0 Y
b0 c
b1111 m
b1111 w
b1010 ;
b1010 D
b1010 N
b100 X
b100 b
b1011 l
b1011 v
b1111000010100000 $
b1111000010100000 )
b1011010010101010 #
b1011010010101010 (
b101010111 ""
b1001010110111100 &
#3470000
0"
02
01
19
18
17
b10000 \
b10001 f
b101 z
b1101 /
b1101 G
b11100 H
b1110 .
b1110 Q
b11111 R
b110 -
b110 [
b111 ,
b111 e
b100 p
b1100 +
b1100 o
b1101 *
b1101 y
b1101011111011000 !
b1101011111011000 0
b1000 =
b1000 <
b1110 E
b1110 O
b1000 Y
b1000 c
b1010 m
b1010 w
b0 ;
b1111 D
b1111 N
b1110 X
b1110 b
b10 l
b10 v
b0 >
0%
b1010100011101000 $
b1010100011101000 )
b10111011110000 #
b10111011110000 (
b101011000 ""
b11010010101001011 &
#3480000
09
08
07
b110 >
b110110110001100 !
b110110110001100 0
b1100 =
b110 \
b1000 /
b1000 G
b11110 H
b1001 .
b1001 Q
b1100 -
b1100 [
b111 f
b1101 ,
b1101 e
b110 +
b110 o
b0 p
b111 *
b111 y
b1 z
b1011 <
b1011 E
b1011 O
b11 Y
b11 c
b110 m
b110 w
b1 ;
b1101 D
b1101 N
b1001 X
b1001 b
b0 l
b0 v
b110001110111011 $
b110001110111011 )
b100111010001 #
b100111010001 (
b101011001 ""
b1101011111011000 &
#3490000
11
05
04
03
16
b1100 /
b1100 G
b1110 H
b1101 .
b1101 Q
b1111 R
b1111011011010101 !
b1111011011010101 0
b101 =
b10000 >
b10 \
b110 -
b110 [
b11 f
b111 ,
b111 e
b1111 +
b1111 o
b11111 z
b0 *
b0 y
b1000 <
b101 E
b101 O
b1 Y
b1 c
b10 m
b10 w
b1101 ;
b111 D
b111 N
b101 X
b101 b
b1101 l
b1101 v
b10000101011000 $
b10000101011000 )
b1101010101111101 #
b1101010101111101 (
b101011010 ""
b110110110001100 &
#3500000
19
18
17
01
05
06
04
03
b1101000110011101 !
b1101000110011101 0
b1101 =
b1100 >
b1001 /
b1001 G
b0 H
b1010 .
b1010 Q
b11 R
b11100 \
b1 -
b1 [
b11111 f
b10 ,
b10 e
b100 p
b1100 +
b1100 o
b1101 *
b1101 y
b101 z
b110 <
b0 E
b0 O
b10 Y
b10 c
b1010 m
b1010 w
b111 ;
b1001 D
b1001 N
b1111 X
b1111 b
b10 l
b10 v
b1010001000000110 $
b1010001000000110 )
b10111110010111 #
b10111110010111 (
b101011011 ""
b1111011011010101 &
#3510000
1"
12
11
15
09
14
13
08
07
b1001 /
b1001 G
b11000 H
b1010 .
b1010 Q
b11011 R
b101 +
b101 o
b110 *
b110 y
b101101010011011 !
b101101010011011 0
b1011 =
b1000 >
b1001 -
b1001 [
b1100 \
b1010 ,
b1010 e
b1111 f
b11100 p
b11111 z
b111 <
b1101 E
b1101 O
b110 Y
b110 c
b1111 m
b1111 w
b100 ;
b1100 D
b1100 N
b11 X
b11 b
b110 l
b110 v
b1111011011010111 $
b1111011011010111 )
b110001111000100 #
b110001111000100 (
b101011100 ""
b1101000110011101 &
#3520000
0"
01
02
05
04
03
16
b1011 /
b1011 G
b1000 H
b1100 .
b1100 Q
b1111 R
b1010 -
b1010 [
b1110 \
b1011 ,
b1011 e
b11 z
b1101101011000000 !
b1101101011000000 0
b0 =
b11110 >
b0 p
b1101 +
b1101 o
b1110 *
b1110 y
b11 <
b111 E
b111 O
b111 Y
b111 c
b1100 m
b1100 w
b1101 ;
b100 D
b100 N
b1 l
b1 v
b1100011101110011 $
b1100011101110011 )
b1001101001101 #
b1001101001101 (
b101011101 ""
b10101101010011011 &
#3530000
15
04
13
b1111 /
b1111 G
b0 H
b0 .
b0 Q
b11111 R
b1011 f
b1101101000000111 !
b1101101000000111 0
b111 =
b10000 >
b1000 \
b1001 -
b1001 [
b1010 ,
b1010 e
b1101 +
b1101 o
b1100 p
b1110 *
b1110 y
b1111 z
b1001 <
b1011 E
b1011 O
b101 Y
b101 c
b110 m
b110 w
b1110 ;
b100 X
b100 b
b111 l
b111 v
b110010110111001 $
b110010110111001 )
b111010001001110 #
b111010001001110 (
b101011110 ""
b1101101011000000 &
#3540000
03
05
19
1"
06
18
17
12
11
b1000110111011 !
b1000110111011 0
b1011 =
b1011 /
b1011 G
b1100 .
b1100 Q
b111 R
b1 -
b1 [
b11100 \
b10 ,
b10 e
b11111 f
b0 +
b0 o
b11000 p
b1 *
b1 y
b11001 z
b1 <
b1000 E
b1000 O
b1111 Y
b1111 c
b100 m
b100 w
b1001 ;
b11 D
b11 N
b10 X
b10 b
b1100 l
b1100 v
b11 >
1%
b100111110000001 $
b100111110000001 )
b1100001000111001 #
b1100001000111001 (
b101011111 ""
b1101101000000111 &
#3550000
15
16
14
13
b110110110001101 !
b110110110001101 0
b1101 =
b101 +
b101 o
b11100 p
b110 *
b110 y
b11111 z
b111 /
b111 G
b10000 H
b1000 .
b1000 Q
b11111 R
b11110 \
b1100 -
b1100 [
b1101 ,
b1101 e
b1110 <
b1111 E
b1111 O
b1101 Y
b1101 c
b111 m
b111 w
b1111 ;
b1000 D
b1000 N
b1111 X
b1111 b
b1110 l
b1110 v
b11100 >
0%
b111110111111110 $
b111110111111110 )
b1110111110001111 #
b1110111110001111 (
b101100000 ""
b10001000110111011 &
#3560000
05
03
04
b101001101000011 !
b101001101000011 0
b11 =
b11 /
b11 G
b100 .
b100 Q
b111 R
b10111 f
b10001 z
b0 H
b11 -
b11 [
b10000 \
b100 ,
b100 e
b10000 p
b100 +
b100 o
b101 *
b101 y
b11 <
b11 E
b11 O
b1011 Y
b1011 c
b1100 m
b1100 w
b0 D
b0 N
b1000 X
b1000 b
b1000 l
b1000 v
b11111 >
1%
b1100101100110011 $
b1100101100110011 )
b1000100000001111 #
b1000100000001111 (
b101100001 ""
b10110110110001101 &
#3570000
05
03
b1 =
0"
09
02
11
08
07
b1111011111110001 !
b1111011111110001 0
b11101 >
b0 p
b11111 z
b10 H
b1110 /
b1110 G
b1111 .
b1111 Q
b11 R
b111 -
b111 [
b0 \
b1000 ,
b1000 e
b1111 f
b1111 +
b1111 o
b0 *
b0 y
b1010 <
b1001 E
b1001 O
b10 Y
b10 c
b101 m
b101 w
b110 ;
b101 D
b101 N
b101 X
b101 b
b1010 l
b1010 v
b101001010011010 $
b101001010011010 )
b1010010101010110 #
b1010010101010110 (
b101100010 ""
b10101001101000011 &
#3580000
15
14
13
06
01
b11011 R
b1 /
b1 G
b11000 H
b10 .
b10 Q
b1110 -
b1110 [
b1110 \
b1111 ,
b1111 e
b111 +
b111 o
b1000 *
b1000 y
b1111 z
b111111100011100 !
b111111100011100 0
b1100 =
b11 <
b1101 E
b1101 O
b111 Y
b111 c
b111 m
b111 w
b1001 ;
b100 D
b100 N
b111 X
b111 b
b0 l
b0 v
b110 >
0%
b111011111010011 $
b111011111010011 )
b11101001001 #
b11101001001 (
b101100011 ""
b1111011111110001 &
#3590000
1"
19
16
18
17
11
b11111 R
b11000 \
b11111 f
b100 /
b100 G
b11110 H
b101 .
b101 Q
b11 -
b11 [
b100 ,
b100 e
b1111 +
b1111 o
b0 *
b0 y
b11111 z
b10001010001 !
b10001010001 0
b1 =
b1000 <
b111 E
b111 O
b1110 Y
b1110 c
b0 m
b0 w
b1000 ;
b1101 D
b1101 N
b101 X
b101 b
b1111 l
b1111 v
b10001 >
1%
b111001111000 $
b111001111000 )
b1111010111011000 #
b1111010111011000 (
b101100100 ""
b111111100011100 &
#3600000
12
09
05
08
07
06
04
03
b11 +
b11 o
b11000 p
b100 *
b100 y
b10 /
b10 G
b0 H
b11 .
b11 Q
b1 R
b110 -
b110 [
b0 \
b1 f
b111 ,
b111 e
b11011000101110 !
b11011000101110 0
b1110 =
b1001 <
b0 E
b0 O
b110 Y
b110 c
b1101 m
b1101 w
b101 ;
b10 D
b10 N
b0 X
b0 b
b110 l
b110 v
b10 >
0%
b1101011000001001 $
b1101011000001001 )
b110000000100101 #
b110000000100101 (
b101100101 ""
b10000010001010001 &
#3610000
15
13
16
19
0"
18
17
02
01
b1000010100000000 !
b1000010100000000 0
b0 =
b1111 /
b1111 G
b11111 R
b0 .
b0 Q
b100 -
b100 [
b10000 \
b101 ,
b101 e
b10001 f
b111 +
b111 o
b0 p
b1000 *
b1000 y
b1111 z
b11 <
b1101 E
b1101 O
b1100 Y
b1100 c
b1 m
b1 w
b1100 ;
b1000 X
b1000 b
b11111 >
1%
b1110011010011 $
b1110011010011 )
b110100000101100 #
b110100000101100 (
b101100110 ""
b10011011000101110 &
#3620000
06
05
03
19
18
17
b1011000010101100 !
b1011000010101100 0
b1100 =
b1010 /
b1010 G
b1011 .
b1011 Q
b1 R
b0 -
b0 [
b11110 \
b1 ,
b1 e
b11111 f
b1010 p
b1010 +
b1010 o
b1011 *
b1011 y
b1011 z
b1100 <
b1010 E
b1010 O
b1111 Y
b1111 c
b101 m
b101 w
b0 ;
b0 D
b0 N
b1 X
b1 b
b101 l
b101 v
b0 >
0%
b101111110101100 $
b101111110101100 )
b101000100000000 #
b101000100000000 (
b101100111 ""
b1000010100000000 &
#3630000
15
14
13
09
08
07
b1000 -
b1000 [
b1001 ,
b1001 e
b1 f
b1001 +
b1001 o
b1000 p
b1010 *
b1010 y
b11100 H
b0 /
b0 G
b11101 R
b1 .
b1 Q
b0 \
b1001100100001101 !
b1001100100001101 0
b1101 =
b0 <
b0 Y
b0 c
b100 m
b100 w
b1100 ;
b110 D
b110 N
b1000 X
b1000 b
b1 >
1%
b100000010100000 $
b100000010100000 )
b101100001101100 #
b101100001101100 (
b101101000 ""
b1011000010101100 &
#3640000
05
04
03
19
18
17
b1110 -
b1110 [
b11110 \
b1111 ,
b1111 e
b0 p
b101111011010001 !
b101111011010001 0
b1 =
b1101 /
b1101 G
b0 H
b1110 .
b1110 Q
b11 R
b11111 f
b100 +
b100 o
b101 *
b101 y
b1 z
b0 E
b0 O
b1111 Y
b1111 c
b0 m
b0 w
b1 ;
b1101 D
b1101 N
b1111 X
b1111 b
b100 l
b100 v
b0 >
0%
b111100000000 $
b111100000000 )
b100111111010001 #
b100111111010001 (
b101101001 ""
b1001100100001101 &
#3650000
15
1"
14
13
12
11
b1001 /
b1001 G
b11000 H
b1010 .
b1010 Q
b11011 R
b10000 p
b10111 z
b100001110011000 !
b100001110011000 0
b1000 =
b10 -
b10 [
b11 ,
b11 e
b11 +
b11 o
b100 *
b100 y
b1100 E
b1100 O
b1011 Y
b1011 c
b1011 m
b1011 w
b1000 ;
b111 X
b111 b
b1000 l
b1000 v
b1011101111000000 $
b1011101111000000 )
b1000011111011000 #
b1000011111011000 (
b101101010 ""
b101111011010001 &
#3660000
09
08
07
b1101 ,
b1101 e
0"
b1100 -
b1100 [
02
01
b10 >
b11010 H
b10 /
b10 G
b11 .
b11 Q
b1 f
b1011 +
b1011 o
b0 p
b1100 *
b1100 y
b111 z
b1011110100100010 !
b1011110100100010 0
b10 =
b0 \
b1 <
b101 E
b101 O
b1100 Y
b1100 c
b0 m
b0 w
b1 ;
b0 X
b0 b
b1011 l
b1011 v
b110001010001 $
b110001010001 )
b1011000011010001 #
b1011000011010001 (
b101101011 ""
b10100001110011000 &
#3670000
12
1"
05
19
04
13
11
18
17
b1110 >
b11111 R
b11100 p
b1 +
b1 o
b10 *
b10 y
b11111 z
b10010111111000 !
b10010111111000 0
b1000 =
b1111 /
b1111 G
b0 H
b0 .
b0 Q
b101 -
b101 [
b11100 \
b110 ,
b110 e
b11111 f
b11 <
b1011 E
b1011 O
b111 Y
b111 c
b110 m
b110 w
b101 ;
b100 D
b100 N
b1110 X
b1110 b
b110011110110011 $
b110011110110011 )
b1011111001000101 #
b1011111001000101 (
b101101100 ""
b1011110100100010 &
#3680000
15
09
06
14
08
07
b11011 z
b111 /
b111 G
b10000 H
b1000 .
b1000 Q
b1001 -
b1001 [
b1100 \
b1010 ,
b1010 e
b1111 f
b11000 p
b1 +
b1 o
b10 *
b10 y
b1101001111101 !
b1101001111101 0
b1101 =
b1100 <
b1111 E
b1111 O
b11 Y
b11 c
b101 m
b101 w
b0 ;
b1000 D
b1000 N
b110 X
b110 b
b1100 l
b1100 v
b1 >
1%
b101001111111100 $
b101001111111100 )
b1100011010000000 #
b1100011010000000 (
b101101101 ""
b10010010111111000 &
#3690000
03
05
09
04
08
07
b101110010110011 !
b101110010110011 0
b11 =
b1011 /
b1011 G
b0 H
b111 R
b1100 .
b1100 Q
b1100 -
b1100 [
b1101 ,
b1101 e
b1 f
b11 >
b0 \
b101 +
b101 o
b10000 p
b110 *
b110 y
b10011 z
b1 <
b11 E
b11 O
b1100 Y
b1100 c
b1101 m
b1101 w
b1 ;
b0 X
b0 b
b1000 l
b1000 v
b1101110000110001 $
b1101110000110001 )
b1000000010000001 #
b1000000010000001 (
b101101110 ""
b10001101001111101 &
#3700000
17
16
1"
12
11
b11111111000011 !
b11111111000011 0
b11 =
b11111 >
b1111 -
b1111 [
b0 ,
b0 e
b11111 f
b11 +
b11 o
b11000 p
b100 *
b100 y
b11111 z
b1111 <
b10 Y
b10 c
b100 m
b100 w
b11 ;
b1101 X
b1101 b
b1111 l
b1111 v
b100001000111111 $
b100001000111111 )
b1111110110000011 #
b1111110110000011 (
b101101111 ""
b10101110010110011 &
#3710000
b11001 >
b1111111100011 !
b1111111100011 0
b11 =
b1100 H
b1101 /
b1101 G
b1111 R
b1110 .
b1110 Q
b1 +
b1 o
b10000 p
b10 *
b10 y
b10011 z
b1110 <
b111 E
b111 O
b11 Y
b11 c
b1001 m
b1001 w
b100 ;
b110 D
b110 N
b1100 X
b1100 b
b1000 l
b1000 v
b1001001101111110 $
b1001001101111110 )
b1000110001100100 #
b1000110001100100 (
b101110000 ""
b10011111111000011 &
#3720000
b10 .
b10 Q
19
1"
b1 /
b1 G
15
18
12
11
14
13
b11000 p
b11101 >
b100100100101101 !
b100100100101101 0
b1101 =
b10000 H
b10011 R
b1000 -
b1000 [
b11110 \
b1001 ,
b1001 e
b11 +
b11 o
b100 *
b100 y
b11111 z
b1001 E
b1001 O
b1101 Y
b1101 c
b100 m
b100 w
b1110 ;
b1000 D
b1000 N
b1011 X
b1011 b
b1111 l
b1111 v
b100110110011110 $
b100110110011110 )
b1111101110001110 #
b1111101110001110 (
b101110001 ""
b10001111111100011 &
#3730000
05
04
03
b101 -
b101 [
b10100 \
b110 ,
b110 e
b10111 f
b1001010101010100 !
b1001010101010100 0
b100 =
b10111 >
b100 /
b100 G
b0 H
b101 .
b101 Q
b1 R
b1000 +
b1000 o
b11110 p
b1001 *
b1001 y
b1010 <
b0 E
b0 O
b1010 Y
b1010 c
b1111 m
b1111 w
b1001 ;
b100 D
b100 N
b1001 l
b1001 v
b1111101000001010 $
b1111101000001010 )
b1001101101001001 #
b1001101101001001 (
b101110010 ""
b10100100100101101 &
#3740000
09
08
07
06
b1000 H
b100 +
b100 o
b101 *
b101 y
b10001 z
b100111010011010 !
b100111010011010 0
b1010 =
b1001 /
b1001 G
b1010 .
b1010 Q
b1011 R
b1110 -
b1110 [
b0 \
b1 f
b1111 ,
b1111 e
b10000 p
b1001 <
b100 E
b100 O
b110 Y
b110 c
b1000 m
b1000 w
b1 ;
b101 D
b101 N
b1000 X
b1000 b
b1100 l
b1100 v
b10 >
0%
b1000011001001001 $
b1000011001001001 )
b1100100001010001 #
b1100100001010001 (
b101110011 ""
b11001010101010100 &
#3750000
19
18
17
16
b11111 z
b1000001011000100 !
b1000001011000100 0
b100 =
b10000 >
b1011 /
b1011 G
b1100 .
b1100 Q
b1111 R
b10 -
b10 [
b11000 \
b11 ,
b11 e
b11001 f
b111 +
b111 o
b1000 *
b1000 y
b1000 <
b101 E
b101 O
b1100 Y
b1100 c
b1001 m
b1001 w
b1100 ;
b110 D
b110 N
b110 X
b110 b
b1110 l
b1110 v
b1001110001011000 $
b1001110001011000 )
b1110011001101100 #
b1110011001101100 (
b101110100 ""
b10100111010011010 &
#3760000
09
08
07
05
16
04
03
12
b1010 /
b1010 G
b1011 .
b1011 Q
b1 R
b1100 -
b1100 [
b1101 ,
b1101 e
b11 +
b11 o
b11000 p
b100 *
b100 y
b0 H
b100 \
b101 f
b11110010110011 !
b11110010110011 0
b11 =
b11 <
b1000 E
b1000 O
b1010 Y
b1010 c
b101 m
b101 w
b1111 ;
b10 D
b10 N
b10 X
b10 b
b11111 >
1%
b101101010000011 $
b101101010000011 )
b1110001000101111 #
b1110001000101111 (
b101110101 ""
b11000001011000100 &
#3770000
19
08
17
15
06
14
13
b0 \
b110 /
b110 G
b10010 H
b111 .
b111 Q
b10011 R
b1111 -
b1111 [
b0 ,
b0 e
b11111 f
b1 +
b1 o
b10 *
b10 y
b11011 z
b10000001101000 !
b10000001101000 0
b1000 =
b100 <
b1001 E
b1001 O
b100 Y
b100 c
b100 m
b100 w
b100 ;
b1101 D
b1101 N
b1011 X
b1011 b
b1101 l
b1101 v
b1000 >
0%
b100010010010100 $
b100010010010100 )
b1101101111010100 #
b1101101111010100 (
b101110110 ""
b10011110010110011 &
#3780000
18
19
05
0"
16
04
03
02
01
b10 -
b10 [
b11110 \
b11 ,
b11 e
b1000001010000010 !
b1000001010000010 0
b10 =
b11000 >
b111 /
b111 G
b0 H
b1000 .
b1000 Q
b1111 R
b111 +
b111 o
b0 p
b1000 *
b1000 y
b1111 z
b110 <
b100 E
b100 O
b1011 Y
b1011 c
b1 m
b1 w
b1100 ;
b11 D
b11 N
b111 X
b111 b
b110 l
b110 v
b1101101000110 $
b1101101000110 )
b110011100111100 #
b110011100111100 (
b101110111 ""
b10010000001101000 &
#3790000
15
14
0"
13
06
01
b11111 R
b1100010000111000 !
b1100010000111000 0
b1000 =
b1110 >
b11 /
b11 G
b11000 H
b100 .
b100 Q
b11 -
b11 [
b11000 \
b100 ,
b100 e
b1011 +
b1011 o
b1100 *
b1100 y
b111 z
b111 <
b1111 E
b1111 O
b101 Y
b101 c
b1 ;
b100 D
b100 N
b1110 X
b1110 b
b1010 l
b1010 v
b1010111110111 $
b1010111110111 )
b1010111001000001 #
b1010111001000001 (
b101111000 ""
b1000001010000010 &
#3800000
15
14
b1100 +
b1100 o
b100 p
b101 z
b1101 *
b1101 y
b1 /
b1 G
b11100 H
b10 .
b10 Q
b100 -
b100 [
b11110 \
b101 ,
b101 e
b1101010100010101 !
b1101010100010101 0
b101 =
b10 <
b1010 E
b1010 O
b1010 m
b1010 w
b10 ;
b111 D
b111 N
b1111 X
b1111 b
b10 l
b10 v
b101 >
1%
b1010010110100010 $
b1010010110100010 )
b10111101110010 #
b10111101110010 (
b101111001 ""
b1100010000111000 &
#3810000
09
08
07
b111 >
b1011001101011110 !
b1011001101011110 0
b1110 =
b10011 R
b10000 H
b101 /
b101 G
b110 .
b110 Q
b10 -
b10 [
b0 \
b11 ,
b11 e
b1 f
b1011 +
b1011 o
b0 p
b1100 *
b1100 y
b111 z
b1011 <
b1100 E
b1100 O
b0 Y
b0 c
b1011 m
b1011 w
b1001 D
b1001 N
b10 X
b10 b
b0 l
b0 v
b1011000011001011 $
b1011000011001011 )
b1010010010 #
b1010010010 (
b101111010 ""
b1101010100010101 &
#3820000
19
18
17
01
05
04
13
b11100 \
b11111 f
b1111000111111100 !
b1111000111111100 0
b1100 =
b1111 /
b1111 G
b0 H
b0 .
b0 Q
b11111 R
b1 -
b1 [
b10 ,
b10 e
b1110 +
b1110 o
b1111 *
b1111 y
b1 z
b11 Y
b11 c
b0 m
b0 w
b1 ;
b11 D
b11 N
b1110 X
b1110 b
b1110 l
b1110 v
b110 >
0%
b1111001011 $
b1111001011 )
b1110111000110001 #
b1110111000110001 (
b101111011 ""
b1011001101011110 &
#3830000
09
06
08
07
03
b1101110011001111 !
b1101110011001111 0
b1111 =
b0 >
b1111 R
b11 z
b1100 /
b1100 G
b1110 H
b1101 .
b1101 Q
b1100 -
b1100 [
b110 \
b1101 ,
b1101 e
b111 f
b1101 +
b1101 o
b1110 *
b1110 y
b1110 <
b101 E
b101 O
b101 m
b101 w
b111 D
b111 N
b1001 X
b1001 b
b1000 l
b1000 v
b101001101011110 $
b101001101011110 )
b1000100101110001 #
b1000100101110001 (
b101111100 ""
b1111000111111100 &
#3840000
19
18
17
05
04
03
b110001110111101 !
b110001110111101 0
b1101 =
b1011 /
b1011 G
b0 H
b1100 .
b1100 Q
b111 R
b11 -
b11 [
b11000 \
b100 ,
b100 e
b11111 f
b101 +
b101 o
b110 *
b110 y
b1000 <
b0 E
b0 O
b1101 Y
b1101 c
b0 m
b0 w
b101 ;
b1011 D
b1011 N
b110 X
b110 b
b101 l
b101 v
b110100001000 $
b110100001000 )
b101011010110101 #
b101011010110101 (
b101111101 ""
b1101110011001111 &
#3850000
16
09
07
08
1"
12
11
b1110 /
b1110 G
b110 H
b1111 .
b1111 Q
b1010 -
b1010 [
b1011 ,
b1011 e
b1 f
b1000 +
b1000 o
b11110 p
b1001 *
b1001 y
b11111 z
b0 \
b1000101011110000 !
b1000101011110000 0
b0 =
b0 <
b1011 E
b1011 O
b10 Y
b10 c
b1111 m
b1111 w
b1111 ;
b11 D
b11 N
b1000 X
b1000 b
b1001 l
b1001 v
b11111 >
1%
b1111001010110000 $
b1111001010110000 )
b1001100000111111 #
b1001100000111111 (
b101111110 ""
b110001110111101 &
#3860000
0"
02
01
06
b0 H
b11 /
b11 G
b100 .
b100 Q
b11 f
b11 +
b11 o
b0 p
b100 *
b100 y
b111 z
b11010100111000 !
b11010100111000 0
b1000 =
b1111 >
b101 -
b101 [
b110 ,
b110 e
b101 <
b0 E
b0 O
b101 Y
b101 c
b0 m
b0 w
b10 ;
b0 X
b0 b
b11 l
b11 v
b10100000101 $
b10100000101 )
b11000000110010 #
b11000000110010 (
b101111111 ""
b11000101011110000 &
#3870000
14
19
17
15
1"
13
12
11
16
b11110 H
b11111 R
b11111 f
b11000 p
b10 /
b10 G
b11 .
b11 Q
b1111 -
b1111 [
b0 ,
b0 e
b11 +
b11 o
b11111 z
b100 *
b100 y
b100000000110101 !
b100000000110101 0
b101 =
b1101 <
b111 E
b111 O
b111 Y
b111 c
b110 m
b110 w
b1000 ;
b1011 D
b1011 N
b1000 X
b1000 b
b1101 l
b1101 v
b10000 >
0%
b110011101111101 $
b110011101111101 )
b1101100010111000 #
b1101100010111000 (
b110000000 ""
b11010100111000 &
#3880000
0"
01
02
b1100 *
b1100 y
b1011 +
b1011 o
18
b100 /
b100 G
b10001 R
b101 .
b101 Q
b11 -
b11 [
b10000 \
b10111 f
b100 ,
b100 e
b111 z
b1100010001010110 !
b1100010001010110 0
b110 =
b10010 >
b10000 H
b0 p
b1001 <
b1100 E
b1100 O
b1001 Y
b1001 c
b11 m
b11 w
b1101 ;
b1000 D
b1000 N
b1010 X
b1010 b
b1000 l
b1000 v
b11100111001001 $
b11100111001001 )
b1000101010001101 #
b1000101010001101 (
b110000001 ""
b10100000000110101 &
#3890000
1"
12
11
06
b101111010011010 !
b101111010011010 0
b1010 =
b11100 H
b1101 -
b1101 [
b11100 \
b1110 ,
b1110 e
b1001 /
b1001 G
b1010 .
b1010 Q
b11111 R
b11111 f
b100 +
b100 o
b11110 p
b101 *
b101 y
b11111 z
b101 <
b1110 E
b1110 O
b1111 Y
b1111 c
b111 m
b111 w
b100 ;
b1011 D
b1011 N
b1110 X
b1110 b
b1101 l
b1101 v
b1011 >
1%
b111111111100101 $
b111111111100101 )
b1101111010110100 #
b1101111010110100 (
b110000010 ""
b1100010001010110 &
#3900000
05
09
16
04
03
08
07
b100 H
b1111 f
b110 +
b110 o
b10001 z
b111 *
b111 y
b110100001010001 !
b110100001010001 0
b1 =
b11111 >
b100 /
b100 G
b101 .
b101 Q
b101 R
b1000 -
b1000 [
b1110 \
b1001 ,
b1001 e
b10000 p
b1101 <
b10 E
b10 O
b11 Y
b11 c
b1010 m
b1010 w
b11 ;
b10 D
b10 N
b101 X
b101 b
b1100 l
b1100 v
b1010001100101101 $
b1010001100101101 )
b1100010100100011 #
b1100010100100011 (
b110000011 ""
b10101111010011010 &
#3910000
15
14
13
0"
02
01
b11001 >
b1100 -
b1100 [
b1101 ,
b1101 e
b1110 +
b1110 o
b0 p
b1111 *
b1111 y
b1 z
b1110110100010011 !
b1110110100010011 0
b11 =
b0 /
b0 G
b11110 H
b1 .
b1 Q
b11111 R
b100 <
b1011 E
b1011 O
b111 Y
b111 c
b10 m
b10 w
b1110 ;
b101 D
b101 N
b10011110110100 $
b10011110110100 )
b1100010101011110 #
b1100010101011110 (
b110000100 ""
b10110100001010001 &
#3920000
09
1"
05
04
03
08
07
12
11
06
b1101 R
b1100 -
b1100 [
b110 \
b1101 ,
b1101 e
b111 f
b100 +
b100 o
b10000 p
b101 *
b101 y
b10001 z
b100110011001001 !
b100110011001001 0
b1001 =
b1001 >
b1100 H
b1100 /
b1100 G
b1101 .
b1101 Q
b110 E
b110 O
b1011 Y
b1011 c
b1000 m
b1000 w
b100 ;
b110 D
b110 N
b1 X
b1 b
b1000101101100100 $
b1000101101100100 )
b1100000101100100 #
b1100000101100100 (
b110000101 ""
b1110110100010011 &
#3930000
19
08
17
b101 =
15
16
14
13
b110000000100101 !
b110000000100101 0
b1 /
b1 G
b10 .
b10 Q
b11111 f
b10000 H
b10011 R
b1111 -
b1111 [
b0 \
b0 ,
b0 e
b101 +
b101 o
b110 *
b110 y
b10011 z
b1011 <
b1001 E
b1001 O
b111 Y
b111 c
b1010 ;
b1000 D
b1000 N
b1000 X
b1000 b
b1101 l
b1101 v
b10100 >
0%
b1000011110011011 $
b1000011110011011 )
b1101100010001010 #
b1101100010001010 (
b110000110 ""
b10100110011001001 &
#3940000
07
09
1"
15
12
11
14
13
b111 f
b1 +
b1 o
b11100 p
b10 *
b10 y
b1111000010110 !
b1111000010110 0
b110 =
b10110 >
b0 /
b0 G
b11100 H
b1 .
b1 Q
b11101 R
b1101 -
b1101 [
b100 \
b1110 ,
b1110 e
b11111 z
b1010 E
b1010 O
b11 Y
b11 c
b10 m
b10 w
b1011 ;
b110 D
b110 N
b1010 X
b1010 b
b1111 l
b1111 v
b10001110101011 $
b10001110101011 )
b1111101001101011 #
b1111101001101011 (
b110000111 ""
b10110000000100101 &
#3950000
19
18
17
0"
02
01
b11110 H
b11 -
b11 [
b100 ,
b100 e
b101010010010110 !
b101010010010110 0
b110 =
b10010 >
b1000 /
b1000 G
b11111 R
b1001 .
b1001 Q
b11000 \
b11111 f
b100 +
b100 o
b100 p
b101 *
b101 y
b101 z
b1001 <
b1101 E
b1101 O
b100 Y
b100 c
b1101 ;
b1011 D
b1011 N
b1111 X
b1111 b
b10 l
b10 v
b10010011011001 $
b10010011011001 )
b10111110111101 #
b10111110111101 (
b110001000 ""
b10001111000010110 &
#3960000
06
b1101001100111111 !
b1101001100111111 0
b1111 =
b0 >
b11000 H
b11 /
b11 G
b100 .
b100 Q
b10 -
b10 [
b11 ,
b11 e
b11001 f
b1100 +
b1100 o
b1101 *
b1101 y
b1111 <
b101 E
b101 O
b110 Y
b110 c
b0 ;
b1110 D
b1110 N
b1100 X
b1100 b
b1010 l
b1010 v
b10011001011111 $
b10011001011111 )
b1010110011100000 #
b1010110011100000 (
b110001001 ""
b101010010010110 &
#3970000
09
05
03
08
17
04
b1100 .
b1100 Q
b1011 /
b1011 G
b111 R
b1111 -
b1111 [
b0 \
b0 ,
b0 e
b11111 f
b100111110111001 !
b100111110111001 0
b1001 =
b1100 >
b0 H
b0 p
b100 +
b100 o
b1 z
b101 *
b101 y
b110 <
b10 E
b10 O
b11 Y
b11 c
b0 m
b0 w
b11 ;
b1001 D
b1001 N
b100 l
b100 v
b1100100110 $
b1100100110 )
b100110010010011 #
b100110010010011 (
b110001010 ""
b1101001100111111 &
#3980000
07
1"
b101 =
12
11
16
b110110001110101 !
b110110001110101 0
b1100 -
b1100 [
b1101 ,
b1101 e
b1 f
b10000 p
b10001 z
b10000 >
b110 /
b110 G
b1 R
b111 .
b111 Q
b110 +
b110 o
b111 *
b111 y
b1100 <
b110 E
b110 O
b100 Y
b100 c
b1000 m
b1000 w
b1001 ;
b0 D
b0 N
b1000 X
b1000 b
b1110 l
b1110 v
b1000010001101100 $
b1000010001101100 )
b1110100000001001 #
b1110100000001001 (
b110001011 ""
b100111110111001 &
#3990000
19
15
14
13
18
17
06
b10000 \
b10110 p
b1010 /
b1010 G
b11110 H
b1011 .
b1011 Q
b11111 R
b101 -
b101 [
b110 ,
b110 e
b10011 f
b110 +
b110 o
b10111 z
b111 *
b111 y
b111011010101000 !
b111011010101000 0
b1000 =
b111 <
b1111 E
b1111 O
b1000 Y
b1000 c
b1011 m
b1011 w
b0 ;
b1011 D
b1011 N
b1101 X
b1101 b
b1011 l
b1011 v
b1111 >
1%
b1011100011110111 $
b1011100011110111 )
b1011110110110000 #
b1011110110110000 (
b110001100 ""
b10110110001110101 &
#4000000
05
09
04
03
08
07
b1110 H
b1111 R
b1011001111001110 !
b1011001111001110 0
b1110 =
b1100 /
b1100 G
b1101 .
b1101 Q
b11 -
b11 [
b0 \
b100 ,
b100 e
b111 f
b1011 +
b1011 o
b11000 p
b1100 *
b1100 y
b11111 z
b110 <
b111 E
b111 O
b11 Y
b11 c
b1111 m
b1111 w
b111 ;
b101 D
b101 N
b0 X
b0 b
b1100 l
b1100 v
b1111001101110110 $
b1111001101110110 )
b1100000001010111 #
b1100000001010111 (
b110001101 ""
b10111011010101000 &
#4010000
09
17
05
16
04
03
b101111111010010 !
b101111111010010 0
b10 =
b11011 >
b10111 z
b1100 /
b1100 G
b110 H
b1101 .
b1101 Q
b111 R
b1111 -
b1111 [
b11111 f
b0 ,
b0 e
b101 +
b101 o
b10100 p
b110 *
b110 y
b1101 <
b1 E
b1 O
b10 Y
b10 c
b1010 m
b1010 w
b100 ;
b1011 D
b1011 N
b1101 X
b1101 b
b1011 l
b1011 v
b1010001000011101 $
b1010001000011101 )
b1011110110110100 #
b1011110110110100 (
b110001110 ""
b11011001111001110 &
#4020000
0"
06
07
02
11
b1111011010101101 !
b1111011010101101 0
b1101 =
b1101 >
b1000 H
b1010 /
b1010 G
b1001 R
b1011 .
b1011 Q
b110 \
b110 -
b110 [
b111 ,
b111 e
b111 f
b1111 +
b1111 o
b0 p
b0 *
b0 y
b11111 z
b110 <
b110 E
b110 O
b11 Y
b11 c
b1001 m
b1001 w
b110 ;
b100 D
b100 N
b11 X
b11 b
b110 l
b110 v
b1001001101100110 $
b1001001101100110 )
b110001101000110 #
b110001101000110 (
b110001111 ""
b10101111111010010 &
#4030000
1"
16
12
b110 -
b110 [
b10 \
b111 ,
b111 e
b11 f
b1100011010010100 !
b1100011010010100 0
b100 =
b11111 >
b1000 /
b1000 G
b1110 H
b1001 .
b1001 Q
b1111 R
b1100 +
b1100 o
b11110 p
b1101 *
b1101 y
b100 <
b101 E
b101 O
b101 Y
b101 c
b1111 m
b1111 w
b1111 ;
b11 D
b11 N
b1 X
b1 b
b1101 l
b1101 v
b1111010101010100 $
b1111010101010100 )
b1101000100111111 #
b1101000100111111 (
b110010000 ""
b1111011010101101 &
#4040000
0"
02
01
b101 ,
b101 e
b100 -
b100 [
b1 f
b110 p
b111 z
b1100010001010011 !
b1100010001010011 0
b11 =
b11001 >
b100 /
b100 G
b0 H
b101 .
b101 Q
b1 R
b0 \
b1100 +
b1100 o
b1101 *
b1101 y
b110 <
b0 E
b0 O
b0 Y
b0 c
b1001 m
b1001 w
b1100 ;
b100 D
b100 N
b100 X
b100 b
b11 l
b11 v
b1001000000000110 $
b1001000000000110 )
b11010001001100 #
b11010001001100 (
b110010001 ""
b11100011010010100 &
#4050000
1"
12
11
19
18
17
b11000 \
b100100110110100 !
b100100110110100 0
b100 =
b11111 >
b1010 /
b1010 G
b1011 .
b1011 Q
b1001 -
b1001 [
b1010 ,
b1010 e
b11011 f
b11 +
b11 o
b11000 p
b100 *
b100 y
b11111 z
b1000 E
b1000 O
b1100 Y
b1100 c
b1101 m
b1101 w
b1101 ;
b10 D
b10 N
b1101 X
b1101 b
b110 l
b110 v
b1101110010000110 $
b1101110010000110 )
b110110100101101 #
b110110100101101 (
b110010010 ""
b1100010001010011 &
#4060000
15
14
13
b111 -
b111 [
b10000 \
b1000 ,
b1000 e
b11111 f
b1100100010101000 !
b1100100010101000 0
b1000 =
b1001 /
b1001 G
b11100 H
b1010 .
b1010 Q
b11111 R
b1011 +
b1011 o
b1100 *
b1100 y
b1111 <
b1110 E
b1110 O
b1010 Y
b1010 c
b1100 m
b1100 w
b1000 ;
b1011 D
b1011 N
b1111 l
b1111 v
b1100101011101111 $
b1100101011101111 )
b1111110110111000 #
b1111110110111000 (
b110010011 ""
b10100100110110100 &
#4070000
05
04
03
b11100101001000 !
b11100101001000 0
b11 /
b11 G
b0 H
b100 .
b100 Q
b111 R
b1001 -
b1001 [
b11100 \
b1010 ,
b1010 e
b10 +
b10 o
b10000 p
b11 *
b11 y
b10001 z
b1001 <
b0 E
b0 O
b1010 m
b1010 w
b1111 ;
b11 D
b11 N
b1111 X
b1111 b
b1000 l
b1000 v
b11110 >
0%
b1010101000001001 $
b1010101000001001 )
b1000111100111111 #
b1000111100111111 (
b110010100 ""
b11100100010101000 &
#4080000
1"
12
11
b11000 >
b10 H
b110000001110011 !
b110000001110011 0
b11 =
b110 /
b110 G
b111 .
b111 Q
b11 R
b0 -
b0 [
b1 ,
b1 e
b11101 f
b101 +
b101 o
b11100 p
b110 *
b110 y
b11111 z
b1110 <
b1 E
b1 O
b110 Y
b110 c
b110 m
b110 w
b101 ;
b101 D
b101 N
b1010 X
b1010 b
b1111 l
b1111 v
b110011000011110 $
b110011000011110 )
b1111101001010101 #
b1111101001010101 (
b110010101 ""
b10011100101001000 &
#4090000
15
09
14
13
08
07
b11011 R
b100100110100100 !
b100100110100100 0
b100 =
b11100 >
b1001 /
b1001 G
b11000 H
b1010 .
b1010 Q
b1000 -
b1000 [
b1100 \
b1001 ,
b1001 e
b1101 f
b100 +
b100 o
b101 *
b101 y
b11101 z
b110 <
b1101 E
b1101 O
b1110 m
b1110 w
b1110 ;
b1100 D
b1100 N
b10 X
b10 b
b110 l
b110 v
b1110011011010110 $
b1110011011010110 )
b110001011001110 #
b110001011001110 (
b110010110 ""
b10110000001110011 &
#4100000
0"
09
02
01
08
07
b110 /
b110 G
b10000 H
b111 .
b111 Q
b10001 R
b1110 -
b1110 [
b0 \
b1111 ,
b1111 e
b1 f
b0 p
b111 +
b111 o
b1111 z
b1000 *
b1000 y
b111111101111001 !
b111111101111001 0
b1001 =
b1111 <
b1100 E
b1100 O
b100 Y
b100 c
b111 m
b111 w
b1001 ;
b1010 D
b1010 N
b1010 X
b1010 b
b0 l
b0 v
b11111 >
1%
b111010011001111 $
b111010011001111 )
b101010101001 #
b101010101001 (
b110010111 ""
b10100100110100100 &
#4110000
19
18
17
1"
12
b0 -
b0 [
05
b1 ,
b1 e
06
04
13
11
b11110 \
b1111 /
b1111 G
b0 H
b0 .
b0 Q
b11111 R
b11111 f
b11110 p
b100 +
b100 o
b101 *
b101 y
b11111 z
b101000011110110 !
b101000011110110 0
b110 =
b110 <
b1011 E
b1011 O
b11 Y
b11 c
b0 ;
b100 D
b100 N
b1101 X
b1101 b
b1101 l
b1101 v
b0 >
0%
b111001110110110 $
b111001110110110 )
b1101110101000000 #
b1101110101000000 (
b110011000 ""
b111111101111001 &
#4120000
15
14
09
08
07
b11 /
b11 G
b11000 H
b100 .
b100 Q
b10011 z
b101110000111100 !
b101110000111100 0
b1100 =
b1011 -
b1011 [
b1000 \
b1100 ,
b1100 e
b1111 f
b101 +
b101 o
b10000 p
b110 *
b110 y
b1 <
b1110 E
b1110 O
b111 Y
b111 c
b1001 m
b1001 w
b1010 ;
b101 D
b101 N
b100 X
b100 b
b1100 l
b1100 v
b111 >
1%
b1001011111100001 $
b1001011111100001 )
b1100010001011010 #
b1100010001011010 (
b110011001 ""
b10101000011110110 &
#4130000
05
1"
04
03
12
11
b1 -
b1 [
b10 ,
b10 e
b11 f
b110 /
b110 G
b0 H
b1 R
b111 .
b111 Q
b0 \
b1 +
b1 o
b11100 p
b10 *
b10 y
b11111 z
b1000101101011 !
b1000101101011 0
b1011 =
b100 <
b100 E
b100 O
b1 Y
b1 c
b1011 m
b1011 w
b111 ;
b10 D
b10 N
b0 X
b0 b
b110 l
b110 v
b1000 >
0%
b1011000101000100 $
b1011000101000100 )
b110000000100111 #
b110000000100111 (
b110011010 ""
b10101110000111100 &
#4140000
19
18
17
15
14
13
16
b10000 H
b11100 \
b11 /
b11 G
b100 .
b100 Q
b10111 R
b1 -
b1 [
b11111 f
b10 ,
b10 e
b10010 p
b10 +
b10 o
b10011 z
b11 *
b11 y
b11001001001000 !
b11001001001000 0
b1000 =
b1000 <
b1010 E
b1010 O
b11 Y
b11 c
b1001 m
b1001 w
b1111 ;
b1001 D
b1001 N
b1110 X
b1110 b
b1001 l
b1001 v
b11111 >
1%
b1001001110101000 $
b1001001110101000 )
b1001111010011111 #
b1001111010011111 (
b110011011 ""
b10001000101101011 &
#4150000
0"
06
02
01
b11011 f
b1111101100001010 !
b1111101100001010 0
b1010 =
b0 /
b0 G
b1 .
b1 Q
b10001 R
b1010 -
b1010 [
b11010 \
b1011 ,
b1011 e
b1110 +
b1110 o
b10 p
b1111 *
b1111 y
b11 z
b101 <
b1000 E
b1000 O
b1101 Y
b1101 c
b101 ;
b1000 D
b1000 N
b1101 X
b1101 b
b101 l
b101 v
b1010 >
0%
b1001110110000101 $
b1001110110000101 )
b101110110000101 #
b101110110000101 (
b110011100 ""
b10011001001001000 &
#4160000
09
08
07
06
b1 /
b1 G
b10 .
b10 Q
b10011 R
b1 z
b111100011110 !
b111100011110 0
b1110 =
b0 >
b1110 -
b1110 [
b10 \
b1111 ,
b1111 e
b11 f
b0 p
b0 +
b0 o
b1 *
b1 y
b110 <
b1001 E
b1001 O
b101 Y
b101 c
b0 m
b0 w
b1000 ;
b1001 X
b1001 b
b0 l
b0 v
b10110010110 $
b10110010110 )
b100110001000 #
b100110001000 (
b110011101 ""
b1111101100001010 &
#4170000
1"
05
12
11
04
03
b10 >
b1101111010001110 !
b1101111010001110 0
b1110 =
b1101 +
b1101 o
b11100 p
b1110 *
b1110 y
b11111 z
b1000 /
b1000 G
b1110 H
b1001 .
b1001 Q
b1111 R
b1 <
b101 E
b101 O
b1 Y
b1 c
b1111 m
b1111 w
b1101 ;
b11 D
b11 N
b1101 X
b1101 b
b1110 l
b1110 v
b1111000101010001 $
b1111000101010001 )
b1110110100111101 #
b1110110100111101 (
b110011110 ""
b111100011110 &
#4180000
05
16
04
03
b1100 /
b1100 G
b110 H
b1101 .
b1101 Q
b111 R
b111 f
b111101111011001 !
b111101111011001 0
b1001 =
b11000 >
b0 \
b1011 -
b1011 [
b1100 ,
b1100 e
b10000 p
b111 +
b111 o
b1000 *
b1000 y
b1101 <
b1011 E
b1011 O
b1011 Y
b1011 c
b1110 m
b1110 w
b1100 ;
b1 D
b1 N
b0 X
b0 b
b1001 l
b1001 v
b1110101110111101 $
b1110101110111101 )
b1001000000011100 #
b1001000000011100 (
b110011111 ""
b11101111010001110 &
#4190000
19
18
17
0"
01
02
b1111 z
b110 /
b110 G
b0 H
b111 .
b111 Q
b1 R
b100 -
b100 [
b11110 \
b101 ,
b101 e
b11111 f
b1010 +
b1010 o
b1110 p
b1011 *
b1011 y
b1011010001111110 !
b1011010001111110 0
b1110 =
b1111 <
b10 E
b10 O
b1111 Y
b1111 c
b11 m
b11 w
b1110 ;
b100 D
b100 N
b101 X
b101 b
b111 l
b111 v
b11111 >
1%
b11111100101111 $
b11111100101111 )
b111010101001110 #
b111010101001110 (
b110100000 ""
b10111101111011001 &
#4200000
15
13
1"
12
11
b11111 R
b11011 f
b101001000001010 !
b101001000001010 0
b1010 =
b1111 /
b1111 G
b0 .
b0 Q
b1 -
b1 [
b11000 \
b10 ,
b10 e
b100 +
b100 o
b11110 p
b101 *
b101 y
b11111 z
b1110 <
b1 E
b1 O
b101 Y
b101 c
b101 m
b101 w
b1100 ;
b1110 D
b1110 N
b1100 X
b1100 b
b1111 l
b1111 v
b11000 >
0%
b101010100011110 $
b101010100011110 )
b1111110011101100 #
b1111110011101100 (
b110100001 ""
b1011010001111110 &
#4210000
0"
06
14
02
01
b110001010100011 !
b110001010100011 0
b11 =
b1010 /
b1010 G
b11000 H
b11001 R
b1011 .
b1011 Q
b1 -
b1 [
b10 ,
b10 e
b0 >
b10000 \
b10011 f
b101 +
b101 o
b0 p
b110 *
b110 y
b11 z
b11 <
b1110 E
b1110 O
b1001 Y
b1001 c
b1 m
b1 w
b0 ;
b1100 D
b1100 N
b1000 X
b1000 b
b100 l
b100 v
b1100111100011 $
b1100111100011 )
b100100011000000 #
b100100011000000 (
b110100010 ""
b10101001000001010 &
#4220000
05
1"
04
03
12
11
09
08
17
b0 H
b11 R
b110111111011101 !
b110111111011101 0
b1101 =
b1101 /
b1101 G
b1110 .
b1110 Q
b1111 -
b1111 [
b0 \
b0 ,
b0 e
b11111 f
b110 +
b110 o
b11110 p
b111 *
b111 y
b11111 z
b1 <
b1001 E
b1001 O
b1111 Y
b1111 c
b1111 m
b1111 w
b1011 ;
b100 D
b100 N
b0 X
b0 b
b111 l
b111 v
b111 >
1%
b1111111110010001 $
b1111111110010001 )
b111000001001011 #
b111000001001011 (
b110100011 ""
b110001010100011 &
#4230000
19
18
0"
02
01
b101 /
b101 G
b110 .
b110 Q
b1 z
b11 -
b11 [
b11000 \
b100 ,
b100 e
b0 p
b110 +
b110 o
b111 *
b111 y
b111001101011100 !
b111001101011100 0
b1100 =
b11 <
b1 E
b1 O
b1100 Y
b1100 c
b10 m
b10 w
b1001 ;
b111 X
b111 b
b100 l
b100 v
b110 >
0%
b10110000010011 $
b10110000010011 )
b100011101001001 #
b100011101001001 (
b110100100 ""
b10110111111011101 &
#4240000
07
09
08
1"
16
12
11
b111 R
b10000 p
b11 /
b11 G
b100 .
b100 Q
b1110 -
b1110 [
b10 \
b11 f
b1111 ,
b1111 e
b111 +
b111 o
b1000 *
b1000 y
b11111 z
b111111001000101 !
b111111001000101 0
b101 =
b1000 <
b10 E
b10 O
b1101 Y
b1101 c
b1110 m
b1110 w
b1100 ;
b1 D
b1 N
b1 X
b1 b
b1001 l
b1001 v
b10001 >
1%
b1110110100101000 $
b1110110100101000 )
b1001000100011100 #
b1001000100011100 (
b110100101 ""
b111001101011100 &
#4250000
15
14
13
0"
01
02
b11000 H
b11 /
b11 G
b100 .
b100 Q
b1010 -
b1010 [
b1011 ,
b1011 e
b1111 z
b1101101101001100 !
b1101101101001100 0
b1100 =
b11111 >
b11111 R
b1101 +
b1101 o
b1100 p
b1110 *
b1110 y
b1110 <
b1110 E
b1110 O
b1 Y
b1 c
b110 m
b110 w
b1101 ;
b101 D
b101 N
b1001 X
b1001 b
b111 l
b111 v
b110000111101110 $
b110000111101110 )
b111100101011101 #
b111100101011101 (
b110100110 ""
b10111111001000101 &
#4260000
14
b100 =
0"
b1010101000110100 !
b1010101000110100 0
02
01
b10111 >
b1000 \
b1011 f
b10 /
b10 G
b11110 H
b11 .
b11 Q
b1001 -
b1001 [
b1010 ,
b1010 e
b1010 +
b1010 o
b10 p
b1011 *
b1011 y
b11 z
b1000 <
b111 E
b111 O
b100 Y
b100 c
b1 m
b1 w
b1011 ;
b1011 D
b1011 N
b101 X
b101 b
b1001 l
b1001 v
b1010001111000 $
b1010001111000 )
b1001010110111011 #
b1001010110111011 (
b110100111 ""
b1101101101001100 &
#4270000
19
1"
b1100 =
05
18
17
12
11
04
b1011000101111100 !
b1011000101111100 0
03
b1 -
b1 [
b11100 \
b10 ,
b10 e
b1010 +
b1010 o
b1011 *
b1011 y
b11111 >
b110 /
b110 G
b10 H
b111 .
b111 Q
b11 R
b11111 f
b11110 p
b11111 z
b1110 <
b1 E
b1 O
b1010 Y
b1010 c
b1111 m
b1111 w
b1101 ;
b101 D
b101 N
b111 X
b111 b
b1011 l
b1011 v
b1111101000011110 $
b1111101000011110 )
b1011011101011101 #
b1011011101011101 (
b110101000 ""
b1010101000110100 &
#4280000
09
08
07
15
14
13
b11011 R
b110101110100110 !
b110101110100110 0
b110 =
b1001 /
b1001 G
b11000 H
b1010 .
b1010 Q
b1010 -
b1010 [
b10 \
b1011 ,
b1011 e
b11 f
b110 +
b110 o
b111 *
b111 y
b1011 <
b1101 E
b1101 O
b1 Y
b1 c
b1011 ;
b1100 D
b1100 N
b1001 X
b1001 b
b111 l
b111 v
b10110 >
0%
b1111000111011011 $
b1111000111011011 )
b111100111001011 #
b111100111001011 (
b110101001 ""
b11011000101111100 &
#4290000
0"
02
05
b1110 -
b1110 [
b1111 ,
b1111 e
04
03
06
b1111111000100100 !
b1111111000100100 0
b100 =
b0 >
b10 /
b10 G
b0 H
b11 .
b11 Q
b1 R
b110 \
b111 f
b0 p
b1111 +
b1111 o
b0 *
b0 y
b100 <
b0 E
b0 O
b1011 Y
b1011 c
b1011 m
b1011 w
b0 ;
b10 D
b10 N
b11 X
b11 b
b100 l
b100 v
b1011101100000100 $
b1011101100000100 )
b100001100100000 #
b100001100100000 (
b110101010 ""
b10110101110100110 &
#4300000
09
08
07
15
14
13
01
b10000 H
b10011 R
b1100 -
b1100 [
b1101 ,
b1101 e
b1 f
b11110101011111 !
b11110101011111 0
b1111 =
b101 /
b101 G
b110 .
b110 Q
b0 \
b11 +
b11 o
b100 *
b100 y
b111 z
b10 <
b1001 E
b1001 O
b1100 Y
b1100 c
b10 m
b10 w
b1101 ;
b1100 D
b1100 N
b0 X
b0 b
b1 l
b1 v
b10110010010010 $
b10110010010010 )
b1000011001101 #
b1000011001101 (
b110101011 ""
b1111111000100100 &
#4310000
12
1"
11
19
16
18
17
b11 /
b11 G
b10111 R
b100 .
b100 Q
b110 -
b110 [
b10000 \
b111 ,
b111 e
b10001 f
b101 +
b101 o
b11100 p
b110 *
b110 y
b11111 z
b110011101001000 !
b110011101001000 0
b1000 =
b1110 <
b1111 m
b1111 w
b1001 ;
b1010 D
b1010 N
b1010 X
b1010 b
b110 l
b110 v
b11111 >
1%
b1111110010011110 $
b1111110010011110 )
b110101010101001 #
b110101010101001 (
b110101100 ""
b11110101011111 &
#4320000
06
15
19
0"
14
13
08
17
02
01
b111 >
b11000 H
b0 \
b0 p
b1 z
b111000000001100 !
b111000000001100 0
b1100 =
b0 /
b0 G
b1 .
b1 Q
b11001 R
b1111 -
b1111 [
b0 ,
b0 e
b11111 f
b110 +
b110 o
b111 *
b111 y
b1011 <
b100 E
b100 O
b10 Y
b10 c
b100 m
b100 w
b0 ;
b1100 D
b1100 N
b1101 X
b1101 b
b10 l
b10 v
b100001001001011 $
b100001001001011 )
b10110111000000 #
b10110111000000 (
b110101101 ""
b10110011101001000 &
#4330000
1"
11
18
b1000110100 !
b1000110100 0
b100 =
b11 /
b11 G
b100 .
b100 Q
b10000 \
b1111 +
b1111 o
b11111 z
b0 *
b0 y
b10000 H
b10111 R
b1 -
b1 [
b10 ,
b10 e
b10011 f
b10 <
b1011 E
b1011 O
b1000 Y
b1000 c
b1101 m
b1101 w
b1 ;
b1000 D
b1000 N
b1001 X
b1001 b
b1101100010110010 $
b1101100010110010 )
b10100110000001 #
b10100110000001 (
b110101110 ""
b111000000001100 &
#4340000
0"
01
09
05
16
08
07
04
03
b100 /
b100 G
b101 .
b101 Q
b1010 -
b1010 [
b10 \
b1011 ,
b1011 e
b11 f
b111 z
b0 H
b1 R
b1100 +
b1100 o
b110 p
b1101 *
b1101 y
b1100101001010011 !
b1100101001010011 0
b11 =
b1000 <
b100 E
b100 O
b1 Y
b1 c
b1 m
b1 w
b1011 ;
b0 D
b0 N
b1011 l
b1011 v
b10000 >
0%
b1000101001000 $
b1000101001000 )
b1011100100001011 #
b1011100100001011 (
b110101111 ""
b10000001000110100 &
#4350000
1"
12
11
b1011 =
15
14
13
b101010101011 !
b101010101011 0
b11000 >
b11100 H
b1000 \
b1011 f
b1001 /
b1001 G
b1010 .
b1010 Q
b11111 R
b1001 -
b1001 [
b1010 ,
b1010 e
b0 +
b0 o
b11000 p
b1 *
b1 y
b11001 z
b1111 <
b1010 E
b1010 O
b100 Y
b100 c
b100 m
b100 w
b1100 ;
b1111 D
b1111 N
b101 X
b101 b
b1100 l
b1100 v
b100010010101111 $
b100010010101111 )
b1100010111111100 #
b1100010111111100 (
b110110000 ""
b1100101001010011 &
#4360000
05
19
04
03
18
17
b1111 R
b10000 p
b111 /
b111 G
b0 H
b1000 .
b1000 Q
b110 -
b110 [
b11110 \
b111 ,
b111 e
b11111 f
b101 +
b101 o
b110 *
b110 y
b10011 z
b110011010000100 !
b110011010000100 0
b100 =
b101 <
b111 E
b111 O
b111 Y
b111 c
b1000 m
b1000 w
b1110 ;
b0 D
b0 N
b1111 X
b1111 b
b1101 l
b1101 v
b11111 >
1%
b1000011101110101 $
b1000011101110101 )
b1101111100001110 #
b1101111100001110 (
b110110001 ""
b10000101010101011 &
#4370000
09
08
b1001 +
b1001 o
b1010 *
b1010 y
0"
02
01
b10 /
b10 G
b11 .
b11 Q
b1 R
b1001111100110101 !
b1001111100110101 0
b101 =
b1111 -
b1111 [
b0 \
b0 ,
b0 e
b1100 p
b1111 z
b111 <
b10 E
b10 O
b1 Y
b1 c
b11 m
b11 w
b1101 ;
b1110 X
b1110 b
b110 l
b110 v
b11000100100111 $
b11000100100111 )
b110111000001101 #
b110111000001101 (
b110110010 ""
b10110011010000100 &
#4380000
19
15
14
13
b110000010111011 !
b110000010111011 0
b1011 =
b11110 H
b1010 /
b1010 G
b11111 R
b1011 .
b1011 Q
b101 +
b101 o
b100 p
b110 *
b110 y
b111 z
b1111 <
b1011 E
b1011 O
b1110 Y
b1110 c
b1100 ;
b1111 D
b1111 N
b1 X
b1 b
b10 l
b10 v
b11000 >
0%
b11111010111111 $
b11111010111111 )
b10000111111100 #
b10000111111100 (
b110110011 ""
b1001111100110101 &
#4390000
05
03
04
06
1"
12
11
18
b1 R
b0 >
b1001001011101001 !
b1001001011101001 0
b1001 =
b0 H
b1110 /
b1110 G
b1111 .
b1111 Q
b10 -
b10 [
b10000 \
b10001 f
b11 ,
b11 e
b1000 +
b1000 o
b11100 p
b1001 *
b1001 y
b11101 z
b1000 <
b110 E
b110 O
b1010 Y
b1010 c
b1010 m
b1010 w
b1 ;
b1000 D
b1000 N
b1000 X
b1000 b
b1110 l
b1110 v
b1010101001101000 $
b1010101001101000 )
b1110100010000001 #
b1110100010000001 (
b110110100 ""
b110000010111011 &
#4400000
15
14
13
0"
02
01
b0 /
b0 G
b1 .
b1 Q
09
16
08
07
b11110 H
b1 -
b1 [
b10 ,
b10 e
b1010001000010100 !
b1010001000010100 0
b100 =
b10110 >
b11111 R
b0 \
b11 f
b1010 +
b1010 o
b0 p
b1011 *
b1011 y
b1 z
b1001 <
b1 E
b1 O
b1 Y
b1 c
b10 m
b10 w
b1011 ;
b1111 D
b1111 N
b0 X
b0 b
b1000 l
b1000 v
b10000100011001 $
b10000100011001 )
b1000000011111011 #
b1000000011111011 (
b110110101 ""
b11001001011101001 &
#4410000
12
1"
11
19
18
17
16
b11000 H
b11 /
b11 G
b100 .
b100 Q
b11100 \
b11110 p
b0 +
b0 o
b1 *
b1 y
b1001001000010 !
b1001001000010 0
b10 =
b11110 >
b1 -
b1 [
b11111 f
b10 ,
b10 e
b11111 z
b1111 <
b1110 E
b1110 O
b110 Y
b110 c
b1111 m
b1111 w
b11 ;
b101 D
b101 N
b1011 X
b1011 b
b1 l
b1 v
b1111011011101111 $
b1111011011101111 )
b1101101010011 #
b1101101010011 (
b110110110 ""
b1010001000010100 &
#4420000
15
14
06
b1001110000010101 !
b1001110000010101 0
b101 =
b0 >
b1 /
b1 G
b11100 H
b10 .
b10 Q
b11000 \
b1011 -
b1011 [
b1100 ,
b1100 e
b1000 +
b1000 o
b1001 *
b1001 y
b100 <
b110 E
b110 O
b1110 Y
b1110 c
b1 ;
b1011 D
b1011 N
b1101 X
b1101 b
b1001 l
b1001 v
b1111111001100100 $
b1111111001100100 )
b1001110110110001 #
b1001110110110001 (
b110110111 ""
b10001001001000010 &
#4430000
b1100 -
b1100 [
b11110 \
b1101 ,
b1101 e
b10110 p
b10111 z
b111110101011110 !
b111110101011110 0
b1110 =
b101 /
b101 G
b110 .
b110 Q
b110 +
b110 o
b111 *
b111 y
b1000 <
b1111 Y
b1111 c
b1011 m
b1011 w
b110 ;
b1111 D
b1111 N
b1011 l
b1011 v
b1011111101101000 $
b1011111101101000 )
b1011110111110110 #
b1011110111110110 (
b110111000 ""
b11001110000010101 &
#4440000
1"
05
02
11
16
04
03
b11101 f
b10011010 !
b10011010 0
b1010 =
b1000 /
b1000 G
b1100 H
b1001 .
b1001 Q
b1101 R
b11100 \
b0 -
b0 [
b1 ,
b1 e
b1111 +
b1111 o
b0 p
b0 *
b0 y
b11111 z
b1010 <
b10 E
b10 O
b110 Y
b110 c
b11 m
b11 w
b1111 ;
b110 D
b110 N
b1010 X
b1010 b
b1100 l
b1100 v
b11111 >
1%
b11011000101010 $
b11011000101010 )
b1100101001101111 #
b1100101001101111 (
b110111001 ""
b10111110101011110 &
#4450000
15
06
14
13
b11111 f
b11 /
b11 G
b11000 H
b100 .
b100 Q
b11111 R
b1101 -
b1101 [
b1110 ,
b1110 e
b111000111101 !
b111000111101 0
b1101 =
b110 <
b100 E
b100 O
b1111 Y
b1111 c
b1 m
b1 w
b111 ;
b1111 D
b1111 N
b1110 X
b1110 b
b1110 l
b1110 v
b1100 >
0%
b1111101000110 $
b1111101000110 )
b1110111011110111 #
b1110111011110111 (
b110111010 ""
b10000000010011010 &
#4460000
09
0"
06
08
07
01
b111 f
b1000 p
b1001010010011011 !
b1001010010011011 0
b1011 =
b1001 /
b1001 G
b11100 H
b1010 .
b1010 Q
b11 -
b11 [
b0 \
b100 ,
b100 e
b1001 +
b1001 o
b1010 *
b1010 y
b1011 z
b1010 <
b1111 E
b1111 O
b11 Y
b11 c
b101 m
b101 w
b0 ;
b1010 D
b1010 N
b0 X
b0 b
b100 l
b100 v
b1 >
1%
b101001111111010 $
b101001111111010 )
b100000010100000 #
b100000010100000 (
b110111011 ""
b10000111000111101 &
#4470000
05
1"
04
03
12
11
b11 /
b11 G
b0 H
b100 .
b100 Q
b111 R
b1111 f
b1011101000110100 !
b1011101000110100 0
b100 =
b111 >
b1010 -
b1010 [
b1110 \
b1011 ,
b1011 e
b1011 +
b1011 o
b11000 p
b1100 *
b1100 y
b11111 z
b0 <
b0 E
b0 O
b111 Y
b111 c
b1101 m
b1101 w
b11 ;
b11 D
b11 N
b11 X
b11 b
b1110 l
b1110 v
b1101011100000000 $
b1101011100000000 )
b1110001100110011 #
b1110001100110011 (
b110111100 ""
b1001010010011011 &
#4480000
0"
01
02
19
18
17
b1100 H
b101 z
b1101011110011010 !
b1101011110011010 0
b1010 =
b11 >
b1001 /
b1001 G
b1010 .
b1010 Q
b1111 R
b111 -
b111 [
b10000 \
b1000 ,
b1000 e
b11111 f
b100 p
b1100 +
b1100 o
b1101 *
b1101 y
b1001 <
b10 E
b10 O
b1010 Y
b1010 c
b1010 m
b1010 w
b0 ;
b111 D
b111 N
b1101 X
b1101 b
b10 l
b10 v
b1010101000101001 $
b1010101000101001 )
b10110101110000 #
b10110101110000 (
b110111101 ""
b11011101000110100 &
#4490000
07
15
09
14
13
08
b1100111101101110 !
b1100111101101110 0
b1110 =
b110 /
b110 G
b111 .
b111 Q
b11 f
b1100 +
b1100 o
b1101 *
b1101 y
b1111 >
b10010 H
b10011 R
b1110 -
b1110 [
b10 \
b1111 ,
b1111 e
b1110 p
b1111 z
b111 <
b1101 E
b1101 O
b1101 Y
b1101 c
b101 m
b101 w
b110 ;
b1001 D
b1001 N
b1 X
b1 b
b111 l
b111 v
b101110111010111 $
b101110111010111 )
b111000110010110 #
b111000110010110 (
b110111110 ""
b1101011110011010 &
#4500000
09
08
07
b101 .
b101 Q
b100 /
b100 G
05
0"
16
04
03
02
01
b1101111001010001 !
b1101111001010001 0
b1 =
b11101 >
b0 H
b1 R
b1110 -
b1110 [
b0 \
b1111 ,
b1111 e
b1 f
b1101 +
b1101 o
b0 p
b1110 *
b1110 y
b11 z
b1010 <
b100 E
b100 O
b0 Y
b0 c
b0 m
b0 w
b0 D
b0 N
b1110 X
b1110 b
b1101 l
b1101 v
b1001010 $
b1001010 )
b1101111000000110 #
b1101111000000110 (
b110111111 ""
b1100111101101110 &
#4510000
19
18
17
06
b1100 /
b1100 G
b1101 .
b1101 Q
b110 -
b110 [
b11110 \
b111 ,
b111 e
b1100011011001001 !
b1100011011001001 0
b1001 =
b11111 f
b1011 +
b1011 o
b111 z
b1100 *
b1100 y
b1000 <
b1000 E
b1000 O
b111 Y
b111 c
b1 ;
b100 D
b100 N
b1111 X
b1111 b
b1011 l
b1011 v
b0 >
0%
b11110001000 $
b11110001000 )
b1011111101000001 #
b1011111101000001 (
b111000000 ""
b1101111001010001 &
#4520000
09
08
0"
11
b1111111110011001 !
b1111111110011001 0
b1100 H
b0 \
b1001 /
b1001 G
b1010 .
b1010 Q
b1111 R
b1111 -
b1111 [
b0 ,
b0 e
b1111 +
b1111 o
b0 *
b0 y
b11111 z
b10 E
b10 O
b10 Y
b10 c
b10 m
b10 w
b111 D
b111 N
b1101 X
b1101 b
b1101 l
b1101 v
b10001000101000 $
b10001000101000 )
b1101110101110001 #
b1101110101110001 (
b111000001 ""
b1100011011001001 &
#4530000
1"
12
16
07
b1000 H
b1011 /
b1011 G
b1100 .
b1100 Q
b110 -
b110 [
b111 ,
b111 e
b1 f
b0 +
b0 o
b11100 p
b11101 z
b1 *
b1 y
b11011000010 !
b11011000010 0
b10 =
b101 <
b101 E
b101 O
b100 Y
b100 c
b1100 ;
b110 D
b110 N
b10 X
b10 b
b1110 l
b1110 v
b11011 >
1%
b10010001010101 $
b10010001010101 )
b1110001001101100 #
b1110001001101100 (
b111000010 ""
b1111111110011001 &
#4540000
0"
02
01
15
b1000 -
b1000 [
19
b1001 ,
b1001 e
14
13
18
17
b101 /
b101 G
b11100 H
b110 .
b110 Q
b11111 R
b11110 \
b11111 f
b1000 +
b1000 o
b0 p
b1001 *
b1001 y
b1 z
b1001100101100011 !
b1001100101100011 0
b11 =
b100 <
b1111 E
b1111 O
b1011 Y
b1011 c
b1000 m
b1000 w
b1111 ;
b1101 X
b1101 b
b0 l
b0 v
b11000 >
0%
b1000101111110100 $
b1000101111110100 )
b110101101111 #
b110101101111 (
b111000011 ""
b10000011011000010 &
#4550000
05
03
04
06
09
08
07
b11 R
b1101 f
b1100 p
b1110 /
b1110 G
b10 H
b1111 .
b1111 Q
b1100 \
b1000 -
b1000 [
b1001 ,
b1001 e
b1001 +
b1001 o
b1111 z
b1010 *
b1010 y
b1001100011101100 !
b1001100011101100 0
b1100 =
b1000 <
b1 E
b1 O
b10 Y
b10 c
b10 m
b10 w
b11 ;
b1101 D
b1101 N
b110 X
b110 b
b111 l
b111 v
b111 >
1%
b10001000011000 $
b10001000011000 )
b111011011010011 #
b111011011010011 (
b111000100 ""
b1001100101100011 &
#4560000
15
19
0"
14
13
16
18
17
02
01
b1011 /
b1011 G
b11000 H
b1100 .
b1100 Q
b11111 R
b0 -
b0 [
b11110 \
b1 ,
b1 e
b11111 f
b1100 +
b1100 o
b0 p
b1101 *
b1101 y
b1 z
b1101000111000001 !
b1101000111000001 0
b1 =
b1100 E
b1100 O
b1 Y
b1 c
b0 m
b0 w
b1001 ;
b1111 D
b1111 N
b1111 X
b1111 b
b1100 l
b1100 v
b10000 >
0%
b111001000 $
b111001000 )
b1100111111111001 #
b1100111111111001 (
b111000101 ""
b1001100011101100 &
#4570000
06
b1110 +
b1110 o
b1111 *
b1111 y
b10 /
b10 G
b11001 R
b11 .
b11 Q
b11 -
b11 [
b10000 \
b100 ,
b100 e
b10111 f
b1111010000101100 !
b1111010000101100 0
b1100 =
b11 <
b1110 E
b1110 O
b1011 Y
b1011 c
b1010 m
b1010 w
b1000 ;
b100 D
b100 N
b1000 X
b1000 b
b100 l
b100 v
b111 >
1%
b1010101111100011 $
b1010101111100011 )
b100100001001000 #
b100100001001000 (
b111000110 ""
b1101000111000001 &
#4580000
05
16
04
03
09
08
07
b111 -
b111 [
b1000 ,
b1000 e
b1110 /
b1110 G
b0 H
b1111 .
b1111 Q
b1 R
b0 \
b1111 f
b100 p
b101 +
b101 o
b111 z
b110 *
b110 y
b101011111110001 !
b101011111110001 0
b1 =
b111 <
b110 E
b110 O
b110 Y
b110 c
b11 m
b11 w
b1010 ;
b1000 D
b1000 N
b1 X
b1 b
b10 l
b10 v
b11100 >
0%
b11011001100111 $
b11011001100111 )
b10000110001010 #
b10000110001010 (
b111000111 ""
b1111010000101100 &
#4590000
06
19
1"
18
12
11
17
b1010111010101111 !
b1010111010101111 0
b1111 =
b1000 H
b1010 /
b1010 G
b1001 R
b1011 .
b1011 Q
b1110 -
b1110 [
b11110 \
b1111 ,
b1111 e
b11111 f
b1001 +
b1001 o
b11100 p
b1010 *
b1010 y
b11111 z
b1110 <
b100 E
b100 O
b1111 Y
b1111 c
b1011 m
b1011 w
b0 ;
b110 D
b110 N
b1111 X
b1111 b
b1110 l
b1110 v
b1 >
1%
b1011111101001110 $
b1011111101001110 )
b1110111101100000 #
b1110111101100000 (
b111001000 ""
b101011111110001 &
#4600000
08
15
14
13
b110 /
b110 G
b11110 H
b111 .
b111 Q
b1 +
b1 o
b10 *
b10 y
b11111 R
b0 \
b1111 -
b1111 [
b0 ,
b0 e
b10000001100100 !
b10000001100100 0
b100 =
b10 <
b1111 E
b1111 O
b1001 Y
b1001 c
b110 m
b110 w
b10 ;
b111 D
b111 N
b110 X
b110 b
b1011 l
b1011 v
b100 >
0%
b110100111110010 $
b110100111110010 )
b1011011001110010 #
b1011011001110010 (
b111001001 ""
b11010111010101111 &
#4610000
09
07
16
b10000 H
b111 /
b111 G
b1000 .
b1000 Q
b1001 -
b1001 [
b1010 ,
b1010 e
b11 f
b100 +
b100 o
b11101 z
b101 *
b101 y
b100101010000001 !
b100101010000001 0
b1 =
b1000 <
b1001 E
b1001 O
b1 Y
b1 c
b1110 m
b1110 w
b1000 ;
b1110 D
b1110 N
b1000 X
b1000 b
b110 l
b110 v
b10001 >
1%
b1110000110011000 $
b1110000110011000 )
b110100011101000 #
b110100011101000 (
b111001010 ""
b10010000001100100 &
#4620000
19
17
0"
02
01
b11000010000101 !
b11000010000101 0
b101 =
b10 +
b10 o
b0 p
b11 *
b11 y
b1 z
b1111 -
b1111 [
b0 ,
b0 e
b11111 f
b1101 <
b1000 E
b1000 O
b100 Y
b100 c
b0 m
b0 w
b1111 D
b1111 N
b1011 X
b1011 b
b10 l
b10 v
b10000 >
0%
b10010001101 $
b10010001101 )
b10101111111000 #
b10101111111000 (
b111001011 ""
b10100101010000001 &
#4630000
05
03
18
04
b100 H
b1101 /
b1101 G
b1110 .
b1110 Q
b111 R
b101 -
b101 [
b11100 \
b110 ,
b110 e
b1110 +
b1110 o
b1111 *
b1111 y
b1111010111101000 !
b1111010111101000 0
b1000 =
b1000 <
b11 E
b11 O
b1111 Y
b1111 c
b10 m
b10 w
b1111 ;
b1010 D
b1010 N
b110 X
b110 b
b1100 l
b1100 v
b11111 >
1%
b10111100111000 $
b10111100111000 )
b1100011010101111 #
b1100011010101111 (
b111001100 ""
b11000010000101 &
#4640000
09
08
07
15
b1010 ,
b1010 e
b1001 -
b1001 [
06
14
13
b11 /
b11 G
b10000 H
b100 .
b100 Q
b10111 R
b11 f
b0 \
b100 +
b100 o
b101 *
b101 y
b100101000110101 !
b100101000110101 0
b101 =
b100 <
b1001 E
b1001 O
b0 Y
b0 c
b100 m
b100 w
b1 ;
b1001 X
b1001 b
b0 l
b0 v
b0 >
0%
b100000010010100 $
b100000010010100 )
b100110100001 #
b100110100001 (
b111001101 ""
b1111010111101000 &
#4650000
19
1"
18
17
12
11
05
04
03
b100010001000110 !
b100010001000110 0
b110 =
b10 >
b100 /
b100 G
b101 .
b101 Q
b100 -
b100 [
b11110 \
b101 ,
b101 e
b11111 f
b100 H
b101 R
b11000 p
b11 +
b11 o
b11111 z
b100 *
b100 y
b101 <
b10 E
b10 O
b1111 Y
b1111 c
b111 m
b111 w
b10 D
b10 N
b101 X
b101 b
b1100 l
b1100 v
b111111100100101 $
b111111100100101 )
b1100010100100001 #
b1100010100100001 (
b111001110 ""
b100101000110101 &
#4660000
09
08
0"
01
02
b1100 *
b1100 y
b1010 =
b1011 +
b1011 o
16
b1011111101101010 !
b1011111101101010 0
b0 \
b111 z
b101 /
b101 G
b110 .
b110 Q
b111 R
b1111 -
b1111 [
b0 ,
b0 e
b0 p
b1110 <
b1110 Y
b1110 c
b1011 m
b1011 w
b1011 ;
b11 D
b11 N
b1 X
b1 b
b0 l
b0 v
b11111 >
1%
b1011111000101110 $
b1011111000101110 )
b100111011 #
b100111011 (
b111001111 ""
b10100010001000110 &
#4670000
01
06
07
b1110101100110110 !
b1110101100110110 0
b110 =
b1111 f
b11 /
b11 G
b0 H
b100 .
b100 Q
b1011 -
b1011 [
b1000 \
b1100 ,
b1100 e
b1110 +
b1110 o
b1111 *
b1111 y
b1 z
b0 <
b100 Y
b100 c
b1000 m
b1000 w
b110 ;
b1 D
b1 N
b111 X
b111 b
b110 l
b110 v
b0 >
0%
b1000010000100000 $
b1000010000100000 )
b110011100010110 #
b110011100010110 (
b111010000 ""
b1011111101101010 &
#4680000
1"
12
11
16
19
18
17
b11100 p
b1011 /
b1011 G
b1100 .
b1100 Q
b10 -
b10 [
b10000 \
b11 ,
b11 e
b10001 f
b1 +
b1 o
b10 *
b10 y
b11111 z
b10001011000011 !
b10001011000011 0
b11 =
b1101 <
b1010 Y
b1010 c
b10 m
b10 w
b101 ;
b1001 D
b1001 N
b1000 X
b1000 b
b1111 l
b1111 v
b11011 >
1%
b10101000101101 $
b10101000101101 )
b1111100010010101 #
b1111100010010101 (
b111010001 ""
b1110101100110110 &
#4690000
05
06
03
09
08
07
b101 -
b101 [
b110 ,
b110 e
b1001 +
b1001 o
b1010 *
b1010 y
b1001010111101111 !
b1001010111101111 0
b1111 =
b1110 /
b1110 G
b1111 .
b1111 Q
b1 R
b0 \
b11 f
b1000 <
b1110 E
b1110 O
b101 Y
b101 c
b1111 m
b1111 w
b111 ;
b0 D
b0 N
b0 X
b0 b
b1010 l
b1010 v
b0 >
0%
b1111010111101000 $
b1111010111101000 )
b1010000000000111 #
b1010000000000111 (
b111010010 ""
b10010001011000011 &
#4700000
15
13
16
b1001 -
b1001 [
b1010 ,
b1010 e
b1111 /
b1111 G
b0 .
b0 Q
b11111 R
b1100 \
b1111 f
b1 +
b1 o
b10 *
b10 y
b1101000000000 !
b1101000000000 0
b0 =
b111 <
b1001 E
b1001 O
b10 Y
b10 c
b1110 m
b1110 w
b1000 ;
b110 D
b110 N
b111 X
b111 b
b11 l
b11 v
b11111 >
1%
b1110001010010111 $
b1110001010010111 )
b11011101101000 #
b11011101101000 (
b111010011 ""
b11001010111101111 &
#4710000
09
05
03
08
07
06
b1111 R
b11110 p
b1000101110001010 !
b1000101110001010 0
b1010 =
b1111 >
b1000 /
b1000 G
b1110 H
b1001 .
b1001 Q
b1011 -
b1011 [
b0 \
b1100 ,
b1100 e
b111 f
b1000 +
b1000 o
b1001 *
b1001 y
b10 <
b101 E
b101 O
b1001 Y
b1001 c
b1001 m
b1001 w
b111 ;
b11 D
b11 N
b10 X
b10 b
b1111 l
b1111 v
b1001100101010010 $
b1001100101010010 )
b1111001000110111 #
b1111001000110111 (
b111010100 ""
b10001101000000000 &
#4720000
02
05
19
04
13
18
17
b0 p
b1111 /
b1111 G
b0 H
b0 .
b0 Q
b11111 R
b101 -
b101 [
b10000 \
b110 ,
b110 e
b10011 f
b1111 +
b1111 o
b0 *
b0 y
b10111110111 !
b10111110111 0
b111 =
b1 <
b111 E
b111 O
b1101 Y
b1101 c
b1000 m
b1000 w
b110 ;
b1000 D
b1000 N
b1000 X
b1000 b
b111 l
b111 v
b0 >
0%
b1000110101110001 $
b1000110101110001 )
b111100010000110 #
b111100010000110 (
b111010101 ""
b11000101110001010 &
#4730000
0"
09
01
03
08
07
b111101011100110 !
b111101011100110 0
b110 =
b111 +
b111 o
b1000 *
b1000 y
b1111 z
b1110 H
b1110 /
b1110 G
b1111 .
b1111 Q
b1111 R
b1010 -
b1010 [
b0 \
b1011 ,
b1011 e
b1 f
b10 <
b1000 Y
b1000 c
b111 m
b111 w
b100 ;
b111 D
b111 N
b10 X
b10 b
b0 l
b0 v
b111100001110010 $
b111100001110010 )
b1001110100 #
b1001110100 (
b111010110 ""
b10000010111110111 &
#4740000
0"
15
19
16
01
14
13
18
17
b100 /
b100 G
b101 .
b101 Q
b111 z
b10000 H
b10001 R
b111 -
b111 [
b10000 \
b1000 ,
b1000 e
b11111 f
b1100 +
b1100 o
b110 p
b1101 *
b1101 y
b1101100001010101 !
b1101100001010101 0
b101 =
b1000 <
b1000 E
b1000 O
b1011 m
b1011 w
b1100 ;
b1100 D
b1100 N
b1111 X
b1111 b
b1 l
b1 v
b10001 >
1%
b1011100010001000 $
b1011100010001000 )
b1111111001100 #
b1111111001100 (
b111010111 ""
b111101011100110 &
#4750000
1"
12
11
06
b10100 \
b0 /
b0 G
b1 .
b1 Q
b101 -
b101 [
b110 ,
b110 e
b10111 f
b11 +
b11 o
b11000 p
b100 *
b100 y
b11111 z
b100011000001110 !
b100011000001110 0
b1110 =
b1100 <
b1010 Y
b1010 c
b1111 m
b1111 w
b10 ;
b1000 D
b1000 N
b1011 X
b1011 b
b100 l
b100 v
b0 >
0%
b1111101010001100 $
b1111101010001100 )
b100101110000010 #
b100101110000010 (
b111011000 ""
b1101100001010101 &
#4760000
01
0"
02
16
09
08
07
b100 /
b100 G
b101 .
b101 Q
b1100 +
b1100 o
b0 p
b1 z
b1101 *
b1101 y
b1100100101010100 !
b1100100101010100 0
b100 =
b11110 >
b1000 -
b1000 [
b0 \
b1001 ,
b1001 e
b1 f
b101 <
b1100 E
b1100 O
b1000 Y
b1000 c
b1000 m
b1000 w
b1111 ;
b0 X
b0 b
b1000100011000101 $
b1000100011000101 )
b100000010001111 #
b100000010001111 (
b111011001 ""
b10100011000001110 &
#4770000
05
19
1"
04
03
18
17
12
11
b1101 /
b1101 G
b0 H
b1110 .
b1110 Q
b11 R
b1011 -
b1011 [
b11000 \
b1100 ,
b1100 e
b11111 f
b1001 +
b1001 o
b11100 p
b1010 *
b1010 y
b11111 z
b1010101111100001 !
b1010101111100001 0
b1 =
b1011 <
b1111 Y
b1111 c
b1111 m
b1111 w
b101 ;
b1 D
b1 N
b1100 X
b1100 b
b1010 l
b1010 v
b11111 >
1%
b1111111111001011 $
b1111111111001011 )
b1010110000010101 #
b1010110000010101 (
b111011010 ""
b1100100101010100 &
#4780000
06
15
14
13
b1 /
b1 G
09
b100 ,
b100 e
b1111 =
b10 .
b10 Q
b11 -
b11 [
08
07
b1010000011111 !
b1010000011111 0
b11100 H
b111 f
b11011 z
b11111 R
b0 \
b11000 p
b1 +
b1 o
b10 *
b10 y
b101 <
b1111 E
b1111 O
b10 Y
b10 c
b100 m
b100 w
b1010 ;
b10 D
b10 N
b1 X
b1 b
b1101 l
b1101 v
b0 >
0%
b100001011110101 $
b100001011110101 )
b1101000100101010 #
b1101000100101010 (
b111011011 ""
b11010101111100001 &
#4790000
16
05
0"
04
03
02
01
b1011110000001 !
b1011110000001 0
b1 =
b11100 >
b1111 R
b111 /
b111 G
b0 H
b1000 .
b1000 Q
b111 -
b111 [
b1000 ,
b1000 e
b1111 f
b1 +
b1 o
b0 p
b10 *
b10 y
b11 z
b1011 <
b11 E
b11 O
b0 Y
b0 c
b0 m
b0 w
b110 ;
b100 D
b100 N
b111 X
b111 b
b1 l
b1 v
b111011 $
b111011 )
b1011101000110 #
b1011101000110 (
b111011100 ""
b10001010000011111 &
#4800000
15
06
14
13
b1100010001110111 !
b1100010001110111 0
b111 =
b0 >
b10000 H
b11111 R
b11 -
b11 [
b100 ,
b100 e
b111 f
b1100 +
b1100 o
b1 z
b1101 *
b1101 y
b100 <
b1110 E
b1110 O
b10 Y
b10 c
b11 ;
b1001 D
b1001 N
b1 X
b1 b
b1100 l
b1100 v
b1011100100 $
b1011100100 )
b1100000110010011 #
b1100000110010011 (
b111011101 ""
b1011110000001 &
#4810000
17
05
03
04
b100 >
b1111 R
b100 p
b111 z
b101111111100100 !
b101111111100100 0
b100 =
b1110 /
b1110 G
b1110 H
b1111 .
b1111 Q
b1111 -
b1111 [
b0 ,
b0 e
b11111 f
b101 +
b101 o
b110 *
b110 y
b10 <
b111 E
b111 O
b1011 Y
b1011 c
b11 m
b11 w
b10 ;
b111 D
b111 N
b100 X
b100 b
b10 l
b10 v
b11101101110010 $
b11101101110010 )
b10010001110010 #
b10010001110010 (
b111011110 ""
b1100010001110111 &
#4820000
18
19
15
14
13
b101 /
b101 G
b110 .
b110 Q
b101 +
b101 o
b110 *
b110 y
b11 z
b10100 H
b10111 R
b100 -
b100 [
b11110 \
b101 ,
b101 e
b0 p
b110010101011001 !
b110010101011001 0
b1001 =
b11 <
b1010 E
b1010 O
b111 Y
b111 c
b100 m
b100 w
b101 ;
b1011 D
b1011 N
b1101 X
b1101 b
b1 l
b1 v
b1111 >
1%
b100011110100011 $
b100011110100011 )
b1110110110101 #
b1110110110101 (
b111011111 ""
b101111111100100 &
#4830000
09
08
07
05
b1011 ,
b1011 e
1"
b1010 -
b1010 [
04
03
12
11
b111 R
b1 f
b10000 p
b1100 /
b1100 G
b110 H
b1101 .
b1101 Q
b0 \
b111 +
b111 o
b1000 *
b1000 y
b11111 z
b111101011001000 !
b111101011001000 0
b1000 =
b1 <
b11 E
b11 O
b0 Y
b0 c
b1100 m
b1100 w
b111 ;
b1001 D
b1001 N
b1010 X
b1010 b
b1011 l
b1011 v
b1110 >
0%
b1100000000110001 $
b1100000000110001 )
b1011101010010111 #
b1011101010010111 (
b111100000 ""
b110010101011001 &
#4840000
17
01
0"
02
b1100111111001110 !
b1100111111001110 0
b1110 =
b11111 f
b1110 H
b1100 /
b1100 G
b1111 R
b1101 .
b1101 Q
b1111 -
b1111 [
b0 ,
b0 e
b1100 +
b1100 o
b100 p
b101 z
b1101 *
b1101 y
b110 <
b111 E
b111 O
b1 Y
b1 c
b1010 m
b1010 w
b101 D
b101 N
b1110 X
b1110 b
b10 l
b10 v
b1111 >
1%
b1010000101110110 $
b1010000101110110 )
b10111001010111 #
b10111001010111 (
b111100001 ""
b10111101011001000 &
#4850000
07
1"
12
11
b0 H
b111 /
b111 G
b1000 .
b1000 Q
b1100 -
b1100 [
b1101 ,
b1101 e
b1 f
b100 +
b100 o
b10100 p
b101 *
b101 y
b10101 z
b100110001110011 !
b100110001110011 0
b11 =
b11 <
b0 Y
b0 c
b0 ;
b0 D
b0 N
b1100 X
b1100 b
b1010 l
b1010 v
b0 >
0%
b1010000001110011 $
b1010000001110011 )
b1010110000000000 #
b1010110000000000 (
b111100010 ""
b1100111111001110 &
#4860000
19
18
17
16
0"
02
01
b11100 \
b1110000110010001 !
b1110000110010001 0
b1 =
b1000 /
b1000 G
b1110 H
b1001 .
b1001 Q
b1 -
b1 [
b10 ,
b10 e
b11111 f
b1101 +
b1101 o
b0 p
b1110 *
b1110 y
b11 z
b1110 <
b1 E
b1 O
b110 Y
b110 c
b100 m
b100 w
b10 ;
b111 D
b111 N
b1011 X
b1011 b
b1001 l
b1001 v
b11101 >
1%
b100011000011110 $
b100011000011110 )
b1001101101110010 #
b1001101101110010 (
b111100011 ""
b10100110001110011 &
#4870000
15
14
13
b10111 f
b11011 >
b110010111001011 !
b110010111001011 0
b1011 =
b1011 /
b1011 G
b11000 H
b1100 .
b1100 Q
b11111 R
b100 -
b100 [
b10110 \
b101 ,
b101 e
b101 +
b101 o
b110 *
b110 y
b1101 <
b1111 E
b1111 O
b1011 Y
b1011 c
b0 m
b0 w
b1101 ;
b1100 D
b1100 N
b1001 X
b1001 b
b101 l
b101 v
b101111111101 $
b101111111101 )
b101100111001101 #
b101100111001101 (
b111100100 ""
b1110000110010001 &
#4880000
05
03
1"
12
11
04
19
18
17
b11 R
b100 -
b100 [
b101 ,
b101 e
b11000 p
b100010011101010 !
b100010011101010 0
b1010 =
b11111 >
b0 H
b1101 /
b1101 G
b1110 .
b1110 Q
b11110 \
b11111 f
b11 +
b11 o
b100 *
b100 y
b11111 z
b1110 <
b1100 E
b1100 O
b101 Y
b101 c
b1100 m
b1100 w
b1011 ;
b1 D
b1 N
b1111 X
b1111 b
b111 l
b111 v
b1100010111001110 $
b1100010111001110 )
b111111100011011 #
b111111100011011 (
b111100101 ""
b110010111001011 &
#4890000
09
08
07
0"
15
02
01
14
13
b1000 p
b100 /
b100 G
b10000 H
b101 .
b101 Q
b10001 R
b0 \
b1101 -
b1101 [
b11 f
b1110 ,
b1110 e
b1010 +
b1010 o
b1011 *
b1011 y
b1001 z
b1010111001010001 !
b1010111001010001 0
b1 =
b111 <
b1000 E
b1000 O
b110 m
b110 w
b1010 ;
b1100 D
b1100 N
b1000 X
b1000 b
b100 l
b100 v
b11100 >
0%
b110010110000111 $
b110010110000111 )
b100100011001010 #
b100100011001010 (
b111100110 ""
b10100010011101010 &
#4900000
19
05
1"
18
17
04
03
12
11
b100 /
b100 G
b100 H
b101 .
b101 Q
b101 R
b10110 \
b100 -
b100 [
b101 ,
b101 e
b10111 f
b1 +
b1 o
b10000 p
b10 *
b10 y
b10011 z
b10010001010010 !
b10010001010010 0
b10 =
b101 <
b10 E
b10 O
b1001 Y
b1001 c
b1000 m
b1000 w
b1100 ;
b10 D
b10 N
b1011 X
b1011 b
b1001 l
b1001 v
b11011 >
1%
b1000100100100101 $
b1000100100100101 )
b1001101100101100 #
b1001101100101100 (
b111100111 ""
b1010111001010001 &
#4910000
1"
15
09
14
13
12
11
06
08
07
b100 +
b100 o
b11110 p
b101 *
b101 y
b11111 z
b100100001110111 !
b100100001110111 0
b111 =
b111 >
b111 /
b111 G
b10000 H
b1000 .
b1000 Q
b11111 R
b111 -
b111 [
b0 \
b1000 ,
b1000 e
b1111 f
b11 <
b1000 E
b1000 O
b11 Y
b11 c
b111 m
b111 w
b11 ;
b1111 D
b1111 N
b100 X
b100 b
b1101 l
b1101 v
b111001110000011 $
b111001110000011 )
b1101010011110011 #
b1101010011110011 (
b111101000 ""
b10010010001010010 &
#4920000
0"
02
b11 >
b10110 H
b1111100101101010 !
b1111100101101010 0
b1010 =
b110 /
b110 G
b111 .
b111 Q
b10111 R
b1000 -
b1000 [
b1110 \
b1001 ,
b1001 e
b1111 +
b1111 o
b0 p
b0 *
b0 y
b1001 <
b1011 E
b1011 O
b1001 m
b1001 w
b0 ;
b1011 D
b1011 N
b101 X
b101 b
b110 l
b110 v
b1001001110111001 $
b1001001110111001 )
b110010110110000 #
b110010110110000 (
b111101001 ""
b10100100001110111 &
#4930000
12
1"
19
16
18
17
b11100101000011 !
b11100101000011 0
b11 =
b10001 >
b11 /
b11 G
b10000 H
b100 .
b100 Q
b11110 \
b11111 f
b10 +
b10 o
b11110 p
b11 *
b11 y
b1010 <
b1001 E
b1001 O
b1001 Y
b1001 c
b111 m
b111 w
b1000 ;
b1010 D
b1010 N
b1111 X
b1111 b
b1011 l
b1011 v
b111100110011010 $
b111100110011010 )
b1011111110101000 #
b1011111110101000 (
b111101010 ""
b1111100101101010 &
#4940000
0"
02
01
b100001110011001 !
b100001110011001 0
b1001 =
b11111 R
b1000 /
b1000 G
b11110 H
b1001 .
b1001 Q
b10 -
b10 [
b11 ,
b11 e
b11 +
b11 o
b0 p
b100 *
b100 y
b111 z
b1100 <
b1111 E
b1111 O
b1111 Y
b1111 c
b0 m
b0 w
b1101 ;
b1001 D
b1001 N
b11 X
b11 b
b11 l
b11 v
b11000 >
0%
b111111111100 $
b111111111100 )
b11001110011101 #
b11001110011101 (
b111101011 ""
b10011100101000011 &
#4950000
05
04
03
1"
12
11
09
08
07
b0 H
b1101 /
b1101 G
b11 R
b1110 .
b1110 Q
b100 -
b100 [
b101 ,
b101 e
b1 f
b11010 p
b0 \
b10 +
b10 o
b11011 z
b11 *
b11 y
b10010011100110 !
b10010011100110 0
b110 =
b0 E
b0 O
b0 Y
b0 c
b101 m
b101 w
b1001 ;
b1101 D
b1101 N
b100 X
b100 b
b1101 l
b1101 v
b10011 >
1%
b101000000001100 $
b101000000001100 )
b1101010011011001 #
b1101010011011001 (
b111101100 ""
b100001110011001 &
#4960000
06
b101 -
b101 [
b110 ,
b110 e
b11 f
b100 +
b100 o
b11110 p
b101 *
b101 y
b11111 z
b100010111011101 !
b100010111011101 0
b1101 =
b1 <
b1000 E
b1000 O
b1 Y
b1 c
b1111 m
b1111 w
b1100 ;
b101 D
b101 N
b101 l
b101 v
b0 >
0%
b1111000110000001 $
b1111000110000001 )
b101010001011100 #
b101010001011100 (
b111101101 ""
b10010010011100110 &
#4970000
15
14
13
b10010 p
b10011 z
b10011001001011 !
b10011001001011 0
b1011 =
b100 /
b100 G
b10100 H
b101 .
b101 Q
b10101 R
b10 +
b10 o
b11 *
b11 y
b11 <
b1010 E
b1010 O
b101 Y
b101 c
b1001 m
b1001 w
b1000 ;
b1010 D
b1010 N
b0 X
b0 b
b1001 l
b1001 v
b1001010110100011 $
b1001010110100011 )
b1001000010101000 #
b1001000010101000 (
b111101110 ""
b10100010111011101 &
#4980000
19
18
17
0"
16
02
01
b1101010010110111 !
b1101010010110111 0
b111 =
b1010 /
b1010 G
b11110 H
b1011 .
b1011 Q
b11111 R
b11 -
b11 [
b11000 \
b100 ,
b100 e
b11111 f
b1100 +
b1100 o
b110 p
b1101 *
b1101 y
b111 z
b1101 <
b1011 E
b1011 O
b1100 Y
b1100 c
b1001 ;
b1111 D
b1111 N
b111 X
b111 b
b11 l
b11 v
b10011 >
1%
b1001110010111101 $
b1001110010111101 )
b11011111111001 #
b11011111111001 (
b111101111 ""
b10010011001001011 &
#4990000
19
18
05
1"
04
03
12
11
b0 H
b1111 R
b111 /
b111 G
b1000 .
b1000 Q
b10 -
b10 [
b11110 \
b11 ,
b11 e
b110 +
b110 o
b10110 p
b111 *
b111 y
b10111 z
b111001010001010 !
b111001010001010 0
b1010 =
b1011 <
b110 E
b110 O
b111 Y
b111 c
b1011 m
b1011 w
b1111 ;
b1 D
b1 N
b1011 X
b1011 b
b1011 l
b1011 v
b11110 >
0%
b1011011101101011 $
b1011011101101011 )
b1011101100011111 #
b1011101100011111 (
b111110000 ""
b1101010010110111 &
#5000000
b1 *
b1 y
05
09
b0 +
b0 o
03
08
07
b10001 z
b1110100010 !
b1110100010 0
b10 =
b1001 /
b1001 G
b1010 .
b1010 Q
b11 R
b11 -
b11 [
b0 \
b100 ,
b100 e
b111 f
b10000 p
b0 E
b0 O
b0 Y
b0 c
b1000 m
b1000 w
b110 ;
b1001 D
b1001 N
b11 X
b11 b
b1000 l
b1000 v
b11111 >
1%
b1000000000001011 $
b1000000000001011 )
b1000001110010110 #
b1000001110010110 (
b111110001 ""
b10111001010001010 &
#5010000
0"
02
01
b1011 /
b1011 G
b1100 .
b1100 Q
b111 R
b10 +
b10 o
b11 *
b11 y
b10101011001111 !
b10101011001111 0
b1111 =
b1010 -
b1010 [
b1011 ,
b1011 e
b1 f
b0 p
b1 z
b1111 <
b11 E
b11 O
b1000 Y
b1000 c
b10 m
b10 w
b1111 ;
b1000 D
b1000 N
b10 X
b10 b
b0 l
b0 v
b10100000111111 $
b10100000111111 )
b1010001111 #
b1010001111 (
b111110010 ""
b10000001110100010 &
#5020000
19
18
17
b11100 \
b0 -
b0 [
b11101 f
b1 ,
b1 e
b1100 H
b1001 /
b1001 G
b1111 R
b1010 .
b1010 Q
b1110 +
b1110 o
b110 p
b1111 *
b1111 y
b111 z
b1111000010101000 !
b1111000010101000 0
b1000 =
b1101 <
b10 E
b10 O
b110 Y
b110 c
b1011 m
b1011 w
b1011 ;
b111 D
b111 N
b1010 X
b1010 b
b11 l
b11 v
b11110 >
0%
b1011011000101101 $
b1011011000101101 )
b11101001111011 #
b11101001111011 (
b111110011 ""
b10101011001111 &
#5030000
1"
12
11
15
14
13
b11111 z
b10000101011100 !
b10000101011100 0
b1100 =
b100 /
b100 G
b11110 H
b101 .
b101 Q
b11111 R
b1 +
b1 o
b11100 p
b10 *
b10 y
b101 E
b101 O
b111 m
b111 w
b1111 ;
b1111 D
b1111 N
b1010 l
b1010 v
b111011001011101 $
b111011001011101 )
b1010101011111111 #
b1010101011111111 (
b111110100 ""
b1111000010101000 &
#5040000
09
08
07
b0 /
b0 G
b1 .
b1 Q
b1000 +
b1000 o
b11101 z
b1001 *
b1001 y
b1000 -
b1000 [
b1110 \
b1001 ,
b1001 e
b1111 f
b1000100100010101 !
b1000100100010101 0
b101 =
b11 E
b11 O
b111 Y
b111 c
b1010 m
b1010 w
b111 ;
b1101 D
b1101 N
b1 X
b1 b
b1110 l
b1110 v
b11111 >
1%
b1010011100111101 $
b1010011100111101 )
b1110000111010111 #
b1110000111010111 (
b111110101 ""
b10010000101011100 &
#5050000
04
0"
19
02
01
18
17
b10111 >
b1111 /
b1111 G
b0 H
b0 .
b0 Q
b1000011000000110 !
b1000011000000110 0
b110 =
b101 -
b101 [
b10100 \
b110 ,
b110 e
b10111 f
b111 +
b111 o
b0 p
b1000 *
b1000 y
b1111 z
b1011 <
b1110 E
b1110 O
b1010 Y
b1010 c
b110 m
b110 w
b1010 ;
b1 D
b1 N
b1011 X
b1011 b
b1 l
b1 v
b110101011101011 $
b110101011101011 )
b1101100011010 #
b1101100011010 (
b111110110 ""
b11000100100010101 &
#5060000
05
09
1"
06
03
12
08
07
11
b11 /
b11 G
b100 .
b100 Q
b111 R
b110 -
b110 [
b111 ,
b111 e
b11 +
b11 o
b10000 p
b100 *
b100 y
b11011000111100 !
b11011000111100 0
b1100 =
b110 \
b111 f
b10111 z
b11 <
b1 E
b1 O
b11 Y
b11 c
b1010 m
b1010 w
b1001 ;
b10 D
b10 N
b11 X
b11 b
b1001 l
b1001 v
b110 >
0%
b1010001100010011 $
b1010001100010011 )
b1001001100101001 #
b1001001100101001 (
b111110111 ""
b1000011000000110 &
#5070000
05
03
16
19
0"
b100 =
18
17
02
01
b1011001011110100 !
b1011001011110100 0
b10 -
b10 [
b11 ,
b11 e
b10001 f
b0 p
b10 H
b1110 /
b1110 G
b1111 .
b1111 Q
b11 R
b10000 \
b1010 +
b1010 o
b1011 *
b1011 y
b1 z
b110 <
b1101 E
b1101 O
b1000 Y
b1000 c
b10 m
b10 w
b1101 ;
b1 D
b1 N
b1010 X
b1010 b
b1000 l
b1000 v
b11111 >
1%
b10100011010110 $
b10100011010110 )
b1000101000011101 #
b1000101000011101 (
b111111000 ""
b10011011000111100 &
#5080000
15
09
14
13
08
07
b1010111100100000 !
b1010111100100000 0
b0 =
b1 /
b1 G
b10000 H
b10 .
b10 Q
b10011 R
b1110 -
b1110 [
b0 \
b1111 ,
b1111 e
b1 f
b10 <
b1001 E
b1001 O
b1000 m
b1000 w
b1110 ;
b1000 D
b1000 N
b110 X
b110 b
b10 l
b10 v
b11100 >
0%
b1000100010010010 $
b1000100010010010 )
b10011010001110 #
b10011010001110 (
b111111001 ""
b1011001011110100 &
#5090000
15
19
14
13
18
17
b1110100100110100 !
b1110100100110100 0
b100 =
b11000 H
b10 /
b10 G
b11 .
b11 Q
b11001 R
b1000 -
b1000 [
b11100 \
b1001 ,
b1001 e
b11101 f
b1101 +
b1101 o
b11 z
b1110 *
b1110 y
b101 <
b100 E
b100 O
b1110 Y
b1110 c
b100 m
b100 w
b1110 D
b1110 N
b1010 X
b1010 b
b1001 l
b1001 v
b11111 >
1%
b100111001000101 $
b100111001000101 )
b1001101011101110 #
b1001101011101110 (
b111111010 ""
b1010111100100000 &
#5100000
15
14
13
09
b100 -
b100 [
b101 ,
b101 e
08
07
b1011010100010100 !
b1011010100010100 0
b0 /
b0 G
b11100 H
b1 .
b1 Q
b11101 R
b0 \
b1 f
b1000 p
b1011 +
b1011 o
b1111 z
b1100 *
b1100 y
b111 <
b1010 E
b1010 O
b100 Y
b100 c
b110 m
b110 w
b1101 ;
b110 D
b110 N
b0 X
b0 b
b101 l
b101 v
b11110 >
0%
b110010010100111 $
b110010010100111 )
b101000001101101 #
b101000001101101 (
b111111011 ""
b1110100100110100 &
#5110000
06
05
19
1"
04
03
18
17
12
11
b111 /
b111 G
b0 H
b1000 .
b1000 Q
b1111 R
b1100001111011 !
b1100001111011 0
b1011 =
b0 >
b1000 -
b1000 [
b11000 \
b1001 ,
b1001 e
b11001 f
b0 +
b0 o
b11110 p
b1 *
b1 y
b11111 z
b1001 <
b101 E
b101 O
b1100 Y
b1100 c
b1 m
b1 w
b10 ;
b10 D
b10 N
b1100 X
b1100 b
b1111 l
b1111 v
b1110001011001 $
b1110001011001 )
b1111110000100010 #
b1111110000100010 (
b111111100 ""
b1011010100010100 &
#5120000
0"
02
01
09
16
08
07
03
b0 \
b11 f
b1100110110010011 !
b1100110110010011 0
b11 =
b1000 /
b1000 G
b1001 .
b1001 Q
b1 R
b1101 -
b1101 [
b1110 ,
b1110 e
b1100 +
b1100 o
b0 p
b1101 *
b1101 y
b1 z
b101 <
b0 E
b0 O
b1001 Y
b1001 c
b0 m
b0 w
b1101 ;
b1000 D
b1000 N
b100 X
b100 b
b1100 l
b1100 v
b11011 >
1%
b100100000101 $
b100100000101 )
b1100010010001101 #
b1100010010001101 (
b111111101 ""
b10001100001111011 &
#5130000
15
14
13
b0 /
b0 G
b1 .
b1 Q
19
18
17
b11000 H
b11001 R
b1001001000011100 !
b1001001000011100 0
b1100 =
b11111 >
b1 -
b1 [
b10000 \
b10 ,
b10 e
b10011 f
b1000 +
b1000 o
b1001 *
b1001 y
b1100 <
b100 E
b100 O
b1000 Y
b1000 c
b1000 m
b1000 w
b1111 ;
b1100 D
b1100 N
b1001 X
b1001 b
b0 l
b0 v
b1000100001001100 $
b1000100001001100 )
b100111001111 #
b100111001111 (
b111111110 ""
b1100110110010011 &
#5140000
1"
11
06
05
04
03
b1001 -
b1001 [
b1010 ,
b1010 e
b11000 \
b11011 f
b11111 z
b1011 /
b1011 G
b0 H
b1100 .
b1100 Q
b111 R
b1111 +
b1111 o
b0 *
b0 y
b100110111111 !
b100110111111 0
b1111 =
b1000 <
b1 E
b1 O
b1101 Y
b1101 c
b1011 m
b1011 w
b111 ;
b1010 D
b1010 N
b1100 X
b1100 b
b100 l
b100 v
b0 >
0%
b1011110100011000 $
b1011110100011000 )
b100110010100111 #
b100110010100111 (
b111111111 ""
b1001001000011100 &
#5150000
09
08
17
0"
01
16
b0 \
b1101 z
b110 /
b110 G
b1 R
b111 .
b111 Q
b1111 -
b1111 [
b11111 f
b0 ,
b0 e
b1100 +
b1100 o
b1100 p
b1101 *
b1101 y
b1100111101111100 !
b1100111101111100 0
b1100 =
b1111 <
b0 E
b0 O
b1000 Y
b1000 c
b110 m
b110 w
b1100 ;
b110 D
b110 N
b111 X
b111 b
b110 l
b110 v
b11111 >
1%
b110100000001111 $
b110100000001111 )
b110011101101100 #
b110011101101100 (
b1000000000 ""
b10000100110111111 &
#5160000
13
06
07
1"
12
11
b10 \
b1111 /
b1111 G
b11111 R
b0 .
b0 Q
b1110 -
b1110 [
b1111 ,
b1111 e
b11 f
b1011 +
b1011 o
b11000 p
b1100 *
b1100 y
b11111 z
b1011111011111111 !
b1011111011111111 0
b1111 =
b10 E
b10 O
b1101 Y
b1101 c
b1100 m
b1100 w
b0 ;
b1101 D
b1101 N
b1 X
b1 b
b1111 l
b1111 v
b0 >
0%
b1100110100101111 $
b1100110100101111 )
b1111000111010000 #
b1111000111010000 (
b1000000001 ""
b1100111101111100 &
#5170000
15
14
19
18
17
b11010000001110 !
b11010000001110 0
b1110 =
b0 /
b0 G
b11100 H
b11101 R
b1 .
b1 Q
b11 -
b11 [
b11000 \
b100 ,
b100 e
b11111 f
b10 +
b10 o
b10000 p
b11 *
b11 y
b10001 z
b1110 <
b1110 E
b1110 O
b1100 Y
b1100 c
b1000 m
b1000 w
b10 D
b10 N
b111 X
b111 b
b1010 l
b1010 v
b1000110011101110 $
b1000110011101110 )
b1010011100100000 #
b1010011100100000 (
b1000000010 ""
b11011111011111111 &
#5180000
b10 /
b10 G
09
b100 +
b100 o
b11 .
b11 Q
b101 *
b101 y
0"
08
07
02
01
b11110 H
b1001 -
b1001 [
b1100 \
b1010 ,
b1010 e
b1111 f
b11111 R
b110 p
b111 z
b100101000100111 !
b100101000100111 0
b111 =
b100 <
b1011 E
b1011 O
b10 Y
b10 c
b11 m
b11 w
b10 ;
b111 D
b111 N
b1 l
b1 v
b1 >
1%
b11001010110100 $
b11001010110100 )
b1011101110010 #
b1011101110010 (
b1000000011 ""
b10011010000001110 &
#5190000
1"
09
12
11
08
07
b111 >
b1100101001010100 !
b1100101001010100 0
b100 =
b10100 H
b101 /
b101 G
b10111 R
b110 .
b110 Q
b1001 -
b1001 [
b0 \
b1010 ,
b1010 e
b11 f
b1100 +
b1100 o
b11100 p
b1101 *
b1101 y
b11101 z
b11 <
b1 Y
b1 c
b1110 m
b1110 w
b0 ;
b1010 D
b1010 N
b1000 X
b1000 b
b1110 l
b1110 v
b1110000110110011 $
b1110000110110011 )
b1110100010100000 #
b1110100010100000 (
b1000000100 ""
b100101000100111 &
#5200000
19
0"
18
17
02
01
b101 -
b101 [
05
b110 ,
b110 e
16
04
03
b11100 \
b1110 /
b1110 G
b10 H
b1111 .
b1111 Q
b11 R
b11111 f
b1100 +
b1100 o
b110 p
b1101 *
b1101 y
b111 z
b1101010111111011 !
b1101010111111011 0
b1011 =
b1100 <
b1101 E
b1101 O
b111 Y
b111 c
b11 m
b11 w
b1111 ;
b1 D
b1 N
b1110 X
b1110 b
b1001 l
b1001 v
b11000 >
0%
b11011111011100 $
b11011111011100 )
b1001111000011111 #
b1001111000011111 (
b1000000101 ""
b11100101001010100 &
#5210000
15
14
13
1"
02
11
06
b1 /
b1 G
b10 .
b10 Q
b10001 f
b11100 H
b11111 R
b10000 \
b100 -
b100 [
b101 ,
b101 e
b1111 +
b1111 o
b0 p
b0 *
b0 y
b11111 z
b10100011010 !
b10100011010 0
b1010 =
b100 <
b1110 E
b1110 O
b1100 Y
b1100 c
b1000 m
b1000 w
b101 ;
b11 D
b11 N
b1000 X
b1000 b
b111 l
b111 v
b1011 >
1%
b1000110011100100 $
b1000110011100100 )
b111100000110101 #
b111100000110101 (
b1000000110 ""
b1101010111111011 &
#5220000
0"
19
01
16
08
17
b10100 H
b10111 R
b1000001101000 !
b1000001101000 0
b1000 =
b11111 >
b101 /
b101 G
b110 .
b110 Q
b1111 -
b1111 [
b0 \
b0 ,
b0 e
b11111 f
b0 +
b0 o
b1 *
b1 y
b1 z
b1001 <
b1011 E
b1011 O
b1011 Y
b1011 c
b0 m
b0 w
b1110 ;
b1010 D
b1010 N
b100 X
b100 b
b0 l
b0 v
b101110111001 $
b101110111001 )
b10010101110 #
b10010101110 (
b1000000111 ""
b10000010100011010 &
#5230000
05
04
03
18
b10001 f
b1111 z
b101 /
b101 G
b0 H
b110 .
b110 Q
b11 R
b100 -
b100 [
b10000 \
b101 ,
b101 e
b111 +
b111 o
b1000 *
b1000 y
b1000010001100111 !
b1000010001100111 0
b111 =
b1101 <
b0 E
b0 O
b1000 Y
b1000 c
b1 m
b1 w
b1010 ;
b101 D
b101 N
b1100 X
b1100 b
b110 l
b110 v
b10000 >
0%
b1100000001101 $
b1100000001101 )
b110110001011010 #
b110110001011010 (
b1000001000 ""
b1000001101000 &
#5240000
15
14
13
09
0"
16
08
07
01
b11010 H
b10 /
b10 G
b11011 R
b11 .
b11 Q
b1110111000110000 !
b1110111000110000 0
b0 =
b11000 >
b1101 -
b1101 [
b100 \
b1110 ,
b1110 e
b111 f
b1110 +
b1110 o
b1111 *
b1111 y
b1 z
b1100 <
b1101 E
b1101 O
b1010 Y
b1010 c
b110 m
b110 w
b100 ;
b11 X
b11 b
b1000 l
b1000 v
b110101011011100 $
b110101011011100 )
b1000001101010100 #
b1000001101010100 (
b1000001001 ""
b1000010001100111 &
#5250000
16
05
04
03
b1010 /
b1010 G
b1011 .
b1011 Q
b1100 +
b1100 o
b1101 *
b1101 y
b1100010110110001 !
b1100010110110001 0
b1 =
b11100 >
b1110 H
b1111 R
b101 -
b101 [
b0 \
b110 ,
b110 e
b11 f
b111 <
b11 E
b11 O
b0 Y
b0 c
b1000 m
b1000 w
b1010 ;
b111 D
b111 N
b101 X
b101 b
b100 l
b100 v
b1000000000110111 $
b1000000000110111 )
b100010101111010 #
b100010101111010 (
b1000001010 ""
b1110111000110000 &
#5260000
19
16
18
17
b111000101100001 !
b111000101100001 0
b1 =
b11 R
b11100 \
b101 /
b101 G
b0 H
b110 .
b110 Q
b1 -
b1 [
b11111 f
b10 ,
b10 e
b110 +
b110 o
b111 *
b111 y
b1001 <
b101 E
b101 O
b110 Y
b110 c
b100 m
b100 w
b111 ;
b0 D
b0 N
b1011 X
b1011 b
b10 l
b10 v
b11111 >
1%
b100011001011001 $
b100011001011001 )
b10101100000111 #
b10101100000111 (
b1000001011 ""
b1100010110110001 &
#5270000
11
09
08
07
b1111010011110001 !
b1111010011110001 0
b1 =
b10 H
b1110 /
b1110 G
b1111 .
b1111 Q
b100 -
b100 [
b110 \
b101 ,
b101 e
b111 f
b1111 +
b1111 o
b11111 z
b0 *
b0 y
b1011 <
b1 E
b1 O
b11 Y
b11 c
b110 m
b110 w
b110 ;
b1101 D
b1101 N
b1 X
b1 b
b1001 l
b1001 v
b11100 >
0%
b110001100011011 $
b110001100011011 )
b1001000111010110 #
b1001000111010110 (
b1000001100 ""
b111000101100001 &
#5280000
15
19
14
13
18
17
01
b11011 R
b11110 \
b0 -
b0 [
b11111 f
b1 ,
b1 e
b1 /
b1 G
b11000 H
b10 .
b10 Q
b101 +
b101 o
b110 *
b110 y
b11 z
b110000100100110 !
b110000100100110 0
b110 =
b101 E
b101 O
b1111 Y
b1111 c
b100 m
b100 w
b1010 ;
b1100 D
b1100 N
b1 l
b1 v
b10111 >
1%
b100111101011011 $
b100111101011011 )
b1000111001010 #
b1000111001010 (
b1000001101 ""
b1111010011110001 &
#5290000
05
06
04
03
b10010 \
b10011 f
b101 /
b101 G
b0 H
b110 .
b110 Q
b11 R
b110 -
b110 [
b111 ,
b111 e
b1001 +
b1001 o
b1010 *
b1010 y
b1010011001010001 !
b1010011001010001 0
b1 =
b1 <
b1001 Y
b1001 c
b1 m
b1 w
b0 ;
b0 D
b0 N
b1101 X
b1101 b
b1000 l
b1000 v
b0 >
0%
b1100101010001 $
b1100101010001 )
b1000110100000000 #
b1000110100000000 (
b1000001110 ""
b110000100100110 &
#5300000
15
14
1"
13
11
b11111 R
b1000 -
b1000 [
b11110 \
b1001 ,
b1001 e
b11111 f
b11111 z
b100100001111 !
b100100001111 0
b1111 =
b0 /
b0 G
b11110 H
b1 .
b1 Q
b1111 +
b1111 o
b0 *
b0 y
b1111 E
b1111 O
b1011 Y
b1011 c
b1010 m
b1010 w
b1101 ;
b1 D
b1 N
b101 l
b101 v
b11 >
1%
b1010101111110001 $
b1010101111110001 )
b101110100011101 #
b101110100011101 (
b1000001111 ""
b1010011001010001 &
#5310000
16
12
b10110 H
b10111 R
b100 /
b100 G
b101 .
b101 Q
b11 -
b11 [
b11000 \
b100 ,
b100 e
b1000 +
b1000 o
b11110 p
b1001 *
b1001 y
b1001010001010000 !
b1001010001010000 0
b0 =
b1001 E
b1001 O
b111 Y
b111 c
b1101 m
b1101 w
b1111 ;
b1011 D
b1011 N
b1100 X
b1100 b
b1011 l
b1011 v
b11110 >
0%
b1101011110010001 $
b1101011110010001 )
b1011110010111111 #
b1011110010111111 (
b1000010000 ""
b10000100100001111 &
#5320000
0"
07
02
09
08
15
14
13
b1 f
b0 p
b1111111101000001 !
b1111111101000001 0
b1 =
b11100 >
b11 /
b11 G
b11000 H
b100 .
b100 Q
b11111 R
b1110 -
b1110 [
b0 \
b1111 ,
b1111 e
b1111 +
b1111 o
b0 *
b0 y
b1111 <
b111 E
b111 O
b100 Y
b100 c
b1000 m
b1000 w
b10 ;
b1100 D
b1100 N
b1010 X
b1010 b
b111 l
b111 v
b1000010001111111 $
b1000010001111111 )
b111101011000010 #
b111101011000010 (
b1000010001 ""
b11001010001010000 &
#5330000
06
19
18
17
b1101 =
05
1"
04
03
b110000110001101 !
b110000110001101 0
12
b0 >
b1000 /
b1000 G
b1110 H
b1001 .
b1001 Q
b1111 R
b1 -
b1 [
b11000 \
b10 ,
b10 e
b11011 f
b101 +
b101 o
b10000 p
b10011 z
b110 *
b110 y
b1000 <
b1 E
b1 O
b1101 Y
b1101 c
b1100 m
b1100 w
b101 ;
b111 D
b111 N
b100 X
b100 b
b1001 l
b1001 v
b1100110100011000 $
b1100110100011000 )
b1001010001110101 #
b1001010001110101 (
b1000010010 ""
b1111111101000001 &
#5340000
05
0"
04
13
02
01
b11100 \
b1110100111111111 !
b1110100111111111 0
b1111 =
b1111 /
b1111 G
b0 H
b0 .
b0 Q
b11111 R
b1001 -
b1001 [
b11111 f
b1010 ,
b1010 e
b1101 +
b1101 o
b100 p
b1110 *
b1110 y
b111 z
b1 <
b1010 Y
b1010 c
b1011 m
b1011 w
b1110 ;
b1110 D
b1110 N
b1111 X
b1111 b
b10 l
b10 v
b1011101000010001 $
b1011101000010001 )
b10111111101110 #
b10111111101110 (
b1000010011 ""
b10110000110001101 &
#5350000
03
05
09
16
08
07
b101 +
b101 o
b11 z
b110 *
b110 y
b1101 /
b1101 G
b1110 .
b1110 Q
b11 R
b1010 -
b1010 [
b1000 \
b1001 f
b1011 ,
b1011 e
b0 p
b101101011100110 !
b101101011100110 0
b110 =
b1000 <
b1101 E
b1101 O
b110 Y
b110 c
b100 m
b100 w
b1101 ;
b0 D
b0 N
b100 X
b100 b
b1 l
b1 v
b10011 >
1%
b100011011011000 $
b100011011011000 )
b1010000001101 #
b1010000001101 (
b1000010100 ""
b1110100111111111 &
#5360000
1"
03
12
11
09
06
08
07
b1110 /
b1110 G
b1111 .
b1111 Q
b1 R
b11110 p
b10101011101110 !
b10101011101110 0
b1110 =
b111 >
b1010 -
b1010 [
b0 \
b1011 ,
b1011 e
b1 f
b10 +
b10 o
b11111 z
b11 *
b11 y
b1011 <
b1010 E
b1010 O
b10 Y
b10 c
b111 m
b111 w
b10 ;
b100 D
b100 N
b1000 X
b1000 b
b1011 l
b1011 v
b111001010101011 $
b111001010101011 )
b1011100001000010 #
b1011100001000010 (
b1000010101 ""
b101101011100110 &
#5370000
17
16
b10111111100010 !
b10111111100010 0
b10 =
b1101 /
b1101 G
b11 R
b1110 .
b1110 Q
b1111 -
b1111 [
b11111 f
b0 ,
b0 e
b11001 z
b11000 p
b10 +
b10 o
b11 *
b11 y
b1100 <
b1101 E
b1101 O
b1101 Y
b1101 c
b1100 m
b1100 w
b110 ;
b0 D
b0 N
b10 X
b10 b
b110 l
b110 v
b11000 >
0%
b1100110111011100 $
b1100110111011100 )
b110001000000110 #
b110001000000110 (
b1000010110 ""
b10010101011101110 &
#5380000
19
18
06
b11110 p
b1110 /
b1110 G
b110 H
b1111 .
b1111 Q
b111 R
b1 -
b1 [
b11000 \
b11011 f
b10 ,
b10 e
b1010 +
b1010 o
b11111 z
b1011 *
b1011 y
b1011000111101001 !
b1011000111101001 0
b1001 =
b111 <
b11 E
b11 O
b1011 m
b1011 w
b1 ;
b1011 D
b1011 N
b100 X
b100 b
b1111 l
b1111 v
b1111 >
1%
b1011110100110111 $
b1011110100110111 )
b1111010010110001 #
b1111010010110001 (
b1000010111 ""
b10010111111100010 &
#5390000
09
08
07
0"
02
01
b1011 +
b1011 o
b1000 p
b1100 *
b1100 y
b1111 z
b1011110101001001 !
b1011110101001001 0
b1001 =
b100 /
b100 G
b101 .
b101 Q
b1101 -
b1101 [
b0 \
b1110 ,
b1110 e
b11 f
b10 <
b100 Y
b100 c
b100 m
b100 w
b111 ;
b1 D
b1 N
b1001 X
b1001 b
b111 l
b111 v
b1100 >
0%
b100010000110010 $
b100010000110010 )
b111100100010111 #
b111100100010111 (
b1000011000 ""
b11011000111101001 &
#5400000
19
18
17
16
b1011011001001000 !
b1011011001001000 0
b1000 =
b11 /
b11 G
b0 H
b100 .
b100 Q
b110 -
b110 [
b10110 \
b111 ,
b111 e
b1010 +
b1010 o
b1110 p
b1011 *
b1011 y
b11110 >
b10111 f
b1101 <
b0 E
b0 O
b1011 Y
b1011 c
b11 m
b11 w
b1011 ;
b11 D
b11 N
b1011 X
b1011 b
b11101100001101 $
b11101100001101 )
b111101100111011 #
b111101100111011 (
b1000011001 ""
b1011110101001001 &
#5410000
05
03
0"
02
01
b10000 \
b11111 f
b1100011111100100 !
b1100011111100100 0
b100 =
b1101 /
b1101 G
b1110 .
b1110 Q
b11 R
b111 -
b111 [
b1000 ,
b1000 e
b1011 +
b1011 o
b0 p
b1100 *
b1100 y
b111 z
b1111 <
b1001 E
b1001 O
b1110 Y
b1110 c
b0 m
b0 w
b100 ;
b100 D
b100 N
b1001 X
b1001 b
b1011 l
b1011 v
b11111 >
1%
b111010011111 $
b111010011111 )
b1011100101000100 #
b1011100101000100 (
b1000011010 ""
b1011011001001000 &
#5420000
1"
15
09
07
12
11
14
13
08
b101 -
b101 [
b110 ,
b110 e
b11 f
b10000 p
b1011 /
b1011 G
b11000 H
b1100 .
b1100 Q
b11111 R
b0 \
b111 +
b111 o
b1000 *
b1000 y
b11111 z
b111011011000001 !
b111011011000001 0
b1 =
b10 <
b1111 E
b1111 O
b100 Y
b100 c
b1011 m
b1011 w
b1111 ;
b1100 D
b1100 N
b1 X
b1 b
b1100 l
b1100 v
b11100 >
0%
b1011010011110010 $
b1011010011110010 )
b1100000111001111 #
b1100000111001111 (
b1000011011 ""
b1100011111100100 &
#5430000
05
04
01
0"
02
06
b0 H
b1111 /
b1111 G
b0 .
b0 Q
b1010 -
b1010 [
b1110 \
b1011 ,
b1011 e
b0 p
b1011101011111000 !
b1011101011111000 0
b1000 =
b1110 >
b1111 f
b1011 +
b1011 o
b1100 *
b1100 y
b111 z
b111 <
b11 E
b11 O
b111 Y
b111 c
b10 m
b10 w
b1 ;
b11 X
b11 b
b1001 l
b1001 v
b10011100110111 $
b10011100110111 )
b1001001111000001 #
b1001001111000001 (
b1000011100 ""
b10111011011000001 &
#5440000
14
11
15
09
16
08
07
b1111100101010000 !
b1111100101010000 0
b0 =
b11110 >
b1111 +
b1111 o
b0 *
b0 y
b11111 z
b100 /
b100 G
b11110 H
b101 .
b101 Q
b1000 -
b1000 [
b0 \
b1001 ,
b1001 e
b1 f
b1111 <
b1101 E
b1101 O
b0 Y
b0 c
b1100 m
b1100 w
b111 D
b111 N
b1000 X
b1000 b
b11 l
b11 v
b1100000011011111 $
b1100000011011111 )
b11100001110001 #
b11100001110001 (
b1000011101 ""
b1011101011111000 &
#5450000
19
18
17
06
01
b1100 >
b11 -
b11 [
b11000 \
b100 ,
b100 e
b11111 f
b110010000001001 !
b110010000001001 0
b1001 =
b10000 H
b0 /
b0 G
b10001 R
b1 .
b1 Q
b101 +
b101 o
b110 *
b110 y
b11 z
b110 <
b1000 E
b1000 O
b111 Y
b111 c
b100 m
b100 w
b11 ;
b1000 D
b1000 N
b1100 X
b1100 b
b1 l
b1 v
b100011110000110 $
b100011110000110 )
b1110010000011 #
b1110010000011 (
b1000011110 ""
b1111100101010000 &
#5460000
07
09
08
05
04
03
b1100110001100011 !
b1100110001100011 0
b11 =
b0 >
b110 /
b110 G
b111 .
b111 Q
b101 f
b10 H
b11 R
b1100 -
b1100 [
b100 \
b1101 ,
b1101 e
b1100 +
b1100 o
b1100 p
b1101 *
b1101 y
b1101 z
b0 <
b101 E
b101 O
b10 Y
b10 c
b110 m
b110 w
b1 D
b1 N
b1010 X
b1010 b
b110 l
b110 v
b110001001010000 $
b110001001010000 )
b110101000010011 #
b110101000010011 (
b1000011111 ""
b110010000001001 &
#5470000
15
14
13
0"
16
02
01
b1100001100110100 !
b1100001100110100 0
b100 =
b10110 >
b11110 H
b10 /
b10 G
b11111 R
b11 .
b11 Q
b10 \
b10 -
b10 [
b11 f
b11 ,
b11 e
b1100 +
b1100 o
b0 p
b1101 *
b1101 y
b1 z
b1011 <
b11 E
b11 O
b1 Y
b1 c
b0 m
b0 w
b1001 ;
b1111 D
b1111 N
b1 X
b1 b
b1100 l
b1100 v
b100111011 $
b100111011 )
b1100000111111001 #
b1100000111111001 (
b1000100000 ""
b1100110001100011 &
#5480000
05
06
04
03
b1100110100011010 !
b1100110100011010 0
b1010 =
b100 p
b101 z
b0 >
b1 /
b1 G
b0 H
b10 .
b10 Q
b11 R
b1101 -
b1101 [
b100 \
b1110 ,
b1110 e
b111 f
b1100 +
b1100 o
b1101 *
b1101 y
b10 <
b1 E
b1 O
b1011 Y
b1011 c
b1010 m
b1010 w
b1000 ;
b0 D
b0 N
b10 X
b10 b
b10 l
b10 v
b1010101100010010 $
b1010101100010010 )
b10001000001000 #
b10001000001000 (
b1000100001 ""
b1100001100110100 &
#5490000
16
15
b1010 ,
b1010 e
b1001 -
b1001 [
1"
14
13
12
11
b1011101010110001 !
b1011101010110001 0
b1 =
b11000 >
b1010 /
b1010 G
b11000 H
b1011 .
b1011 Q
b11001 R
b11 f
b0 \
b1011 +
b1011 o
b11000 p
b1100 *
b1100 y
b11111 z
b1101 <
b1110 E
b1110 O
b1001 Y
b1001 c
b1110 m
b1110 w
b100 ;
b1100 D
b1100 N
b0 X
b0 b
b1101 l
b1101 v
b1110100111101101 $
b1110100111101101 )
b1101000011000100 #
b1101000011000100 (
b1000100010 ""
b1100110100011010 &
#5500000
19
18
01
17
05
0"
04
03
02
b0 H
b1110 /
b1110 G
b1 R
b1111 .
b1111 Q
b11100 \
b1 -
b1 [
b10 ,
b10 e
b11111 f
b1100 +
b1100 o
b0 p
b1 z
b1101 *
b1101 y
b1101000111110100 !
b1101000111110100 0
b100 =
b1111 <
b10 E
b10 O
b1111 Y
b1111 c
b100 m
b100 w
b10 X
b10 b
b1000 l
b1000 v
b11111 >
1%
b100111100101111 $
b100111100101111 )
b1000001011000100 #
b1000001011000100 (
b1000100011 ""
b11011101010110001 &
#5510000
06
15
14
13
b10 /
b10 G
b11000 H
b11 .
b11 Q
b11001 R
b0 -
b0 [
b1 ,
b1 e
b11101 f
b100 p
b1100 +
b1100 o
b101 z
b1101 *
b1101 y
b1101000100101111 !
b1101000100101111 0
b1111 =
b11 <
b1110 E
b1110 O
b110 Y
b110 c
b1010 m
b1010 w
b1100 ;
b100 D
b100 N
b1010 X
b1010 b
b10 l
b10 v
b0 >
0%
b1010011011100011 $
b1010011011100011 )
b10101001001100 #
b10101001001100 (
b1000100100 ""
b1101000111110100 &
#5520000
05
16
04
03
b0 p
b111 +
b111 o
b1111 z
b1000 *
b1000 y
b1011 /
b1011 G
b0 H
b1100 .
b1100 Q
b111 R
b1001 -
b1001 [
b1010 ,
b1010 e
b11111 f
b1000100111000010 !
b1000100111000010 0
b10 =
b1100 <
b1010 E
b1010 O
b1010 Y
b1010 c
b101 m
b101 w
b101 ;
b1 D
b1 N
b1111 X
b1111 b
b11011 >
1%
b101101010101100 $
b101101010101100 )
b10111100010101 #
b10111100010101 (
b1000100101 ""
b1101000100101111 &
#5530000
18
16
15
1"
14
13
11
b110110001 !
b110110001 0
b1 =
b11111 >
b1010 /
b1010 G
b11110 H
b1011 .
b1011 Q
b11111 R
b0 -
b0 [
b11110 \
b1 ,
b1 e
b1111 +
b1111 o
b0 *
b0 y
b11111 z
b1001 <
b1111 E
b1111 O
b111 Y
b111 c
b10 m
b10 w
b111 ;
b1011 D
b1011 N
b1001 X
b1001 b
b1101 l
b1101 v
b10011111111001 $
b10011111111001 )
b1101100110110111 #
b1101100110110111 (
b1000100110 ""
b1000100111000010 &
#5540000
09
08
07
12
06
b101 /
b101 G
b10000 H
b110 .
b110 Q
b10011 R
b1100 -
b1100 [
b1101 ,
b1101 e
b1 f
b1110101010100 !
b1110101010100 0
b100 =
b111 >
b0 \
b1 +
b1 o
b11100 p
b10 *
b10 y
b0 <
b1000 E
b1000 O
b1100 Y
b1100 c
b1011 m
b1011 w
b11 ;
b1101 D
b1101 N
b0 X
b0 b
b110 l
b110 v
b1011110010000000 $
b1011110010000000 )
b110000011010011 #
b110000011010011 (
b1000100111 ""
b10000000110110001 &
#5550000
15
14
13
b110 /
b110 G
b11110 H
b111 .
b111 Q
b101111101100111 !
b101111101100111 0
b111 =
b11 >
b11111 R
b1110 -
b1110 [
b1111 ,
b1111 e
b10100 p
b101 +
b101 o
b10111 z
b110 *
b110 y
b101 <
b111 E
b111 O
b1010 m
b1010 w
b1 ;
b1111 D
b1111 N
b10 X
b10 b
b1011 l
b1011 v
b1010110001110101 $
b1010110001110101 )
b1011001011110001 #
b1011001011110001 (
b1000101000 ""
b10001110101010100 &
#5560000
05
04
03
b1101 .
b1101 Q
b1100 /
b1100 G
1"
12
11
b101 R
b11 f
b101 >
b10111001101 !
b10111001101 0
b1101 =
b100 H
b101 -
b101 [
b110 ,
b110 e
b0 +
b0 o
b11110 p
b1 *
b1 y
b11111 z
b10 <
b1010 E
b1010 O
b101 Y
b101 c
b1111 m
b1111 w
b1010 ;
b10 D
b10 N
b0 X
b0 b
b1 l
b1 v
b1111010110100010 $
b1111010110100010 )
b1000000101010 #
b1000000101010 (
b1000101001 ""
b10101111101100111 &
#5570000
05
16
04
03
19
18
17
b10000 \
b1101 /
b1101 G
b0 H
b1110 .
b1110 Q
b11 R
b11 -
b11 [
b100 ,
b100 e
b10111 f
b1110 +
b1110 o
b1111 *
b1111 y
b1111001111100000 !
b1111001111100000 0
b0 =
b101 <
b1 E
b1 O
b1001 Y
b1001 c
b1011 ;
b1100 D
b1100 N
b1010 X
b1010 b
b1111 l
b1111 v
b11110 >
0%
b1111100100010101 $
b1111100100010101 )
b1111101011001011 #
b1111101011001011 (
b1000101010 ""
b10000010111001101 &
#5580000
0"
06
02
01
15
19
14
13
18
17
b0 p
b111 z
b1010 /
b1010 G
b11110 H
b1011 .
b1011 Q
b11111 R
b10 -
b10 [
b11000 \
b11 ,
b11 e
b11001 f
b1011 +
b1011 o
b1100 *
b1100 y
b1100001110101101 !
b1100001110101101 0
b1101 =
b11 <
b1111 E
b1111 O
b1110 Y
b1110 c
b1010 m
b1010 w
b1001 ;
b1011 D
b1011 N
b100 X
b100 b
b1 l
b1 v
b111 >
1%
b1010111011110011 $
b1010111011110011 )
b1010010111001 #
b1010010111001 (
b1000101011 ""
b11111001111100000 &
#5590000
04
1"
12
11
16
b1111 /
b1111 G
b0 H
b0 .
b0 Q
b110 -
b110 [
b11110 \
b111 ,
b111 e
b11111 f
b101 +
b101 o
b11100 p
b110 *
b110 y
b11111 z
b110011100001000 !
b110011100001000 0
b1000 =
b1100 <
b1 E
b1 O
b111 Y
b111 c
b110 m
b110 w
b1100 ;
b1110 D
b1110 N
b1111 X
b1111 b
b1111 l
b1111 v
b11000 >
0%
b110011100011100 $
b110011100011100 )
b1111111111101100 #
b1111111111101100 (
b1000101100 ""
b1100001110101101 &
#5600000
05
06
03
0"
02
01
b1001110010111001 !
b1001110010111001 0
b1001 =
b0 >
b1011 /
b1011 G
b1100 .
b1100 Q
b111 R
b1100 -
b1100 [
b1101 ,
b1101 e
b1000 +
b1000 o
b1110 p
b1001 *
b1001 y
b1111 z
b0 <
b1000 E
b1000 O
b1111 Y
b1111 c
b101 m
b101 w
b1001 ;
b11 D
b11 N
b1101 X
b1101 b
b11 l
b11 v
b101111110000000 $
b101111110000000 )
b11110100111001 #
b11110100111001 (
b1000101101 ""
b10110011100001000 &
#5610000
15
14
13
0"
16
02
01
b11000 H
b10000 \
b10 /
b10 G
b11 .
b11 Q
b11001 R
b111 -
b111 [
b1000 ,
b1000 e
b1011 +
b1011 o
b0 p
b1100 *
b1100 y
b111 z
b1100100000111010 !
b1100100000111010 0
b1010 =
b1110 <
b100 E
b100 O
b1110 Y
b1110 c
b0 m
b0 w
b1011 ;
b1110 D
b1110 N
b1001 X
b1001 b
b1011 l
b1011 v
b11111 >
1%
b111001001110 $
b111001001110 )
b1011100111101011 #
b1011100111101011 (
b1000101110 ""
b1001110010111001 &
#5620000
07
1"
12
09
11
05
04
03
08
b101110101011001 !
b101110101011001 0
b1001 =
b11 f
b101 +
b101 o
b11100 p
b110 *
b110 y
b100 /
b100 G
b110 H
b101 .
b101 Q
b111 R
b1101 -
b1101 [
b0 \
b1110 ,
b1110 e
b11111 z
b1101 <
b1 E
b1 O
b1001 Y
b1001 c
b1110 m
b1110 w
b11 D
b11 N
b100 X
b100 b
b111 l
b111 v
b1110100100011101 $
b1110100100011101 )
b111010000111011 #
b111010000111011 (
b1000101111 ""
b1100100000111010 &
#5630000
15
14
13
b101011110000100 !
b101011110000100 0
b100 =
b10111 >
b111 /
b111 G
b10000 H
b1000 .
b1000 Q
b11111 R
b110 -
b110 [
b1 f
b111 ,
b111 e
b1000 <
b1100 E
b1100 O
b110 Y
b110 c
b1011 D
b1011 N
b0 X
b0 b
b1110011011001000 $
b1110011011001000 )
b111000010111011 #
b111000010111011 (
b1000110000 ""
b10101110101011001 &
#5640000
06
b1110 -
b1110 [
b1111 ,
b1111 e
b1 +
b1 o
b10 *
b10 y
b101 /
b101 G
b110 .
b110 Q
b10011 R
b1111101010111 !
b1111101010111 0
b111 =
b111 <
b1001 E
b1001 O
b1010 Y
b1010 c
b11 m
b11 w
b0 ;
b1100 D
b1100 N
b100 X
b100 b
b1110 l
b1110 v
b0 >
0%
b11101010010111 $
b11101010010111 )
b1110010011000000 #
b1110010011000000 (
b1000110001 ""
b10101011110000100 &
#5650000
16
b11011 R
b11000 >
b11101010110010 !
b11101010110010 0
b10 =
b1010 /
b1010 G
b11010 H
b1011 .
b1011 Q
b1001 -
b1001 [
b11 f
b1010 ,
b1010 e
b11 +
b11 o
b11000 p
b100 *
b100 y
b110 <
b1101 E
b1101 O
b0 Y
b0 c
b1110 m
b1110 w
b1100 ;
b1101 D
b1101 N
b1001 X
b1001 b
b101 l
b101 v
b1110000011010110 $
b1110000011010110 )
b101100111011100 #
b101100111011100 (
b1000110010 ""
b10001111101010111 &
#5660000
19
18
17
1"
06
02
b101 /
b101 G
b110 .
b110 Q
b11100 \
b1 -
b1 [
b10 ,
b10 e
b10100 H
b10111 R
b11111 f
b1111 +
b1111 o
b0 p
b0 *
b0 y
b1001011011 !
b1001011011 0
b1011 =
b1000 <
b1010 E
b1010 O
b1111 Y
b1111 c
b10 ;
b1011 D
b1011 N
b10 X
b10 b
b1 l
b1 v
b1 >
1%
b1110111110101000 $
b1110111110101000 )
b1001010110010 #
b1001010110010 (
b1000110011 ""
b10011101010110010 &
#5670000
16
0"
05
01
04
03
b11001011110110 !
b11001011110110 0
b110 =
b11111 >
b11011 f
b1110 /
b1110 G
b0 H
b1111 .
b1111 Q
b1 R
b11010 \
b10 -
b10 [
b11 ,
b11 e
b10 +
b10 o
b11 *
b11 y
b1 z
b111 <
b1100 E
b1100 O
b101 Y
b101 c
b0 m
b0 w
b1110 ;
b10 D
b10 N
b1101 X
b1101 b
b10 l
b10 v
b10111000111 $
b10111000111 )
b10110100101110 #
b10110100101110 (
b1000110100 ""
b10000001001011011 &
#5680000
09
08
07
06
b1110 +
b1110 o
b1111 *
b1111 y
b1110110110011000 !
b1110110110011000 0
b1000 =
b1111 >
b1001 /
b1001 G
b11 R
b1010 .
b1010 Q
b1101 -
b1101 [
b0 \
b1110 ,
b1110 e
b11 f
b1 <
b0 E
b0 O
b1100 Y
b1100 c
b1110 m
b1110 w
b110 ;
b1001 D
b1001 N
b1 X
b1 b
b0 l
b0 v
b1110110000000001 $
b1110110000000001 )
b110010110 #
b110010110 (
b1000110101 ""
b11001011110110 &
#5690000
15
19
1"
14
13
18
17
12
11
b1001 /
b1001 G
b11000 H
b1010 .
b1010 Q
b11011 R
b1001 -
b1001 [
b11100 \
b1010 ,
b1010 e
b11111 f
b110 +
b110 o
b10010 p
b111 *
b111 y
b10011 z
b111101010010001 !
b111101010010001 0
b1 =
b1100 E
b1100 O
b1110 Y
b1110 c
b1001 m
b1001 w
b0 ;
b1101 D
b1101 N
b1011 X
b1011 b
b1101 l
b1101 v
b0 >
0%
b1001111011000001 $
b1001111011000001 )
b1101101111010000 #
b1101101111010000 (
b1000110110 ""
b1110110110011000 &
#5700000
16
05
09
b101 *
b101 y
b100 +
b100 o
0"
04
03
08
07
02
01
b11100 >
b100110110000000 !
b100110110000000 0
b0 =
b1100 \
b1111 f
b111 /
b111 G
b0 H
b1000 .
b1000 Q
b1111 R
b1101 -
b1101 [
b1110 ,
b1110 e
b0 p
b1 z
b1110 <
b111 E
b111 O
b111 Y
b111 c
b0 m
b0 w
b10 ;
b0 D
b0 N
b110 X
b110 b
b100 l
b100 v
b11101111110 $
b11101111110 )
b100011000000010 #
b100011000000010 (
b1000110111 ""
b10111101010010001 &
#5710000
06
b110 +
b110 o
15
09
b111 *
b111 y
14
13
08
07
b10 p
b1001 /
b1001 G
b11000 H
b1010 .
b1010 Q
b11011 R
b1000 -
b1000 [
b0 \
b1001 ,
b1001 e
b1 f
b11 z
b110100110011111 !
b110100110011111 0
b1111 =
b110 <
b1100 E
b1100 O
b0 Y
b0 c
b101 m
b101 w
b1000 ;
b1101 D
b1101 N
b1000 X
b1000 b
b1 l
b1 v
b1 >
1%
b101000011000110 $
b101000011000110 )
b1100011011000 #
b1100011011000 (
b1000111000 ""
b100110110000000 &
#5720000
05
04
03
b1101101010011101 !
b1101101010011101 0
b1101 =
b1000 H
b1011 R
b1010 -
b1010 [
b1011 ,
b1011 e
b1101 +
b1101 o
b0 p
b1110 *
b1110 y
b100 <
b100 E
b100 O
b1010 Y
b1010 c
b1001 m
b1001 w
b1001 ;
b101 D
b101 N
b0 X
b0 b
b100 l
b100 v
b0 >
0%
b1001101001000100 $
b1001101001000100 )
b100000001011001 #
b100000001011001 (
b1000111001 ""
b110100110011111 &
#5730000
19
18
17
b100100001101111 !
b100100001101111 0
b1111 =
b110 /
b110 G
b111 .
b111 Q
b111 z
b110 H
b111 R
b1000 -
b1000 [
b11110 \
b1001 ,
b1001 e
b11111 f
b11 +
b11 o
b100 *
b100 y
b1010 <
b11 E
b11 O
b1111 Y
b1111 c
b11 m
b11 w
b100 ;
b11 D
b11 N
b1001 X
b1001 b
b0 l
b0 v
b1 >
1%
b11111100111010 $
b11111100111010 )
b100100110100 #
b100100110100 (
b1000111010 ""
b1101101010011101 &
#5740000
16
15
09
14
13
08
07
b101100110000101 !
b101100110000101 0
b101 =
b1110 \
b1111 f
b11111 >
b111 /
b111 G
b10000 H
b1000 .
b1000 Q
b11111 R
b101 +
b101 o
b100 p
b110 *
b110 y
b101 <
b1001 E
b1001 O
b101 Y
b101 c
b1111 ;
b1110 D
b1110 N
b11 X
b11 b
b10 l
b10 v
b11010110010101 $
b11010110010101 )
b10001111101111 #
b10001111101111 (
b1000111011 ""
b100100001101111 &
#5750000
0"
02
11
15
14
06
b1 /
b1 G
b11100 H
b10 .
b10 Q
b1111100100011111 !
b1111100100011111 0
b1111 =
b1111 >
b0 p
b1111 +
b1111 o
b11111 z
b0 *
b0 y
b111 <
b110 E
b110 O
b1 Y
b1 c
b10 m
b10 w
b111 ;
b1011 D
b1011 N
b111 X
b111 b
b1101 l
b1101 v
b10000101100111 $
b10000101100111 )
b1101011110110111 #
b1101011110110111 (
b1000111100 ""
b101100110000101 &
#5760000
b1101 =
19
16
18
17
b100010010101101 !
b100010010101101 0
01
b11011 R
b11101 >
b11000 H
b1001 /
b1001 G
b1010 .
b1010 Q
b11 -
b11 [
b10000 \
b100 ,
b100 e
b10111 f
b11 +
b11 o
b100 *
b100 y
b111 z
b1110 <
b1101 E
b1101 O
b1001 Y
b1001 c
b1110 ;
b1100 D
b1100 N
b1010 X
b1010 b
b1 l
b1 v
b10100111011110 $
b10100111011110 )
b1101011001110 #
b1101011001110 (
b1000111101 ""
b1111100100011111 &
#5770000
05
09
04
03
08
07
b1101010101110111 !
b1101010101110111 0
b111 =
b10001 >
b110 /
b110 G
b110 H
b111 .
b111 Q
b111 R
b101 -
b101 [
b0 \
b110 ,
b110 e
b11 f
b1101 +
b1101 o
b1100 p
b1110 *
b1110 y
b1111 z
b1010 <
b11 E
b11 O
b101 Y
b101 c
b111 m
b111 w
b1100 ;
b11 D
b11 N
b0 X
b0 b
b110 l
b110 v
b111010100111010 $
b111010100111010 )
b110000000111100 #
b110000000111100 (
b1000111110 ""
b100010010101101 &
#5780000
15
14
13
19
18
17
16
b1 -
b1 [
b10000 \
b10 ,
b10 e
b10011 f
b11000 H
b10 /
b10 G
b11001 R
b11 .
b11 Q
b1010 +
b1010 o
b1110 p
b1011 *
b1011 y
b1011001000110000 !
b1011001000110000 0
b0 =
b1011 <
b100 E
b100 O
b1001 Y
b1001 c
b11 m
b11 w
b101 ;
b1110 D
b1110 N
b1000 X
b1000 b
b111 l
b111 v
b11110 >
0%
b11100101001011 $
b11100101001011 )
b111100011100101 #
b111100011100101 (
b1000111111 ""
b1101010101110111 &
#5790000
05
04
03
b101 *
b101 y
b100 +
b100 o
1"
12
11
b11111 f
b10000 >
b101011110010011 !
b101011110010011 0
b11 =
b1000 /
b1000 G
b0 H
b1001 .
b1001 Q
b1 R
b111 -
b111 [
b1000 ,
b1000 e
b10000 p
b10001 z
b1001 <
b0 E
b0 O
b1011 Y
b1011 c
b1000 m
b1000 w
b1010 ;
b1000 D
b1000 N
b1100 X
b1100 b
b1100 l
b1100 v
b1000101100001001 $
b1000101100001001 )
b1100110010001010 #
b1100110010001010 (
b1001000000 ""
b1011001000110000 &
#5800000
0"
09
07
02
11
06
08
b1100 H
b1111 R
b1011 -
b1011 [
b1100 ,
b1100 e
b1111 f
b1111 +
b1111 o
b0 p
b0 *
b0 y
b11111 z
b1111101110011010 !
b1111101110011010 0
b1010 =
b1110 >
b1001 /
b1001 G
b1010 .
b1010 Q
b1000 \
b111 <
b111 E
b111 O
b110 Y
b110 c
b11 m
b11 w
b11 ;
b10 D
b10 N
b101 X
b101 b
b11011001110111 $
b11011001110111 )
b1100010100100011 #
b1100010100100011 (
b1001000001 ""
b10101011110010011 &
#5810000
01
09
16
08
07
b111 R
b1101111001010000 !
b1101111001010000 0
b0 =
b11100 >
b100 /
b100 G
b110 H
b101 .
b101 Q
b1110 -
b1110 [
b110 \
b1111 ,
b1111 e
b111 f
b100 p
b1101 +
b1101 o
b1110 *
b1110 y
b111 z
b10 <
b1 E
b1 O
b11 Y
b11 c
b1011 m
b1011 w
b1110 ;
b11 D
b11 N
b1011 X
b1011 b
b10 l
b10 v
b1011001100010010 $
b1011001100010010 )
b10101100111110 #
b10101100111110 (
b1001000010 ""
b1111101110011010 &
#5820000
15
1"
14
13
06
12
11
b1101 /
b1101 G
b1110 .
b1110 Q
b111110011011000 !
b111110011011000 0
b1000 =
b11100 H
b11111 R
b0 \
b1011 -
b1011 [
b1100 ,
b1100 e
b111 +
b111 o
b10000 p
b1000 *
b1000 y
b11111 z
b1110 E
b1110 O
b1011 Y
b1011 c
b1001 m
b1001 w
b101 ;
b1111 D
b1111 N
b0 X
b0 b
b1110 l
b1110 v
b1111 >
1%
b1001101111100010 $
b1001101111100010 )
b1110000011110101 #
b1110000011110101 (
b1001000011 ""
b1101111001010000 &
#5830000
19
0"
01
06
18
17
02
b111101101011110 !
b111101101011110 0
b1110 =
b11 >
b101 /
b101 G
b110 .
b110 Q
b1010 -
b1010 [
b11000 \
b1011 ,
b1011 e
b11001 f
b110 +
b110 o
b10 p
b111 *
b111 y
b11 z
b1 <
b1111 E
b1111 O
b1110 Y
b1110 c
b101 m
b101 w
b1100 ;
b110 D
b110 N
b1100 X
b1100 b
b1 l
b1 v
b101111011110001 $
b101111011110001 )
b1110001101100 #
b1110001101100 (
b1001000100 ""
b10111110011011000 &
#5840000
05
04
03
16
b101101110011000 !
b101101110011000 0
b1000 =
b1000 /
b1000 G
b1001 .
b1001 Q
b1 R
b1011 -
b1011 [
b1100 ,
b1100 e
b11111 f
b100 +
b100 o
b101 *
b101 y
b0 H
b100 p
b101 z
b1111 <
b0 E
b0 O
b1101 Y
b1101 c
b10 m
b10 w
b1001 ;
b1000 D
b1000 N
b1110 X
b1110 b
b10 l
b10 v
b11110 >
0%
b10110100001111 $
b10110100001111 )
b10111010001001 #
b10111010001001 (
b1001000101 ""
b111101101011110 &
#5850000
15
14
06
13
09
07
08
b11110 H
b0 >
b1001100100001111 !
b1001100100001111 0
b1111 =
b0 /
b0 G
b11111 R
b1 .
b1 Q
b1000 -
b1000 [
b0 \
b1001 ,
b1001 e
b1 f
b1001 +
b1001 o
b1100 p
b1010 *
b1010 y
b1111 z
b1011 <
b1011 E
b1011 O
b0 Y
b0 c
b11 m
b11 w
b100 ;
b101 D
b101 N
b1000 X
b1000 b
b110 l
b110 v
b11000010111011 $
b11000010111011 )
b110100001010100 #
b110100001010100 (
b1001000110 ""
b101101110011000 &
#5860000
16
05
19
1"
04
03
18
17
12
11
b1010 -
b1010 [
b11110 \
b1011 ,
b1011 e
b100101001000110 !
b100101001000110 0
b110 =
b11110 >
b11 /
b11 G
b0 H
b100 .
b100 Q
b111 R
b11111 f
b11 +
b11 o
b10000 p
b100 *
b100 y
b10111 z
b1111 <
b10 E
b10 O
b1111 Y
b1111 c
b1001 m
b1001 w
b111 ;
b1 D
b1 N
b1011 X
b1011 b
b1010 l
b1010 v
b1001111100101111 $
b1001111100101111 )
b1010101100010111 #
b1010101100010111 (
b1001000111 ""
b1001100100001111 &
#5870000
09
08
07
0"
02
01
b1111 R
b0 \
b1011 -
b1011 [
b111 f
b1100 ,
b1100 e
b1101 +
b1101 o
b100 p
b1110 *
b1110 y
b111 z
b11000 >
b1101101110101000 !
b1101101110101000 0
b1000 =
b1001 /
b1001 G
b1100 H
b1010 .
b1010 Q
b1100 <
b111 E
b111 O
b0 Y
b0 c
b11 m
b11 w
b1100 ;
b10 D
b10 N
b11000001111100 $
b11000001111100 )
b1010101100101100 #
b1010101100101100 (
b1001001000 ""
b10100101001000110 &
#5880000
19
15
06
18
17
14
13
b1101 -
b1101 [
b11100 \
b1110 ,
b1110 e
b1 z
b11111011010111 !
b11111011010111 0
b111 =
b0 >
b1101 /
b1101 G
b11100 H
b1110 .
b1110 Q
b11111 R
b11111 f
b0 p
b10 +
b10 o
b11 *
b11 y
b110 <
b1110 E
b1110 O
b1110 Y
b1110 c
b10 m
b10 w
b1 ;
b1111 D
b1111 N
b1111 X
b1111 b
b0 l
b0 v
b10111011100110 $
b10111011100110 )
b111111110001 #
b111111110001 (
b1001001001 ""
b1101101110101000 &
#5890000
05
09
1"
04
03
08
07
12
11
b1011 /
b1011 G
b1000 H
b1100 .
b1100 Q
b1111 R
b0 -
b0 [
b0 \
b1 ,
b1 e
b1 f
b1100 +
b1100 o
b11100 p
b1101 *
b1101 y
b11101 z
b1100000010111010 !
b1100000010111010 0
b1010 =
b100 <
b101 E
b101 O
b0 Y
b0 c
b1110 m
b1110 w
b101 ;
b110 D
b110 N
b0 X
b0 b
b1110 l
b1110 v
b1011 >
1%
b1110000001010100 $
b1110000001010100 )
b1110000001100101 #
b1110000001100101 (
b1001001010 ""
b11111011010111 &
#5900000
19
18
17
15
14
13
16
b101 /
b101 G
b11100 H
b110 .
b110 Q
b11111 R
b11000 \
b11001 f
b11000 p
b10 +
b10 o
b11001 z
b11 *
b11 y
b11001101100000 !
b11001101100000 0
b0 =
b10 -
b10 [
b11 ,
b11 e
b11 <
b1111 E
b1111 O
b110 Y
b110 c
b100 m
b100 w
b1101 ;
b1100 X
b1100 b
b11110 >
0%
b100011011110011 $
b100011011110011 )
b1110110001101101 #
b1110110001101101 (
b1001001011 ""
b11100000010111010 &
#5910000
0"
02
01
b111010001111100 !
b111010001111100 0
b1100 =
b11 -
b11 [
b100 ,
b100 e
b110 /
b110 G
b11110 H
b111 .
b111 Q
b10000 \
b10111 f
b110 +
b110 o
b10 p
b111 *
b111 y
b11 z
b1111 <
b111 E
b111 O
b1001 Y
b1001 c
b101 m
b101 w
b1100 ;
b1111 D
b1111 N
b1010 X
b1010 b
b1 l
b1 v
b11111 >
1%
b101100101111111 $
b101100101111111 )
b1101011111100 #
b1101011111100 (
b1001001100 ""
b10011001101100000 &
#5920000
06
05
19
04
03
18
17
b1101 /
b1101 G
b1100 H
b1110 .
b1110 Q
b1111 R
b11 -
b11 [
b11000 \
b100 ,
b100 e
b11111 f
b1110 +
b1110 o
b1111 *
b1111 y
b1111001111011101 !
b1111001111011101 0
b1101 =
b1010 <
b110 E
b110 O
b1100 Y
b1100 c
b1 m
b1 w
b11 ;
b111 D
b111 N
b111 X
b111 b
b1101 l
b1101 v
b100 >
0%
b1110001101010 $
b1110001101010 )
b1101011101110011 #
b1101011101110011 (
b1001001101 ""
b111010001111100 &
#5930000
16
05
09
04
03
08
07
b1000 \
b1110 p
b1111 z
b1000100110110011 !
b1000100110110011 0
b11 =
b11000 >
b1010 /
b1010 G
b0 H
b1 R
b1011 .
b1011 Q
b1001 -
b1001 [
b1010 ,
b1010 e
b1011 f
b1000 +
b1000 o
b1001 *
b1001 y
b1110 <
b1010 E
b1010 O
b101 Y
b101 c
b111 m
b111 w
b101 ;
b0 D
b0 N
b100 X
b100 b
b1 l
b1 v
b111010110101110 $
b111010110101110 )
b1010000000101 #
b1010000000101 (
b1001001110 ""
b1111001111011101 &
#5940000
15
19
14
13
18
17
b11110 >
b1101001010001000 !
b1101001010001000 0
b1000 =
b111 /
b111 G
b10000 H
b1000 .
b1000 Q
b11111 R
b1 -
b1 [
b11100 \
b10 ,
b10 e
b11111 f
b1100 +
b1100 o
b1101 *
b1101 y
b1101 <
b1110 E
b1110 O
b111 Y
b111 c
b101 m
b101 w
b1011 ;
b1001 D
b1001 N
b1010 X
b1010 b
b111 l
b111 v
b101011111101101 $
b101011111101101 )
b111101010011011 #
b111101010011011 (
b1001001111 ""
b1000100110110011 &
#5950000
09
08
07
1"
14
12
11
b1011110001101010 !
b1011110001101010 0
b1010 =
b1011 -
b1011 [
b0 \
b1100 ,
b1100 e
b111 f
b1011 +
b1011 o
b1100 *
b1100 y
b101 /
b101 G
b11100 H
b110 .
b110 Q
b11000 p
b11111 z
b1111 <
b111 E
b111 O
b1000 Y
b1000 c
b1110 m
b1110 w
b1110 D
b1110 N
b11 X
b11 b
b1101 l
b1101 v
b1110100001111111 $
b1110100001111111 )
b1101001111101011 #
b1101001111101011 (
b1001010000 ""
b1101001010001000 &
#5960000
09
07
b10111 z
b101111100100100 !
b101111100100100 0
b100 =
b1 /
b1 G
b10 .
b10 Q
b1110 -
b1110 [
b1111 ,
b1111 e
b1 f
b101 +
b101 o
b10100 p
b110 *
b110 y
b101 <
b1111 E
b1111 O
b0 Y
b0 c
b1010 m
b1010 w
b1110 ;
b10 D
b10 N
b1110 X
b1110 b
b1011 l
b1011 v
b11111 >
1%
b1010000011110101 $
b1010000011110101 )
b1011111000101110 #
b1011111000101110 (
b1001010001 ""
b11011110001101010 &
#5970000
05
0"
04
03
06
02
01
b1011 R
b100 \
b111 f
b1010110110011010 !
b1010110110011010 0
b1010 =
b1000 H
b1001 /
b1001 G
b1010 .
b1010 Q
b1101 -
b1101 [
b1110 ,
b1110 e
b1010 +
b1010 o
b1000 p
b1011 *
b1011 y
b1001 z
b111 <
b101 E
b101 O
b11 Y
b11 c
b110 m
b110 w
b11 ;
b100 D
b100 N
b1010 X
b1010 b
b100 l
b100 v
b1110 >
0%
b110001101010111 $
b110001101010111 )
b100101001000011 #
b100101001000011 (
b1001010010 ""
b10101111100100100 &
#5980000
15
1"
14
13
12
11
b11110100100001 !
b11110100100001 0
b1 =
b0 >
b10 /
b10 G
b11110 H
b11 .
b11 Q
b11111 R
b1100 -
b1100 [
b110 \
b1101 ,
b1101 e
b11 +
b11 o
b11000 p
b100 *
b100 y
b11111 z
b1 <
b11 E
b11 O
b101 m
b101 w
b0 ;
b1111 D
b1111 N
b1001 X
b1001 b
b1110 l
b1110 v
b101001100110001 $
b101001100110001 )
b1110100111110000 #
b1110100111110000 (
b1001010011 ""
b1010110110011010 &
#5990000
b11 =
16
b1010101010110011 !
b1010101010110011 0
b11001 R
b11000 H
b1010 /
b1010 G
b1011 .
b1011 Q
b1100 \
b1001 -
b1001 [
b1111 f
b1010 ,
b1010 e
b1010 +
b1010 o
b11110 p
b1011 *
b1011 y
b1001 <
b1110 E
b1110 O
b1011 m
b1011 w
b1001 ;
b1100 D
b1100 N
b110 X
b110 b
b1111 l
b1111 v
b10011 >
1%
b1011001111101001 $
b1011001111101001 )
b1111011011001001 #
b1111011011001001 (
b1001010100 ""
b10011110100100001 &
#6000000
05
04
03
0"
02
01
19
18
17
b1101000110110111 !
b1101000110110111 0
b111 =
b10 H
b1010 /
b1010 G
b11 R
b1011 .
b1011 Q
b1 -
b1 [
b10000 \
b10 ,
b10 e
b10011 f
b1100 +
b1100 o
b110 p
b1101 *
b1101 y
b111 z
b1101 <
b1001 E
b1001 O
b1001 Y
b1001 c
b1 m
b1 w
b1010 ;
b1 D
b1 N
b1000 X
b1000 b
b1011 l
b1011 v
b10000 >
0%
b1100110011101 $
b1100110011101 )
b1011100000011010 #
b1011100000011010 (
b1001010101 ""
b11010101010110011 &
#6010000
05
04
03
1"
19
12
11
18
17
b0 H
b1110 /
b1110 G
b1 R
b1111 .
b1111 Q
b1 -
b1 [
b11100 \
b10 ,
b10 e
b11111 f
b101 +
b101 o
b10000 p
b110 *
b110 y
b10011 z
b110000111110110 !
b110000111110110 0
b110 =
b0 E
b0 O
b1111 Y
b1111 c
b1101 m
b1101 w
b1000 ;
b1110 D
b1110 N
b10 X
b10 b
b1000 l
b1000 v
b10011 >
1%
b1101111100001101 $
b1101111100001101 )
b1000001011101000 #
b1000001011101000 (
b1001010110 ""
b1101000110110111 &
#6020000
15
09
14
13
08
07
06
b11000 H
b111 f
b0 +
b0 o
b10001 z
b1 *
b1 y
b11 /
b11 G
b100 .
b100 Q
b11111 R
b1100 -
b1100 [
b110 \
b1101 ,
b1101 e
b110100111111 !
b110100111111 0
b1111 =
b1001 <
b1100 E
b1100 O
b1 Y
b1 c
b1000 m
b1000 w
b110 ;
b111 D
b111 N
b1011 X
b1011 b
b0 >
0%
b1000000111001001 $
b1000000111001001 )
b1000101101110110 #
b1000101101110110 (
b1001010111 ""
b10110000111110110 &
#6030000
19
0"
18
17
16
02
01
b110 -
b110 [
b111 ,
b111 e
b10001 f
b1011 /
b1011 G
b1100 .
b1100 Q
b10000 \
b1010 +
b1010 o
b1000 p
b1011 *
b1011 y
b1001 z
b1011011111001110 !
b1011011111001110 0
b1110 =
b1110 <
b1110 E
b1110 O
b1110 Y
b1110 c
b100 m
b100 w
b1111 ;
b1101 D
b1101 N
b1000 X
b1000 b
b110 l
b110 v
b11111 >
1%
b100111011101110 $
b100111011101110 )
b110100011011111 #
b110100011011111 (
b1001011000 ""
b10000110100111111 &
#6040000
06
1"
19
12
11
18
17
b11100 p
b1 >
b10001110001011 !
b10001110001011 0
b1011 =
b1000 /
b1000 G
b11100 H
b11101 R
b1001 .
b1001 Q
b10 -
b10 [
b11000 \
b11 ,
b11 e
b11001 f
b1 +
b1 o
b10 *
b10 y
b11111 z
b10 <
b1100 Y
b1100 c
b1010 m
b1010 w
b1000 ;
b1010 D
b1010 N
b110 X
b110 b
b111 l
b111 v
b1010110011100010 $
b1010110011100010 )
b111011010101000 #
b111011010101000 (
b1001011001 ""
b1011011111001110 &
#6050000
b11110 H
b11100 \
b10011 z
b10 /
b10 G
b11111 R
b11 .
b11 Q
b101 -
b101 [
b110 ,
b110 e
b11111 f
b10000 p
b101 +
b101 o
b110 *
b110 y
b110011000100010 !
b110011000100010 0
b10 =
b1111 E
b1111 O
b1110 Y
b1110 c
b1101 m
b1101 w
b0 ;
b11 D
b11 N
b111 X
b111 b
b1000 l
b1000 v
b0 >
0%
b1101111011110010 $
b1101111011110010 )
b1000011100110000 #
b1000011100110000 (
b1001011010 ""
b10010001110001011 &
#6060000
05
04
03
09
1"
08
07
12
11
b1100 /
b1100 G
b1101 .
b1101 Q
b101 R
b0 \
b100 H
b110 -
b110 [
b1 f
b111 ,
b111 e
b101 +
b101 o
b11100 p
b110 *
b110 y
b11111 z
b101011011001001 !
b101011011001001 0
b1001 =
b100 <
b10 E
b10 O
b100 Y
b100 c
b1110 m
b1110 w
b100 ;
b1010 D
b1010 N
b10 X
b10 b
b111 l
b111 v
b1001 >
1%
b1110010000100100 $
b1110010000100100 )
b111001010100100 #
b111001010100100 (
b1001011011 ""
b10110011000100010 &
#6070000
0"
01
02
19
18
17
16
b111 R
b1101100101100101 !
b1101100101100101 0
b101 =
b101 /
b101 G
b110 .
b110 Q
b1001 -
b1001 [
b11000 \
b1010 ,
b1010 e
b11011 f
b1100 +
b1100 o
b0 p
b1101 *
b1101 y
b1 z
b110 <
b11 E
b11 O
b1100 Y
b1100 c
b0 m
b0 w
b1111 ;
b10 D
b10 N
b1101 X
b1101 b
b1100 l
b1100 v
b11100 >
0%
b110000110110 $
b110000110110 )
b1100110100101111 #
b1100110100101111 (
b1001011100 ""
b10101011011001001 &
#6080000
15
14
13
06
b10 /
b10 G
b10000 H
b11 .
b11 Q
b10001 R
b11100 \
b1100 p
b1111 z
b1010110100101101 !
b1010110100101101 0
b1101 =
b1100 -
b1100 [
b1101 ,
b1101 e
b11101 f
b1001 +
b1001 o
b1010 *
b1010 y
b1000 E
b1000 O
b1110 Y
b1110 c
b11 m
b11 w
b110 ;
b1010 D
b1010 N
b1110 X
b1110 b
b110 l
b110 v
b1101 >
1%
b11111010000110 $
b11111010000110 )
b110111010100110 #
b110111010100110 (
b1001011101 ""
b1101100101100101 &
#6090000
05
09
0"
06
04
13
08
07
02
01
b1111 /
b1111 G
b0 H
b0 .
b0 Q
b11111 R
b101 -
b101 [
b0 \
b110 ,
b110 e
b11 f
b1110 +
b1110 o
b10 p
b1111 *
b1111 y
b11 z
b1110010111111100 !
b1110010111111100 0
b1100 =
b1001 <
b111 E
b111 O
b0 Y
b0 c
b1 m
b1 w
b11 ;
b1000 D
b1000 N
b101 X
b101 b
b1101 l
b1101 v
b110 >
0%
b1000001111001 $
b1000001111001 )
b1101010110000011 #
b1101010110000011 (
b1001011110 ""
b1010110100101101 &
#6100000
15
14
19
18
17
b11001 R
b111 -
b111 [
b10000 \
b1000 ,
b1000 e
b11111 f
b1011100000100100 !
b1011100000100100 0
b100 =
b0 >
b10 /
b10 G
b11000 H
b11 .
b11 Q
b1110 p
b1010 +
b1010 o
b1111 z
b1011 *
b1011 y
b0 <
b110 E
b110 O
b1110 Y
b1110 c
b11 m
b11 w
b100 ;
b1100 D
b1100 N
b1001 X
b1001 b
b111 l
b111 v
b11111001100000 $
b11111001100000 )
b111100111000100 #
b111100111000100 (
b1001011111 ""
b1110010111111100 &
#6110000
05
04
03
09
0"
07
08
02
01
b1110 >
b1000100110001000 !
b1000100110001000 0
b1000 =
b1000 /
b1000 G
b1001 .
b1001 Q
b1111 f
b0 H
b1 R
b1001 -
b1001 [
b1100 \
b1010 ,
b1010 e
b1000 +
b1000 o
b0 p
b1001 *
b1001 y
b1 z
b11 <
b0 E
b0 O
b10 Y
b10 c
b0 m
b0 w
b101 ;
b1000 D
b1000 N
b111 X
b111 b
b1000 l
b1000 v
b1000000011 $
b1000000011 )
b1000011110000101 #
b1000011110000101 (
b1001100000 ""
b1011100000100100 &
#6120000
1"
12
11
16
b100100110001000 !
b100100110001000 0
b1000 =
b1001 -
b1001 [
b1011 f
b1010 ,
b1010 e
b100 +
b100 o
b11110 p
b101 *
b101 y
b11000 >
b111 /
b111 G
b1111 R
b1000 .
b1000 Q
b1000 \
b11111 z
b1100 <
b100 E
b100 O
b100 Y
b100 c
b111 m
b111 w
b1100 ;
b11 D
b11 N
b101 X
b101 b
b1101 l
b1101 v
b111010001001100 $
b111010001001100 )
b1101010100111100 #
b1101010100111100 (
b1001100001 ""
b1000100110001000 &
#6130000
19
06
18
17
b1010 /
b1010 G
b1110 H
b1011 .
b1011 Q
b11 -
b11 [
b11000 \
b100 ,
b100 e
b11111 f
b11100 p
b1010001110101100 !
b1010001110101100 0
b1100 =
b1001 +
b1001 o
b1010 *
b1010 y
b100 <
b111 E
b111 O
b1111 Y
b1111 c
b1110 m
b1110 w
b111 ;
b100 X
b100 b
b1011 l
b1011 v
b1111 >
1%
b1110111101110100 $
b1110111101110100 )
b1011010000110111 #
b1011010000110111 (
b1001100010 ""
b10100100110001000 &
#6140000
0"
15
02
01
06
14
13
b11 +
b11 o
b0 p
b100 *
b100 y
b111 z
b1011 /
b1011 G
b11000 H
b1100 .
b1100 Q
b11111 R
b100 -
b100 [
b11110 \
b101 ,
b101 e
b100010110111111 !
b100010110111111 0
b1111 =
b111 <
b1111 E
b1111 O
b111 Y
b111 c
b1 m
b1 w
b1000 ;
b1100 D
b1100 N
b1101 X
b1101 b
b10 l
b10 v
b0 >
0%
b1011111110111 $
b1011111110111 )
b10110111001000 #
b10110111001000 (
b1001100011 ""
b11010001110101100 &
#6150000
15
14
b1 -
b1 [
b11000 \
b10 ,
b10 e
b11011 f
b11110 H
b10 /
b10 G
b11 .
b11 Q
b1011 +
b1011 o
b1100 *
b1100 y
b1100001000100110 !
b1100001000100110 0
b110 =
b101 <
b100 Y
b100 c
b0 m
b0 w
b0 ;
b11 D
b11 N
b1011 l
b1011 v
b11 >
1%
b10011110101 $
b10011110101 )
b1011110100110000 #
b1011110100110000 (
b1001100100 ""
b100010110111111 &
#6160000
09
08
07
1"
12
11
b1110 -
b1110 [
b10 \
b1111 ,
b1111 e
b11 f
b100 +
b100 o
b10110 p
b101 *
b101 y
b10111 z
b110 /
b110 G
b111 .
b111 Q
b100111101101101 !
b100111101101101 0
b1101 =
b1 <
b1 Y
b1 c
b1011 m
b1011 w
b1100 ;
b111 D
b111 N
b1001 l
b1001 v
b0 >
0%
b1011000111110001 $
b1011000111110001 )
b1001110101111100 #
b1001110101111100 (
b1001100101 ""
b1100001000100110 &
#6170000
04
19
0"
16
18
17
02
01
b10111 f
b1101010000000111 !
b1101010000000111 0
b111 =
b1111 /
b1111 G
b0 H
b0 .
b0 Q
b10000 \
b11 -
b11 [
b100 ,
b100 e
b1100 +
b1100 o
b100 p
b1101 *
b1101 y
b101 z
b1100 <
b1 E
b1 O
b1011 Y
b1011 c
b1010 m
b1010 w
b1010 ;
b1110 D
b1110 N
b1000 X
b1000 b
b10 l
b10 v
b10001 >
1%
b1010101100011100 $
b1010101100011100 )
b10100011101010 #
b10100011101010 (
b1001100110 ""
b10100111101101101 &
#6180000
09
1"
16
14
08
07
12
11
b111 /
b111 G
b10000 H
b1000 .
b1000 Q
b1001011010000100 !
b1001011010000100 0
b100 =
b11111 >
b101 -
b101 [
b0 \
b110 ,
b110 e
b11 f
b1001 +
b1001 o
b11100 p
b1010 *
b1010 y
b11111 z
b101 <
b1101 E
b1101 O
b0 Y
b0 c
b1011 m
b1011 w
b1110 ;
b1010 D
b1010 N
b101 X
b101 b
b1110 l
b1110 v
b1011000011010101 $
b1011000011010101 )
b1110010110101110 #
b1110010110101110 (
b1001100111 ""
b1101010000000111 &
#6190000
0"
02
05
03
04
b11101 >
b1111011010110001 !
b1111011010110001 0
b1 =
b10 H
b1010 /
b1010 G
b1011 .
b1011 Q
b11 R
b110 -
b110 [
b111 ,
b111 e
b1 f
b0 p
b1111 +
b1111 o
b0 *
b0 y
b1010 <
b1 E
b1 O
b110 Y
b110 c
b1010 m
b1010 w
b110 ;
b1001 D
b1001 N
b0 X
b0 b
b101 l
b101 v
b1010011000011010 $
b1010011000011010 )
b101000010010110 #
b101000010010110 (
b1001101000 ""
b11001011010000100 &
#6200000
19
18
17
01
b1110 p
b1000 +
b1000 o
b1001 *
b1001 y
b1111 z
b0 H
b111 /
b111 G
b1111 R
b1000 .
b1000 Q
b11100 \
b1 -
b1 [
b11111 f
b10 ,
b10 e
b1001000110000010 !
b1001000110000010 0
b10 =
b1110 <
b1 m
b1 w
b100 ;
b110 D
b110 N
b1011 X
b1011 b
b111 l
b111 v
b11000 >
0%
b1011000011110 $
b1011000011110 )
b111101101100100 #
b111101101100100 (
b1001101001 ""
b1111011010110001 &
#6210000
16
05
09
1"
03
08
07
12
11
b10110111110000 !
b10110111110000 0
b0 =
b11110 >
b1110 /
b1110 G
b1111 .
b1111 Q
b1 R
b1101 -
b1101 [
b1100 \
b1110 ,
b1110 e
b1111 f
b10 +
b10 o
b11110 p
b11 *
b11 y
b11111 z
b1001 <
b1000 E
b1000 O
b11 m
b11 w
b111 ;
b111 X
b111 b
b1111 l
b1111 v
b11011010001001 $
b11011010001001 )
b1111011101100111 #
b1111011101100111 (
b1001101010 ""
b1001000110000010 &
#6220000
0"
02
01
19
18
17
b1100010001110010 !
b1100010001110010 0
b10 =
b10 H
b11111 f
b110 /
b110 G
b11 R
b111 .
b111 Q
b100 -
b100 [
b11110 \
b101 ,
b101 e
b1011 +
b1011 o
b0 p
b1100 *
b1100 y
b111 z
b1011 <
b101 E
b101 O
b1111 Y
b1111 c
b0 m
b0 w
b110 ;
b1 D
b1 N
b101 X
b101 b
b1011 l
b1011 v
b11111 >
1%
b111101011011 $
b111101011011 )
b1011010100010110 #
b1011010100010110 (
b1001101011 ""
b10010110111110000 &
#6230000
12
1"
11
b10001 f
b11100 p
b10001011101000 !
b10001011101000 0
b1000 =
b1101 /
b1101 G
b1100 H
b1110 .
b1110 Q
b1111 R
b10000 \
b10 -
b10 [
b11 ,
b11 e
b1 +
b1 o
b10 *
b10 y
b11111 z
b1100 <
b110 E
b110 O
b1010 Y
b1010 c
b11 m
b11 w
b1100 ;
b111 D
b111 N
b1000 X
b1000 b
b1110 l
b1110 v
b11000 >
0%
b11101001101100 $
b11101001101100 )
b1110100001111100 #
b1110100001111100 (
b1001101100 ""
b1100010001110010 &
#6240000
b101 /
b101 G
b110 .
b110 Q
b0 =
15
19
14
13
b111000001100000 !
b111000001100000 0
08
17
b10000 p
b110 +
b110 o
b10001 z
b111 *
b111 y
b10000 >
b10100 H
b10111 R
b1111 -
b1111 [
b0 \
b0 ,
b0 e
b11111 f
b1000 <
b1010 E
b1010 O
b1101 Y
b1101 c
b1000 m
b1000 w
b1000 ;
b1011 D
b1011 N
b10 X
b10 b
b1000110110101000 $
b1000110110101000 )
b1110001010111000 #
b1110001010111000 (
b1001101101 ""
b10010001011101000 &
#6250000
07
09
0"
15
14
13
02
01
06
b1011 -
b1011 [
b1100 ,
b1100 e
b111 f
b1110 +
b1110 o
b0 p
b1111 *
b1111 y
b1 z
b1110110000111110 !
b1110110000111110 0
b1110 =
b0 >
b11 /
b11 G
b11000 H
b100 .
b100 Q
b11111 R
b1110 <
b111 E
b111 O
b1011 Y
b1011 c
b100 m
b100 w
b0 ;
b1100 D
b1100 N
b0 X
b0 b
b1010 l
b1010 v
b100101101111110 $
b100101101111110 )
b1010000011000000 #
b1010000011000000 (
b1001101110 ""
b10111000001100000 &
#6260000
1"
12
11
05
04
03
b110010110100100 !
b110010110100100 0
b100 =
b101 -
b101 [
b11 f
b110 ,
b110 e
b1010 /
b1010 G
b1000 H
b1011 .
b1011 Q
b1001 R
b110 +
b110 o
b11110 p
b111 *
b111 y
b11111 z
b100 <
b110 E
b110 O
b100 Y
b100 c
b1111 m
b1111 w
b100 D
b100 N
b1 X
b1 b
b111 l
b111 v
b1111010001100100 $
b1111010001100100 )
b111000101000000 #
b111000101000000 (
b1001101111 ""
b1110110000111110 &
#6270000
19
18
17
b1001 /
b1001 G
b1011 R
b1010 .
b1010 Q
b11110 \
b0 -
b0 [
b1 ,
b1 e
b11111 f
b11000 p
b1011 +
b1011 o
b1100 *
b1100 y
b1100000010011111 !
b1100000010011111 0
b1111 =
b1101 <
b101 E
b101 O
b1001 Y
b1001 c
b1101 m
b1101 w
b1 ;
b111 X
b111 b
b1110 l
b1110 v
b11 >
1%
b1101100101011101 $
b1101100101011101 )
b1110011101000001 #
b1110011101000001 (
b1001110000 ""
b10110010110100100 &
#6280000
09
08
07
0"
01
02
15
14
13
b1111 >
b1011111101111001 !
b1011111101111001 0
b1001 =
b111 z
b111 /
b111 G
b10000 H
b1000 .
b1000 Q
b11111 R
b1110 -
b1110 [
b10 \
b1111 ,
b1111 e
b11 f
b0 p
b1011 +
b1011 o
b1100 *
b1100 y
b11 <
b1101 E
b1101 O
b101 Y
b101 c
b1011 m
b1011 w
b101 ;
b1010 D
b1010 N
b1001 X
b1001 b
b0 l
b0 v
b1011010111010011 $
b1011010111010011 )
b100110100101 #
b100110100101 (
b1001110001 ""
b11100000010011111 &
#6290000
19
18
17
16
14
b1000 p
b1011 +
b1011 o
b1100 *
b1100 y
b101 /
b101 G
b11100 H
b110 .
b110 Q
b11 -
b11 [
b11000 \
b100 ,
b100 e
b11111 f
b1111 z
b1100010001101110 !
b1100010001101110 0
b1110 =
b1111 <
b1110 E
b1110 O
b111 Y
b111 c
b101 m
b101 w
b1111 ;
b111 D
b111 N
b1100 X
b1100 b
b110 l
b110 v
b11110 >
0%
b101011111101111 $
b101011111101111 )
b110110001111111 #
b110110001111111 (
b1001110010 ""
b1011111101111001 &
#6300000
05
03
04
06
1"
12
11
b10011 f
b1001011011001100 !
b1001011011001100 0
b1100 =
b0 H
b1100 /
b1100 G
b1 R
b1101 .
b1101 Q
b110 -
b110 [
b10010 \
b111 ,
b111 e
b1000 +
b1000 o
b11100 p
b1001 *
b1001 y
b11101 z
b11 <
b1100 E
b1100 O
b1001 Y
b1001 c
b1110 m
b1110 w
b1000 ;
b0 D
b0 N
b1101 X
b1101 b
b1010 l
b1010 v
b111 >
1%
b1110100111000011 $
b1110100111000011 )
b1010110100001000 #
b1010110100001000 (
b1001110011 ""
b1100010001101110 &
#6310000
19
0"
15
18
17
02
01
14
13
b1100000110001100 !
b1100000110001100 0
b1000 p
b1111 z
b1000 /
b1000 G
b11110 H
b1001 .
b1001 Q
b11111 R
b0 -
b0 [
b11110 \
b1 ,
b1 e
b11111 f
b1011 +
b1011 o
b1100 *
b1100 y
b1011 E
b1011 O
b1 Y
b1 c
b101 m
b101 w
b1101 D
b1101 N
b1111 X
b1111 b
b110 l
b110 v
b101000110110011 $
b101000110110011 )
b110111111011000 #
b110111111011000 (
b1001110100 ""
b11001011011001100 &
#6320000
16
1"
12
11
b1101010010000000 !
b1101010010000000 0
b0 =
b11111 >
b111 /
b111 G
b10000 H
b1000 .
b1000 Q
b11 -
b11 [
b11000 \
b100 ,
b100 e
b1100 +
b1100 o
b11110 p
b1101 *
b1101 y
b11111 z
b100 <
b1111 E
b1111 O
b101 Y
b101 c
b1111 m
b1111 w
b1011 ;
b1000 D
b1000 N
b1110 X
b1110 b
b1101 l
b1101 v
b1111010111110100 $
b1111010111110100 )
b1101111010001011 #
b1101111010001011 (
b1001110101 ""
b1100000110001100 &
#6330000
0"
02
01
05
09
03
07
08
b1100 ,
b1100 e
b1011 -
b1011 [
04
b1011 /
b1011 G
b0 H
b111 R
b1100 .
b1100 Q
b111 f
b10 p
b11 z
b0 \
b1110 +
b1110 o
b1111 *
b1111 y
b1110101111000011 !
b1110101111000011 0
b11 =
b1100 <
b10 E
b10 O
b0 Y
b0 c
b1001 m
b1001 w
b111 ;
b1001 D
b1001 N
b1011 X
b1011 b
b101 l
b101 v
b11000 >
0%
b1001000000101100 $
b1001000000101100 )
b101101110010111 #
b101101110010111 (
b1001110110 ""
b11101010010000000 &
#6340000
06
19
18
17
b10 H
b11 R
b10000 \
b110 /
b110 G
b111 .
b111 Q
b111 -
b111 [
b1000 ,
b1000 e
b11111 f
b100 p
b1101 +
b1101 o
b111 z
b1110 *
b1110 y
b1110011101101110 !
b1110011101101110 0
b1110 =
b10 <
b101 E
b101 O
b1011 Y
b1011 c
b10 m
b10 w
b1011 ;
b1 D
b1 N
b1100 X
b1100 b
b1011 l
b1011 v
b111 >
1%
b10101101010010 $
b10101101010010 )
b1011110000011011 #
b1011110000011011 (
b1001110111 ""
b1110101111000011 &
#6350000
15
14
13
19
18
b1 >
b1010001100000111 !
b1010001100000111 0
b111 =
b11000 H
b0 /
b0 G
b11001 R
b1 .
b1 Q
b10 -
b10 [
b11110 \
b11 ,
b11 e
b1100 p
b1001 +
b1001 o
b1111 z
b1010 *
b1010 y
b0 <
b100 E
b100 O
b11 m
b11 w
b110 ;
b1100 D
b1100 N
b111 X
b111 b
b110 l
b110 v
b11101101000000 $
b11101101000000 )
b110011111000110 #
b110011111000110 (
b1001111000 ""
b1110011101101110 &
#6360000
16
15
04
13
b0 H
b11000 \
b11011 f
b11111 >
b1000101000000011 !
b1000101000000011 0
b11 =
b1111 /
b1111 G
b0 .
b0 Q
b11111 R
b1001 -
b1001 [
b1010 ,
b1010 e
b111 +
b111 o
b0 p
b1000 *
b1000 y
b111 <
b10 E
b10 O
b1100 Y
b1100 c
b110 m
b110 w
b1011 ;
b1101 D
b1101 N
b1101 X
b1101 b
b1 l
b1 v
b110110000100111 $
b110110000100111 )
b1110111011011 #
b1110111011011 (
b1001111001 ""
b1010001100000111 &
#6370000
06
12
1"
05
11
03
b11111 z
b1 /
b1 G
b10 .
b10 Q
b11 R
b1 -
b1 [
b10 ,
b10 e
b1 +
b1 o
b11100 p
b10 *
b10 y
b10000100011100 !
b10000100011100 0
b1100 =
b1000 <
b1 E
b1 O
b1101 Y
b1101 c
b1110 m
b1110 w
b100 ;
b0 D
b0 N
b100 X
b100 b
b11 l
b11 v
b0 >
0%
b1110110100011000 $
b1110110100011000 )
b11010000000100 #
b11010000000100 (
b1001111010 ""
b1000101000000011 &
#6380000
15
13
09
08
07
16
b10000 p
b111011100000111 !
b111011100000111 0
b111 =
b10000 >
b1111 /
b1111 G
b11111 R
b0 .
b0 Q
b110 -
b110 [
b0 \
b111 ,
b111 e
b1 f
b111 +
b111 o
b1000 *
b1000 y
b1011 <
b0 E
b0 O
b100 Y
b100 c
b1100 m
b1100 w
b1100 ;
b1111 D
b1111 N
b10 X
b10 b
b1011 l
b1011 v
b1100010000001011 $
b1100010000001011 )
b1011001011111100 #
b1011001011111100 (
b1001111011 ""
b10010000100011100 &
#6390000
1"
14
12
b11100 H
b111 -
b111 [
b1000 ,
b1000 e
b1111 f
b1000 /
b1000 G
b1001 .
b1001 Q
b11101 R
b101 +
b101 o
b11100 p
b110 *
b110 y
b101100010010100 !
b101100010010100 0
b100 =
b1000 <
b1010 E
b1010 O
b111 Y
b111 c
b1110 m
b1110 w
b1011 ;
b1110 D
b1110 N
b0 X
b0 b
b111 l
b111 v
b10111 >
1%
b1110011110101000 $
b1110011110101000 )
b111000011101011 #
b111000011101011 (
b1001111100 ""
b10111011100000111 &
#6400000
0"
05
b1010 =
04
03
02
01
06
b11100011101010 !
b11100011101010 0
b1110 /
b1110 G
b1110 H
b1111 .
b1111 Q
b1101 f
b11 +
b11 o
b0 p
b100 *
b100 y
b111 z
b1111 R
b1000 -
b1000 [
b1100 \
b1001 ,
b1001 e
b100 <
b111 E
b111 O
b110 Y
b110 c
b0 m
b0 w
b110 ;
b111 D
b111 N
b10 X
b10 b
b11 l
b11 v
b1000 >
0%
b11001110100 $
b11001110100 )
b11001001110110 #
b11001001110110 (
b1001111101 ""
b10101100010010100 &
#6410000
15
19
16
04
13
18
17
b11000 >
b1110 p
b1001100100000000 !
b1001100100000000 0
b0 =
b1111 /
b1111 G
b0 H
b0 .
b0 Q
b11111 R
b1000 -
b1000 [
b11110 \
b1001 ,
b1001 e
b11111 f
b1000 +
b1000 o
b1001 *
b1001 y
b1111 z
b1100 <
b100 E
b100 O
b1111 Y
b1111 c
b1 m
b1 w
b100 ;
b1011 D
b1011 N
b1001 X
b1001 b
b111 l
b111 v
b1111101001100 $
b1111101001100 )
b111100110110100 #
b111100110110100 (
b1001111110 ""
b11100011101010 &
#6420000
09
05
08
07
03
b11110 >
b1000 \
b1111 f
b1101101101001100 !
b1101101101001100 0
b1100 =
b11 /
b11 G
b100 .
b100 Q
b111 R
b1011 -
b1011 [
b1100 ,
b1100 e
b1101 +
b1101 o
b1100 p
b1110 *
b1110 y
b1111 <
b11 E
b11 O
b100 Y
b100 c
b111 m
b111 w
b1101 ;
b0 D
b0 N
b111 X
b111 b
b110 l
b110 v
b111010000111111 $
b111010000111111 )
b110011100001101 #
b110011100001101 (
b1001111111 ""
b1001100100000000 &
#6430000
15
14
13
09
1"
08
07
12
11
b10000 >
b1110 -
b1110 [
b1111 ,
b1111 e
b111 f
b101111101010101 !
b101111101010101 0
b101 =
b100 /
b100 G
b11100 H
b101 .
b101 Q
b11101 R
b110 \
b101 +
b101 o
b11100 p
b110 *
b110 y
b11111 z
b1100 <
b1110 E
b1110 O
b1011 Y
b1011 c
b110 m
b110 w
b1001 ;
b110 D
b110 N
b11 X
b11 b
b1111 l
b1111 v
b110101111101100 $
b110101111101100 )
b1111001101101001 #
b1111001101101001 (
b1010000000 ""
b1101101101001100 &
#6440000
05
0"
04
03
06
02
01
b111 /
b111 G
b0 H
b1000 .
b1000 Q
b1111 R
b1011011101111111 !
b1011011101111111 0
b1111 =
b111 -
b111 [
b0 \
b1000 ,
b1000 e
b1111 f
b1011 +
b1011 o
b1000 p
b1100 *
b1100 y
b1111 z
b1001 <
b1 E
b1 O
b1 Y
b1 c
b101 ;
b110 X
b110 b
b101 l
b101 v
b11 >
1%
b110000100011001 $
b110000100011001 )
b101011001100101 #
b101011001100101 (
b1010000001 ""
b10101111101010101 &
#6450000
15
19
1"
14
18
02
11
13
17
b10100 H
b1001 -
b1001 [
b11100 \
b1010 ,
b1010 e
b1111 +
b1111 o
b0 p
b0 *
b0 y
b11111 z
b101001010111 !
b101001010111 0
b111 =
b1 >
b101 /
b101 G
b110 .
b110 Q
b10111 R
b11111 f
b100 <
b1010 E
b1010 O
b1011 Y
b1011 c
b1001 m
b1001 w
b10 ;
b1011 D
b1011 N
b1110 X
b1110 b
b110 l
b110 v
b1001101110100100 $
b1001101110100100 )
b110111010110010 #
b110111010110010 (
b1010000010 ""
b1011011101111111 &
#6460000
09
07
08
12
05
04
03
b1010 /
b1010 G
b1011 .
b1011 Q
b11 f
b10 +
b10 o
b11000 p
b11001 z
b11 *
b11 y
b1110 H
b1111 R
b1110 -
b1110 [
b10 \
b1111 ,
b1111 e
b10111010101110 !
b10111010101110 0
b1110 =
b10 <
b111 E
b111 O
b101 Y
b101 c
b1100 m
b1100 w
b1100 ;
b11 D
b11 N
b1001 X
b1001 b
b0 >
0%
b1100010101110010 $
b1100010101110010 )
b110100100111100 #
b110100100111100 (
b1010000011 ""
b10000101001010111 &
#6470000
0"
02
01
15
19
14
13
18
17
b11001 R
b1010 -
b1010 [
b1011 ,
b1011 e
b11000 H
b10 /
b10 G
b11 .
b11 Q
b11110 \
b11111 f
b1001 +
b1001 o
b0 p
b1010 *
b1010 y
b11 z
b1010101100100011 !
b1010101100100011 0
b11 =
b1 <
b1100 E
b1100 O
b1011 Y
b1011 c
b1001 m
b1001 w
b1 ;
b110 D
b110 N
b1111 X
b1111 b
b0 l
b0 v
b11 >
1%
b1001101111000001 $
b1001101111000001 )
b111101100001 #
b111101100001 (
b1010000100 ""
b10010111010101110 &
#6480000
09
08
1"
12
11
05
b101 +
b101 o
b110 *
b110 y
04
03
b111 >
b1011 /
b1011 G
b1000 H
b1100 .
b1100 Q
b1111 R
b0 \
b11100 p
b101111110111100 !
b101111110111100 0
b1100 =
b1111 -
b1111 [
b0 ,
b0 e
b11111 z
b10 <
b101 E
b101 O
b10 Y
b10 c
b1110 m
b1110 w
b1001 ;
b1101 X
b1101 b
b111 l
b111 v
b1110001001010010 $
b1110001001010010 )
b111110101101001 #
b111110101101001 (
b1010000101 ""
b1010101100100011 &
#6490000
07
0"
02
01
b10 /
b10 G
b11 .
b11 Q
b1 R
b1101 -
b1101 [
b1110 ,
b1110 e
b11 f
b1010 +
b1010 o
b1011 *
b1011 y
b11 z
b1010110100101110 !
b1010110100101110 0
b1110 =
b0 H
b10 p
b0 E
b0 O
b101 Y
b101 c
b1001 m
b1001 w
b1011 ;
b10 D
b10 N
b1000 X
b1000 b
b1 l
b1 v
b1001010100000010 $
b1001010100000010 )
b1100000101011 #
b1100000101011 (
b1010000110 ""
b10101111110111100 &
#6500000
1"
19
18
02
11
17
15
14
13
b10000 H
b10011 R
b11111 z
b1101011010 !
b1101011010 0
b1010 =
b101 /
b101 G
b110 .
b110 Q
b10 -
b10 [
b11110 \
b11 ,
b11 e
b11111 f
b1111 +
b1111 o
b0 p
b0 *
b0 y
b110 <
b1101 E
b1101 O
b11 Y
b11 c
b1111 m
b1111 w
b100 ;
b1000 D
b1000 N
b1111 X
b1111 b
b0 l
b0 v
b1000 >
0%
b1111001111010110 $
b1111001111010110 )
b111110000100 #
b111110000100 (
b1010000111 ""
b1010110100101110 &
#6510000
0"
01
b1010 +
b1010 o
b1011 *
b1011 y
b1 z
b100 -
b100 [
b10110 \
b101 ,
b101 e
b10111 f
b1011010101010111 !
b1011010101010111 0
b111 =
b10 <
b1000 E
b1000 O
b1011 Y
b1011 c
b0 m
b0 w
b1101 D
b1101 N
b1001 X
b1001 b
b1010 l
b1010 v
b1 >
1%
b101110000010 $
b101110000010 )
b1010100111010100 #
b1010100111010100 (
b1010001000 ""
b10000001101011010 &
#6520000
1"
12
11
09
05
08
07
04
03
b11 f
b11110 p
b100110001011 !
b100110001011 0
b1011 =
b1111 >
b1000 /
b1000 G
b1110 H
b1001 .
b1001 Q
b1111 R
b1001 -
b1001 [
b0 \
b1010 ,
b1010 e
b0 +
b0 o
b11111 z
b1 *
b1 y
b111 <
b101 E
b101 O
b1 Y
b1 c
b1011 m
b1011 w
b11 ;
b11 D
b11 N
b1000 X
b1000 b
b101 l
b101 v
b1011000101010111 $
b1011000101010111 )
b101100000110011 #
b101100000110011 (
b1010001001 ""
b1011010101010111 &
#6530000
19
15
14
13
18
17
06
b1011 -
b1011 [
b11000 \
b1100 ,
b1100 e
b11111 f
b11110000001011 !
b11110000001011 0
b1011 =
b11000 H
b0 /
b0 G
b11001 R
b1 .
b1 Q
b10 +
b10 o
b11 *
b11 y
b11 <
b1100 E
b1100 O
b1110 Y
b1110 c
b1111 m
b1111 w
b1000 ;
b100 D
b100 N
b1101 X
b1101 b
b11 l
b11 v
b0 >
0%
b1111111011000011 $
b1111111011000011 )
b11110101001000 #
b11110101001000 (
b1010001010 ""
b10000100110001011 &
#6540000
05
04
03
0"
02
01
b0 H
b1 R
b110 +
b110 o
b111 *
b111 y
b1 z
b111010111100011 !
b111010111100011 0
b11 =
b1110 /
b1110 G
b1111 .
b1111 Q
b101 -
b101 [
b11100 \
b110 ,
b110 e
b0 p
b10 <
b0 E
b0 O
b111 Y
b111 c
b0 m
b0 w
b0 ;
b1110 D
b1110 N
b1110 X
b1110 b
b110 l
b110 v
b1 >
1%
b11100000010 $
b11100000010 )
b110111011100000 #
b110111011100000 (
b1010001011 ""
b10011110000001011 &
#6550000
15
14
13
b11000 H
b111 >
b111011000111110 !
b111011000111110 0
b1110 =
b11 /
b11 G
b100 .
b100 Q
b11111 R
b1100 E
b1100 O
b1110 Y
b1110 c
b1011 ;
b111 D
b111 N
b111 X
b111 b
b111011000010 $
b111011000010 )
b110011101111011 #
b110011101111011 (
b1010001100 ""
b111010111100011 &
#6560000
1"
11
b101010100010 !
b101010100010 0
b10 =
b1010 /
b1010 G
b11001 R
b1011 .
b1011 Q
b1001 -
b1001 [
b1010 ,
b1010 e
b1111 +
b1111 o
b0 *
b0 y
b11111 z
b1110 E
b1110 O
b1011 Y
b1011 c
b1010 m
b1010 w
b0 ;
b1100 D
b1100 N
b1110 X
b1110 b
b101 l
b101 v
b0 >
0%
b1010101111100010 $
b1010101111100010 )
b101111011000000 #
b101111011000000 (
b1010001101 ""
b111011000111110 &
#6570000
09
0"
07
01
08
b1110110100101010 !
b1110110100101010 0
b1010 =
b1100 -
b1100 [
b1 f
b1101 ,
b1101 e
b10 p
b1110 +
b1110 o
b1111 *
b1111 y
b11 z
b10 /
b10 G
b11 .
b11 Q
b0 \
b100 <
b1100 E
b1100 O
b0 Y
b0 c
b1001 m
b1001 w
b101 ;
b110 D
b110 N
b1100 X
b1100 b
b1011 >
1%
b1001000011000100 $
b1001000011000100 )
b101110001100101 #
b101110001100101 (
b1010001110 ""
b10000101010100010 &
#6580000
1"
12
11
16
b11111 R
b1 +
b1 o
b11000 p
b10 *
b10 y
b11011 z
b1101111000001 !
b1101111000001 0
b1 =
b11111 >
b1011 /
b1011 G
b1100 .
b1100 Q
b1010 -
b1010 [
b1011 ,
b1011 e
b1101 <
b1101 E
b1101 O
b10 Y
b10 c
b1100 m
b1100 w
b11 ;
b1110 D
b1110 N
b1000 X
b1000 b
b1100001011011101 $
b1100001011011101 )
b101100011100011 #
b101100011100011 (
b1010001111 ""
b1110110100101010 &
#6590000
06
19
18
17
b100 -
b100 [
b10110 \
b101 ,
b101 e
b110010100001010 !
b110010100001010 0
b1010 =
b11 >
b0 /
b0 G
b1 .
b1 Q
b11001 R
b10111 f
b10100 p
b101 +
b101 o
b10111 z
b110 *
b110 y
b0 <
b100 E
b100 O
b1001 Y
b1001 c
b1011 m
b1011 w
b1001 ;
b1100 D
b1100 N
b1011 X
b1011 b
b1010 l
b1010 v
b1011100101000000 $
b1011100101000000 )
b1010101111001001 #
b1010101111001001 (
b1010010000 ""
b10001101111000001 &
#6600000
05
04
03
1"
09
12
11
08
07
b11111010111010 !
b11111010111010 0
b1010 =
b1011 /
b1011 G
b0 H
b1100 .
b1100 Q
b111 R
b1110 -
b1110 [
b110 \
b1111 ,
b1111 e
b111 f
b11 +
b11 o
b11000 p
b100 *
b100 y
b11111 z
b110 <
b0 E
b0 O
b1011 Y
b1011 c
b111 m
b111 w
b100 ;
b1011 D
b1011 N
b11 X
b11 b
b1100 l
b1100 v
b1000 >
0%
b111101100000110 $
b111101100000110 )
b1100001110110100 #
b1100001110110100 (
b1010010001 ""
b10110010100001010 &
#6610000
14
15
13
19
16
18
17
b111101000100111 !
b111101000100111 0
b111 =
b11100 H
b1 /
b1 G
b10 .
b10 Q
b11111 R
b10111 z
b10000 >
b1001 -
b1001 [
b11100 \
b1010 ,
b1010 e
b11111 f
b110 +
b110 o
b10110 p
b111 *
b111 y
b1001 <
b110 E
b110 O
b1011 m
b1011 w
b1110 ;
b1110 X
b1110 b
b1011 l
b1011 v
b1011101101101001 $
b1011101101101001 )
b1011111010111110 #
b1011111010111110 (
b1010010010 ""
b10011111010111010 &
#6620000
05
09
03
07
04
08
b1110 .
b1110 Q
b1101 /
b1101 G
1"
16
12
11
b11 R
b11 f
b111011100001 !
b111011100001 0
b1 =
b11000 >
b0 H
b10 \
b1110 -
b1110 [
b1111 ,
b1111 e
b0 +
b0 o
b11100 p
b1 *
b1 y
b11101 z
b1101 <
b100 E
b100 O
b1101 Y
b1101 c
b1010 m
b1010 w
b100 ;
b1001 D
b1001 N
b1 X
b1 b
b110 l
b110 v
b1010110101001101 $
b1010110101001101 )
b110000110010100 #
b110000110010100 (
b1010010011 ""
b10111101000100111 &
#6630000
15
14
13
06
b1010 -
b1010 [
b1011 ,
b1011 e
b111101101000111 !
b111101101000111 0
b111 =
b0 >
b100 /
b100 G
b11110 H
b101 .
b101 Q
b11111 R
b10000 p
b111 +
b111 o
b11111 z
b1000 *
b1000 y
b100 <
b101 E
b101 O
b1 Y
b1 c
b1110 m
b1110 w
b11 ;
b1111 D
b1111 N
b1001 X
b1001 b
b1001 l
b1001 v
b1110000101010100 $
b1110000101010100 )
b1001100111110011 #
b1001100111110011 (
b1010010100 ""
b10000111011100001 &
#6640000
05
19
04
03
18
17
0"
01
b1111010110110111 !
b1111010110110111 0
02
b111 R
b1111 z
b1011 /
b1011 G
b0 H
b1100 .
b1100 Q
b101 -
b101 [
b11100 \
b110 ,
b110 e
b11111 f
b1110 +
b1110 o
b1110 p
b1111 *
b1111 y
b110 <
b1001 E
b1001 O
b1111 Y
b1111 c
b111 m
b111 w
b0 ;
b10 D
b10 N
b110 X
b110 b
b111 l
b111 v
b1 >
1%
b111111110010110 $
b111111110010110 )
b111011000100000 #
b111011000100000 (
b1010010101 ""
b10111101101000111 &
#6650000
16
09
1"
15
08
07
12
11
14
13
b11111 >
b1111 f
b11111 z
b1100110000000 !
b1100110000000 0
b0 =
b111 /
b111 G
b10000 H
b1000 .
b1000 Q
b11111 R
b1000 -
b1000 [
b1110 \
b1001 ,
b1001 e
b1 +
b1 o
b11100 p
b10 *
b10 y
b1 <
b1000 E
b1000 O
b11 Y
b11 c
b1011 m
b1011 w
b1110 ;
b1111 D
b1111 N
b101 X
b101 b
b110 l
b110 v
b1011001110000001 $
b1011001110000001 )
b110010111111110 #
b110010111111110 (
b1010010110 ""
b1111010110110111 &
#6660000
0"
01
02
b1110 *
b1110 y
19
b1101 +
b1101 o
18
17
b10100 H
b11 z
b1110011001100101 !
b1110011001100101 0
b101 =
b10101 >
b101 /
b101 G
b110 .
b110 Q
b10111 R
b101 -
b101 [
b11100 \
b110 ,
b110 e
b11111 f
b0 p
b1010 <
b1010 E
b1010 O
b110 Y
b110 c
b0 m
b0 w
b1010 ;
b1011 D
b1011 N
b1111 X
b1111 b
b1101 l
b1101 v
b11010101010 $
b11010101010 )
b1101111110111010 #
b1101111110111010 (
b1010010111 ""
b10001100110000000 &
#6670000
05
09
16
04
03
08
07
b10 p
b1011 /
b1011 G
b0 H
b1100 .
b1100 Q
b111 R
b1101 -
b1101 [
b1100 \
b1110 ,
b1110 e
b1111 f
b10 +
b10 o
b11 *
b11 y
b10110111000010 !
b10110111000010 0
b10 =
b111 <
b1000 E
b1000 O
b1 m
b1 w
b1011 ;
b11 D
b11 N
b111 X
b111 b
b1 l
b1 v
b11110 >
0%
b1011010000111 $
b1011010000111 )
b1011100111011 #
b1011100111011 (
b1010011000 ""
b1110011001100101 &
#6680000
1"
06
12
11
b1110 =
19
15
18
17
14
13
b1001010001110 !
b1001010001110 0
b10 >
b11100 \
b11111 f
b1000 /
b1000 G
b11100 H
b1001 .
b1001 Q
b11101 R
b1 -
b1 [
b10 ,
b10 e
b0 +
b0 o
b11110 p
b1 *
b1 y
b11111 z
b1101 <
b1110 E
b1110 O
b1111 Y
b1111 c
b1101 m
b1101 w
b1 ;
b1010 D
b1010 N
b10 X
b10 b
b11 l
b11 v
b1101111111101101 $
b1101111111101101 )
b11001010100001 #
b11001010100001 (
b1010011001 ""
b10110111000010 &
#6690000
08
0"
02
01
b1111 -
b1111 [
b0 \
b0 ,
b0 e
b111 +
b111 o
b0 p
b1000 *
b1000 y
b1111 z
b1000000001001011 !
b1000000001001011 0
b1011 =
b1000 >
b11110 H
b100 /
b100 G
b11111 R
b101 .
b101 Q
b110 <
b111 E
b111 O
b1101 Y
b1101 c
b110 m
b110 w
b101 ;
b1101 D
b1101 N
b1 l
b1 v
b110110101110110 $
b110110101110110 )
b1001011010101 #
b1001011010101 (
b1010011010 ""
b10001001010001110 &
#6700000
05
04
03
09
1"
07
12
16
11
b1011 /
b1011 G
b0 H
b1100 .
b1100 Q
b111 R
b1001 -
b1001 [
b1000 \
b1011 f
b1010 ,
b1010 e
b1011 +
b1011 o
b11000 p
b1100 *
b1100 y
b11111 z
b1011100111001110 !
b1011100111001110 0
b1110 =
b1110 <
b1000 E
b1000 O
b100 Y
b100 c
b1101 m
b1101 w
b1111 ;
b11 D
b11 N
b101 X
b101 b
b1110 l
b1110 v
b11111 >
1%
b1101010010001110 $
b1101010010001110 )
b1110010100111111 #
b1110010100111111 (
b1010011011 ""
b1000000001001011 &
#6710000
b1000 H
b1011 /
b1011 G
b1100 .
b1100 Q
b0 \
b111 +
b111 o
b10000 p
b1000 *
b1000 y
b111011111000001 !
b111011111000001 0
b1 =
b1111 R
b111 -
b111 [
b1000 ,
b1000 e
b1111 f
b1001 <
b111 E
b111 O
b0 Y
b0 c
b1011 m
b1011 w
b111 ;
b100 D
b100 N
b111 X
b111 b
b1100 l
b1100 v
b1011000001111001 $
b1011000001111001 )
b1100011101000111 #
b1100011101000111 (
b1010011100 ""
b11011100111001110 &
#6720000
19
18
06
0"
17
01
02
b11000 \
b1111 z
b1110001010001110 !
b1110001010001110 0
b1110 =
b111 >
b1000 /
b1000 G
b1110 H
b1001 .
b1001 Q
b10 -
b10 [
b11 ,
b11 e
b11001 f
b1101 +
b1101 o
b1100 p
b1110 *
b1110 y
b1011 <
b101 E
b101 O
b1100 Y
b1100 c
b111 m
b111 w
b10 ;
b11 D
b11 N
b110 X
b110 b
b110 l
b110 v
b111110001011011 $
b111110001011011 )
b110011000110010 #
b110011000110010 (
b1010011101 ""
b10111011111000001 &
#6730000
05
0"
04
03
02
01
b1110100110111100 !
b1110100110111100 0
b1100 =
b111 R
b1101 +
b1101 o
b1110 *
b1110 y
b11 z
b1011 /
b1011 G
b0 H
b1100 .
b1100 Q
b1001 -
b1001 [
b11011 f
b1010 ,
b1010 e
b0 p
b101 <
b1011 E
b1011 O
b1001 m
b1001 w
b111 ;
b0 D
b0 N
b1101 X
b1101 b
b100 l
b100 v
b1110 >
0%
b1001110010110101 $
b1001110010110101 )
b100110100000111 #
b100110100000111 (
b1010011110 ""
b1110001010001110 &
#6740000
1"
12
11
15
14
13
b0 >
b10001011000111 !
b10001011000111 0
b111 =
b1 +
b1 o
b11000 p
b10 *
b10 y
b11011 z
b1100 /
b1100 G
b11110 H
b1101 .
b1101 Q
b11111 R
b1 -
b1 [
b10 ,
b10 e
b0 <
b1111 E
b1111 O
b1101 Y
b1101 c
b1101 m
b1101 w
b1101 D
b1101 N
b100 X
b100 b
b1101110111110000 $
b1101110111110000 )
b100010011010111 #
b100010011010111 (
b1010011111 ""
b1110100110111100 &
#6750000
19
0"
08
17
02
01
16
b1101000010001011 !
b1101000010001011 0
b1011 =
b11000 >
b1111 -
b1111 [
b0 \
b0 ,
b0 e
b11111 f
b111 /
b111 G
b10000 H
b1000 .
b1000 Q
b1100 +
b1100 o
b0 p
b1101 *
b1101 y
b1 z
b1111 <
b1011 E
b1011 O
b11 Y
b11 c
b1100 m
b1100 w
b1100 ;
b1100 D
b1100 N
b1100 X
b1100 b
b0 l
b0 v
b1100001110111111 $
b1100001110111111 )
b110011001100 #
b110011001100 (
b1010100000 ""
b10010001011000111 &
#6760000
1"
12
11
18
b110 -
b110 [
b10000 \
b10001 f
b111 ,
b111 e
b100011110100111 !
b100011110100111 0
b111 =
b10000 >
b1001 /
b1001 G
b11100 H
b1010 .
b1010 Q
b11 +
b11 o
b11000 p
b100 *
b100 y
b11111 z
b1100 <
b1111 E
b1111 O
b1110 Y
b1110 c
b1111 m
b1111 w
b1011 ;
b1010 D
b1010 N
b1000 X
b1000 b
b100 l
b100 v
b1111111011111100 $
b1111111011111100 )
b100100010101011 #
b100100010101011 (
b1010100001 ""
b1101000010001011 &
#6770000
05
04
03
1"
12
19
18
17
16
b1 R
b0 -
b0 [
b11110 \
b1 ,
b1 e
b0 H
b1010 /
b1010 G
b1011 .
b1011 Q
b11111 f
b0 +
b0 o
b11110 p
b1 *
b1 y
b1000010110010 !
b1000010110010 0
b10 =
b1010 <
b1010 E
b1010 O
b111 Y
b111 c
b1011 m
b1011 w
b111 ;
b0 D
b0 N
b1001 X
b1001 b
b101 l
b101 v
b11111 >
1%
b1011011110101010 $
b1011011110101010 )
b101100100000111 #
b101100100000111 (
b1010100010 ""
b10100011110100111 &
#6780000
09
08
07
b1000 -
b1000 [
b1110 \
b1001 ,
b1001 e
b1111 f
b10000 p
b11 +
b11 o
b10111 z
b100 *
b100 y
b11100010110001 !
b11100010110001 0
b1 =
b1100 <
b10 E
b10 O
b1 Y
b1 c
b1010 m
b1010 w
b101 ;
b1000 D
b1000 N
b111 X
b111 b
b1001 l
b1001 v
b11000 >
0%
b1010000100101100 $
b1010000100101100 )
b1001011110000101 #
b1001011110000101 (
b1010100011 ""
b10001000010110010 &
#6790000
15
14
13
19
0"
06
08
17
02
01
b11000001000001 !
b11000001000001 0
b1 =
b100 /
b100 G
b11100 H
b101 .
b101 Q
b11101 R
b1111 -
b1111 [
b0 \
b0 ,
b0 e
b11111 f
b10 +
b10 o
b0 p
b11 *
b11 y
b1 z
b0 <
b1110 E
b1110 O
b10 m
b10 w
b0 ;
b110 D
b110 N
b1110 X
b1110 b
b0 l
b0 v
b1 >
1%
b10000111100000 $
b10000111100000 )
b111001100000 #
b111001100000 (
b1010100100 ""
b10011100010110001 &
#6800000
16
18
05
1"
04
03
12
11
b1000 /
b1000 G
b1001 .
b1001 Q
b11 -
b11 [
b11000 \
b100 ,
b100 e
b1000 +
b1000 o
b11000 p
b1001 *
b1001 y
b11001 z
b1000 H
b1001 R
b1001001110010000 !
b1001001110010000 0
b0 =
b1110 <
b100 E
b100 O
b111 Y
b111 c
b1100 m
b1100 w
b10 ;
b100 D
b100 N
b1100 X
b1100 b
b1100 l
b1100 v
b11100 >
0%
b1100011101001110 $
b1100011101001110 )
b1100110001000010 #
b1100110001000010 (
b1010100101 ""
b11000001000001 &
#6810000
1"
12
11
05
04
03
b11000 >
b11101 f
b10100011110011 !
b10100011110011 0
b11 =
b1110 /
b1110 G
b0 H
b1111 .
b1111 Q
b1 R
b1000 -
b1000 [
b11100 \
b1001 ,
b1001 e
b11100 p
b1 +
b1 o
b11111 z
b10 *
b10 y
b1101 <
b1110 Y
b1110 c
b1110 m
b1110 w
b110 ;
b1010 D
b1010 N
b1010 X
b1010 b
b11 l
b11 v
b1110111001001101 $
b1110111001001101 )
b11101010100110 #
b11101010100110 (
b1010100110 ""
b11001001110010000 &
#6820000
15
19
14
13
08
17
06
0"
02
01
b0 >
b10 /
b10 G
b11110 H
b11 .
b11 Q
b0 \
b1111 -
b1111 [
b11111 f
b0 ,
b0 e
b1100 p
b1001000000101100 !
b1001000000101100 0
b1100 =
b11111 R
b1000 +
b1000 o
b1001 *
b1001 y
b1101 z
b0 <
b1111 E
b1111 O
b101 Y
b101 c
b110 m
b110 w
b1100 ;
b11 D
b11 N
b10 l
b10 v
b110010111110000 $
b110010111110000 )
b10101000111100 #
b10101000111100 (
b1010100111 ""
b10010100011110011 &
#6830000
05
04
03
1"
18
02
11
b100 >
b111 R
b110110111101 !
b110110111101 0
b1101 =
b1011 /
b1011 G
b0 H
b1100 .
b1100 Q
b1101 -
b1101 [
b11100 \
b1110 ,
b1110 e
b1111 +
b1111 o
b0 p
b0 *
b0 y
b11111 z
b1010 <
b1 E
b1 O
b1111 Y
b1111 c
b101 m
b101 w
b11 ;
b1010 D
b1010 N
b1110 X
b1110 b
b1010 l
b1010 v
b101111100011010 $
b101111100011010 )
b1010111010100011 #
b1010111010100011 (
b1010101000 ""
b1001000000101100 &
#6840000
19
18
16
12
b1001 +
b1001 o
b11100 p
b1010 *
b1010 y
b11 /
b11 G
b100 .
b100 Q
b11110 \
b0 -
b0 [
b1 ,
b1 e
b1010000001000000 !
b1010000001000000 0
b0 =
b110 <
b11 E
b11 O
b1001 Y
b1001 c
b1111 m
b1111 w
b1001 ;
b0 D
b0 N
b111 X
b111 b
b11111 >
1%
b1111100100110110 $
b1111100100110110 )
b1010011100001001 #
b1010011100001001 (
b1010101001 ""
b10000110110111101 &
#6850000
0"
02
01
09
15
14
13
08
07
06
b10000 H
b1001 -
b1001 [
b1100 \
b1010 ,
b1010 e
b1111 f
b111 z
b1110101001011111 !
b1110101001011111 0
b1111 =
b1111 >
b101 /
b101 G
b110 .
b110 Q
b10011 R
b1110 +
b1110 o
b110 p
b1111 *
b1111 y
b111 <
b1000 E
b1000 O
b110 Y
b110 c
b11 m
b11 w
b111 ;
b1101 D
b1101 N
b11 X
b11 b
b1011 l
b1011 v
b11011010000111 $
b11011010000111 )
b1011001111010111 #
b1011001111010111 (
b1010101010 ""
b11010000001000000 &
#6860000
19
05
18
17
16
04
03
b11100 \
b11111 f
b0 p
b100010111000110 !
b100010111000110 0
b110 =
b10011 >
b1011 /
b1011 G
b0 H
b1100 .
b1100 Q
b111 R
b101 -
b101 [
b110 ,
b110 e
b11 +
b11 o
b100 *
b100 y
b1001 <
b1001 E
b1001 O
b1110 Y
b1110 c
b10 m
b10 w
b1100 ;
b10 D
b10 N
b111 X
b111 b
b1 l
b1 v
b10111010011001 $
b10111010011001 )
b1011100101100 #
b1011100101100 (
b1010101011 ""
b1110101001011111 &
#6870000
09
1"
08
07
12
11
06
b0 \
b110 +
b110 o
b10010 p
b111 *
b111 y
b10011 z
b110001010111011 !
b110001010111011 0
b1011 =
b1 >
b10 -
b10 [
b11 ,
b11 e
b1 f
b1010 <
b1 E
b1 O
b0 Y
b0 c
b1101 m
b1101 w
b0 ;
b1010 D
b1010 N
b10 X
b10 b
b1001 l
b1001 v
b1101000000011010 $
b1101000000011010 )
b1001001010100000 #
b1001001010100000 (
b1010101100 ""
b100010111000110 &
#6880000
19
15
0"
14
13
18
17
16
02
01
b11111 R
b100 -
b100 [
b10100 \
b101 ,
b101 e
b10101 f
b1100010110010110 !
b1100010110010110 0
b110 =
b10011 >
b1000 /
b1000 G
b11110 H
b1001 .
b1001 Q
b1011 +
b1011 o
b1000 p
b1100 *
b1100 y
b1111 z
b1001 <
b1101 E
b1101 O
b1010 Y
b1010 c
b111 m
b111 w
b1100 ;
b1011 D
b1011 N
b1010 X
b1010 b
b100 l
b100 v
b111101011011001 $
b111101011011001 )
b100101010111100 #
b100101010111100 (
b1010101101 ""
b10110001010111011 &
#6890000
05
09
04
03
08
07
b1000110110010110 !
b1000110110010110 0
b1110 H
b1111 R
b1101 -
b1101 [
b1110 ,
b1110 e
b1000 +
b1000 o
b1001 *
b1001 y
b1001 z
b0 \
b11 f
b1101 <
b111 E
b111 O
b101 Y
b101 c
b100 m
b100 w
b1001 ;
b1 D
b1 N
b1000 X
b1000 b
b10010 >
0%
b100010101111101 $
b100010101111101 )
b100100000011001 #
b100100000011001 (
b1010101110 ""
b1100010110010110 &
#6900000
19
17
0"
15
02
01
16
04
13
b1111000000000100 !
b1111000000000100 0
b100 =
b1111 /
b1111 G
b0 H
b0 .
b0 Q
b11111 R
b1111 -
b1111 [
b0 ,
b0 e
b11111 f
b1110 +
b1110 o
b0 p
b1111 *
b1111 y
b1 z
b0 E
b0 O
b0 Y
b0 c
b1100 m
b1100 w
b110 ;
b1111 D
b1111 N
b1111 X
b1111 b
b10 l
b10 v
b11111 >
1%
b1100000000001101 $
b1100000000001101 )
b10111111110110 #
b10111111110110 (
b1010101111 ""
b1000110110010110 &
#6910000
03
05
06
18
b1010011111100100 !
b1010011111100100 0
b100 =
b111 >
b111 -
b111 [
b10000 \
b1000 ,
b1000 e
b1110 /
b1110 G
b1111 .
b1111 Q
b1 R
b1001 +
b1001 o
b11 z
b1010 *
b1010 y
b0 <
b100 E
b100 O
b1011 Y
b1011 c
b1000 m
b1000 w
b11 ;
b1010 D
b1010 N
b1100 X
b1100 b
b1 l
b1 v
b1000101101000000 $
b1000101101000000 )
b1110010100011 #
b1110010100011 (
b1010110000 ""
b1111000000000100 &
#6920000
15
1"
14
13
12
11
b1101101011011011 !
b1101101011011011 0
b1011 =
b1 >
b1101 /
b1101 G
b11100 H
b1110 .
b1110 Q
b11111 R
b1001 -
b1001 [
b11100 \
b1010 ,
b1010 e
b1100 +
b1100 o
b11100 p
b1101 *
b1101 y
b11101 z
b1000 <
b1111 E
b1111 O
b1111 Y
b1111 c
b1110 m
b1110 w
b10 ;
b1110 D
b1110 N
b1010 X
b1010 b
b1110 l
b1110 v
b1110111111111000 $
b1110111111111000 )
b1110101011100010 #
b1110101011100010 (
b1010110001 ""
b1010011111100100 &
#6930000
16
07
0"
09
08
02
01
05
04
03
b1000 /
b1000 G
b1 R
b1001 .
b1001 Q
b1 f
b0 H
b0 \
b1110 -
b1110 [
b1111 ,
b1111 e
b0 p
b1100 +
b1100 o
b1 z
b1101 *
b1101 y
b1100111010010000 !
b1100111010010000 0
b0 =
b1011 <
b0 E
b0 O
b1110 Y
b1110 c
b1000 m
b1000 w
b101 ;
b1000 D
b1000 N
b0 X
b0 b
b100 l
b100 v
b11110 >
0%
b1000111000001011 $
b1000111000001011 )
b100000010000101 #
b100000010000101 (
b1010110010 ""
b11101101011011011 &
#6940000
13
06
b1010011111111010 !
b1010011111111010 0
b1010 =
b11111 R
b1111 /
b1111 G
b0 .
b0 Q
b111 -
b111 [
b1000 ,
b1000 e
b1111 f
b1010 +
b1010 o
b1011 *
b1011 y
b100 <
b1001 E
b1001 O
b0 Y
b0 c
b1010 m
b1010 w
b110 D
b110 N
b111 X
b111 b
b0 l
b0 v
b1011 >
1%
b1010000010010100 $
b1010000010010100 )
b11101100101 #
b11101100101 (
b1010110011 ""
b1100111010010000 &
#6950000
17
b1100111111110111 !
b1100111111110111 0
b111 =
b11 >
b1111 -
b1111 [
b0 ,
b0 e
b11111 f
b1110 p
b1100 +
b1100 o
b1101 *
b1101 y
b1111 z
b1 <
b1011 E
b1011 O
b1110 Y
b1110 c
b101 m
b101 w
b100 D
b100 N
b1 X
b1 b
b111 l
b111 v
b101111010110001 $
b101111010110001 )
b111000101000101 #
b111000101000101 (
b1010110100 ""
b1010011111111010 &
#6960000
03
05
1"
19
16
12
11
18
b10 +
b10 o
b11110 p
b11 *
b11 y
b11111 z
b1010 /
b1010 G
b1011 .
b1011 Q
b1 R
b1001 -
b1001 [
b11100 \
b1010 ,
b1010 e
b11100110110000 !
b11100110110000 0
b0 =
b1000 <
b10 E
b10 O
b1011 Y
b1011 c
b1011 m
b1011 w
b1000 ;
b1000 D
b1000 N
b1110 X
b1110 b
b10000 >
0%
b1011101100101000 $
b1011101100101000 )
b111111010001000 #
b111111010001000 (
b1010110101 ""
b1100111111110111 &
#6970000
0"
02
01
06
b0 -
b0 [
b11001 f
b1 ,
b1 e
b1101 +
b1101 o
b0 p
b1110 *
b1110 y
b11 z
b1110000001111101 !
b1110000001111101 0
b1101 =
b0 >
b111 /
b111 G
b1111 R
b1000 .
b1000 Q
b11000 \
b110 E
b110 O
b100 Y
b100 c
b100 m
b100 w
b101 ;
b1 D
b1 N
b1100 X
b1100 b
b1001 l
b1001 v
b100010001101000 $
b100010001101000 )
b1001110000010101 #
b1001110000010101 (
b1010110110 ""
b10011100110110000 &
#6980000
1"
12
11
15
09
14
13
08
07
b1000 /
b1000 G
b11110 H
b1001 .
b1001 Q
b11110 p
b1010001111 !
b1010001111 0
b1111 =
b11111 R
b1 -
b1 [
b0 \
b10 ,
b10 e
b11 f
b0 +
b0 o
b1 *
b1 y
b11111 z
b1100 <
b1011 E
b1011 O
b1 Y
b1 c
b1 m
b1 w
b10 ;
b1101 D
b1101 N
b0 X
b0 b
b1111 l
b1111 v
b1 >
1%
b1000110111100 $
b1000110111100 )
b1111000011010010 #
b1111000011010010 (
b1010110111 ""
b1110000001111101 &
#6990000
05
04
03
16
b1 R
b1111 f
b11100 p
b101 +
b101 o
b110 *
b110 y
b101011111010001 !
b101011111010001 0
b1 =
b0 H
b1100 /
b1100 G
b1101 .
b1101 Q
b111 -
b111 [
b1000 ,
b1000 e
b1001 <
b1100 E
b1100 O
b11 Y
b11 c
b1110 m
b1110 w
b1000 ;
b0 D
b0 N
b100 X
b100 b
b111 l
b111 v
b10000 >
0%
b1110001111001001 $
b1110001111001001 )
b111010000001000 #
b111010000001000 (
b1010111000 ""
b10000001010001111 &
#7000000
0"
02
01
15
16
14
13
b110 -
b110 [
b111 ,
b111 e
b1 f
b1011 +
b1011 o
b0 p
b1100 *
b1100 y
b111 z
b11 /
b11 G
b10000 H
b100 .
b100 Q
b10111 R
b1011011101000100 !
b1011011101000100 0
b100 =
b101 <
b1010 E
b1010 O
b0 Y
b0 c
b0 m
b0 w
b1110 ;
b1001 D
b1001 N
b110 X
b110 b
b1011 l
b1011 v
b11111 >
1%
b10100101 $
b10100101 )
b1011011010011110 #
b1011011010011110 (
b1010111001 ""
b10101011111010001 &
#7010000
06
05
04
03
b110 /
b110 G
b111 .
b111 Q
b1111 z
b10 H
b11 R
b1101 -
b1101 [
b11 f
b1110 ,
b1110 e
b111 +
b111 o
b1000 *
b1000 y
b111110101101101 !
b111110101101101 0
b1101 =
b0 <
b101 E
b101 O
b1100 Y
b1100 c
b101 m
b101 w
b1101 ;
b1 D
b1 N
b1 X
b1 b
b10 l
b10 v
b0 >
0%
b101110001010000 $
b101110001010000 )
b10000100011101 #
b10000100011101 (
b1010111010 ""
b1011011101000100 &
#7020000
15
16
14
13
b10110 >
b1100110110110 !
b1100110110110 0
b110 =
b1010 /
b1010 G
b11000 H
b1011 .
b1011 Q
b11001 R
b1000 -
b1000 [
b1000 \
b1001 ,
b1001 e
b1001 f
b1 +
b1 o
b10 *
b10 y
b11 z
b1011 <
b1100 E
b1100 O
b100 Y
b100 c
b1 m
b1 w
b1011 ;
b1110 D
b1110 N
b100 X
b100 b
b0 l
b0 v
b1010011001011 $
b1010011001011 )
b10011101011 #
b10011101011 (
b1010111011 ""
b111110101101101 &
#7030000
1"
12
11
05
b100 /
b100 G
b101 .
b101 Q
19
04
03
16
18
17
b11000 p
b11001 z
b11011001010001 !
b11011001010001 0
b1 =
b11000 >
b110 H
b111 R
b110 -
b110 [
b10000 \
b111 ,
b111 e
b10001 f
b10 +
b10 o
b11 *
b11 y
b1100 <
b1 E
b1 O
b1100 Y
b1100 c
b110 m
b110 w
b101 ;
b11 D
b11 N
b1010 X
b1010 b
b1100 l
b1100 v
b110110000011100 $
b110110000011100 )
b1100101000110101 #
b1100101000110101 (
b1010111100 ""
b1100110110110 &
#7040000
0"
02
01
09
b1010 +
b1010 o
b1011 *
b1011 y
06
08
17
b1010111101001110 !
b1010111101001110 0
b1110 =
b1110 >
b0 \
b100 /
b100 G
b0 H
b101 .
b101 Q
b1 R
b1111 -
b1111 [
b0 ,
b0 e
b11111 f
b0 p
b1 z
b111 <
b0 E
b0 O
b100 Y
b100 c
b1010 m
b1010 w
b111 ;
b100 D
b100 N
b1011 X
b1011 b
b0 l
b0 v
b1010010000000111 $
b1010010000000111 )
b101101000111 #
b101101000111 (
b1010111101 ""
b10011011001010001 &
#7050000
07
09
15
14
13
16
b10000 H
b10001 R
b10 /
b10 G
b11 .
b11 Q
b1010 -
b1010 [
b1011 ,
b1011 e
b1 f
b1101 +
b1101 o
b11 z
b1110 *
b1110 y
b1101101100110111 !
b1101101100110111 0
b111 =
b1100 <
b1010 E
b1010 O
b1010 Y
b1010 c
b1000 m
b1000 w
b1010 ;
b1000 D
b1000 N
b0 X
b0 b
b101 l
b101 v
b10001 >
1%
b1000101010101100 $
b1000101010101100 )
b101000010001010 #
b101000010001010 (
b1010111110 ""
b1010111101001110 &
#7060000
16
b1000011111000001 !
b1000011111000001 0
b1 =
b11101 >
b1011 /
b1011 G
b11000 H
b1100 .
b1100 Q
b11111 R
b1110 p
b1000 +
b1000 o
b1111 z
b1001 *
b1001 y
b110 -
b110 [
b111 ,
b111 e
b10 <
b1101 E
b1101 O
b10 Y
b10 c
b111 m
b111 w
b1110 ;
b1110 D
b1110 N
b100 X
b100 b
b1 l
b1 v
b111001011010010 $
b111001011010010 )
b1010011101110 #
b1010011101110 (
b1010111111 ""
b1101101100110111 &
#7070000
04
19
0"
18
17
02
01
b0 H
b101 -
b101 [
b10000 \
b110 ,
b110 e
b10011 f
b1111 /
b1111 G
b0 .
b0 Q
b1101 +
b1101 o
b0 p
b1110 *
b1110 y
b11 z
b1110011000001010 !
b1110011000001010 0
b1010 =
b1110 <
b1010 E
b1010 O
b1101 Y
b1101 c
b0 m
b0 w
b1100 ;
b101 D
b101 N
b1000 X
b1000 b
b1101 l
b1101 v
b11000 >
0%
b110110101110 $
b110110101110 )
b1101100001011100 #
b1101100001011100 (
b1011000000 ""
b1000011111000001 &
#7080000
0"
01
05
06
03
b10100 \
b101 -
b101 [
b110 ,
b110 e
b0 >
b1111010110111101 !
b1111010110111101 0
b1101 =
b1011 /
b1011 G
b1100 .
b1100 Q
b111 R
b10111 f
b1110 +
b1110 o
b1111 *
b1111 y
b1 z
b1101 <
b1011 Y
b1011 c
b100 m
b100 w
b0 ;
b1 D
b1 N
b1010 X
b1010 b
b1010 l
b1010 v
b100101110101101 $
b100101110101101 )
b1010101000010000 #
b1010101000010000 (
b1011000001 ""
b1110011000001010 &
#7090000
03
09
08
07
b1011010111101111 !
b1011010111101111 0
b1111 =
b1110 /
b1110 G
b1111 .
b1111 Q
b1 R
b100 \
b111 f
b1000 p
b1011 +
b1011 o
b1111 z
b1100 *
b1100 y
b111 <
b0 E
b0 O
b11 Y
b11 c
b1000 ;
b1110 D
b1110 N
b10 X
b10 b
b111 l
b111 v
b100001100000111 $
b100001100000111 )
b111001011101000 #
b111001011101000 (
b1011000010 ""
b1111010110111101 &
#7100000
09
08
17
1"
16
12
11
b11 R
b0 \
b1111 -
b1111 [
b11111 f
b0 ,
b0 e
b101 +
b101 o
b110 *
b110 y
b1101 /
b1101 G
b1110 .
b1110 Q
b10100 p
b10111 z
b101111111101000 !
b101111111101000 0
b1000 =
b1000 <
b1101 E
b1101 O
b1100 Y
b1100 c
b1010 m
b1010 w
b1111 ;
b0 D
b0 N
b11 X
b11 b
b1011 l
b1011 v
b11111 >
1%
b1010110011011000 $
b1010110011011000 )
b1011001100001111 #
b1011001100001111 (
b1011000011 ""
b1011010111101111 &
#7110000
07
06
b1011 /
b1011 G
b1100 .
b1100 Q
b111 R
b1001 -
b1001 [
b1010 ,
b1010 e
b11 f
b101 +
b101 o
b10000 p
b110 *
b110 y
b10011 z
b101100110111001 !
b101100110111001 0
b1001 =
b10 <
b1001 E
b1001 O
b1001 Y
b1001 c
b1001 m
b1001 w
b111 ;
b10 D
b10 N
b0 X
b0 b
b1100 l
b1100 v
b1100 >
0%
b1001100110010010 $
b1001100110010010 )
b1100000000100111 #
b1100000000100111 (
b1011000100 ""
b10101111111101000 &
#7120000
0"
19
02
01
b1110010010001001 !
b1110010010001001 0
18
17
b1101 +
b1101 o
b0 p
b1110 *
b1110 y
b11 z
b1110 H
b1000 /
b1000 G
b1001 .
b1001 Q
b1111 R
b100 -
b100 [
b10000 \
b101 ,
b101 e
b10001 f
b110 <
b1 E
b1 O
b1000 Y
b1000 c
b101 m
b101 w
b10 ;
b111 D
b111 N
b1100 X
b1100 b
b1000 l
b1000 v
b1101 >
1%
b101100000010110 $
b101100000010110 )
b1000110001110010 #
b1000110001110010 (
b1011000101 ""
b10101100110111001 &
#7130000
19
1"
15
18
17
12
11
16
14
13
b0 -
b0 [
b11100 \
b1 ,
b1 e
b11101 f
b11 +
b11 o
b10000 p
b100 *
b100 y
b10111 z
b100000110010001 !
b100000110010001 0
b1 =
b11110 H
b11111 R
b11 <
b1101 E
b1101 O
b110 Y
b110 c
b1011 m
b1011 w
b1110 ;
b1011 D
b1011 N
b1010 X
b1010 b
b11100 >
0%
b1011011011010011 $
b1011011011010011 )
b1000101010111110 #
b1000101010111110 (
b1011000110 ""
b1110010010001001 &
#7140000
06
05
09
0"
04
03
08
07
02
01
b110 /
b110 G
b110 H
b111 .
b111 Q
b111 R
b11101001101011 !
b11101001101011 0
b1011 =
b0 >
b1010 -
b1010 [
b1000 \
b1011 ,
b1011 e
b1001 f
b0 p
b111 z
b1001 <
b11 E
b11 O
b0 m
b0 w
b10 ;
b11 D
b11 N
b100 X
b100 b
b11 l
b11 v
b11000111001 $
b11000111001 )
b11010000110010 #
b11010000110010 (
b1011000111 ""
b10100000110010001 &
#7150000
1"
12
11
15
b1100 -
b1100 [
b1101 ,
b1101 e
14
13
b1000 >
b110101011011 !
b110101011011 0
b1011 =
b1110 \
b11100 p
b101 /
b101 G
b10000 H
b110 .
b110 Q
b10011 R
b1111 f
b0 +
b0 o
b1 *
b1 y
b11101 z
b101 <
b1000 E
b1000 O
b101 Y
b101 c
b1010 m
b1010 w
b110 ;
b1101 D
b1101 N
b111 X
b111 b
b110 l
b110 v
b1010010110000101 $
b1010010110000101 )
b110011111010110 #
b110011111010110 (
b1011001000 ""
b11101001101011 &
#7160000
06
b0 >
b111 /
b111 G
b1000 .
b1000 Q
b11111 R
b0 \
b111 -
b111 [
b1000 ,
b1000 e
b101 +
b101 o
b11111 z
b110 *
b110 y
b101100001111101 !
b101100001111101 0
b1101 =
b1000 <
b1111 E
b1111 O
b10 Y
b10 c
b1111 m
b1111 w
b101 ;
b1000 D
b1000 N
b101 X
b101 b
b1111001011111000 $
b1111001011111000 )
b110010110000101 #
b110010110000101 (
b1011001001 ""
b10000110101011011 &
#7170000
16
15
19
18
14
17
b11100100010011 !
b11100100010011 0
b11 =
b1000 -
b1000 [
b11110 \
b1001 ,
b1001 e
b11011 z
b0 /
b0 G
b11110 H
b1 .
b1 Q
b11111 f
b10 +
b10 o
b11010 p
b11 *
b11 y
b101 <
b1101 E
b1101 O
b1111 Y
b1111 c
b1101 m
b1101 w
b1101 ;
b11 D
b11 N
b1001 X
b1001 b
b101 l
b101 v
b11011 >
1%
b1101111111010101 $
b1101111111010101 )
b101100100111101 #
b101100100111101 (
b1011001010 ""
b10101100001111101 &
#7180000
16
b10000 H
b10111 R
b11101 f
b11010101000000 !
b11010101000000 0
b0 =
b11111 >
b11 /
b11 G
b100 .
b100 Q
b11100 \
b100 -
b100 [
b101 ,
b101 e
b10000 p
b10 +
b10 o
b10001 z
b11 *
b11 y
b1001 <
b1010 E
b1010 O
b110 Y
b110 c
b1000 m
b1000 w
b110 ;
b1001 D
b1001 N
b1110 X
b1110 b
b1010 l
b1010 v
b1000011010101001 $
b1000011010101001 )
b1010111010010110 #
b1010111010010110 (
b1011001011 ""
b10011100100010011 &
#7190000
06
05
09
0"
04
03
08
07
02
11
b1111001011101110 !
b1111001011101110 0
b1110 =
b1110 /
b1110 G
b0 H
b1111 .
b1111 Q
b1 R
b10 -
b10 [
b0 \
b11 ,
b11 e
b1 f
b1111 +
b1111 o
b0 p
b0 *
b0 y
b11111 z
b11 <
b1100 E
b1100 O
b10 Y
b10 c
b1011 ;
b10 D
b10 N
b0 X
b0 b
b111 l
b111 v
b110 >
0%
b1000001011000011 $
b1000001011000011 )
b111000000101011 #
b111000000101011 (
b1011001100 ""
b10011010101000000 &
#7200000
19
18
17
1"
12
b1000 >
b1010001010111000 !
b1010001010111000 0
b1000 =
b1011 /
b1011 G
b1000 H
b1100 .
b1100 Q
b1111 R
b11110 \
b10 -
b10 [
b11111 f
b11 ,
b11 e
b1001 +
b1001 o
b11100 p
b1010 *
b1010 y
b100 <
b110 E
b110 O
b1011 Y
b1011 c
b1111 m
b1111 w
b100 ;
b101 D
b101 N
b111 X
b111 b
b1010 l
b1010 v
b1111101101100100 $
b1111101101100100 )
b1010011101010100 #
b1010011101010100 (
b1011001101 ""
b1111001011101110 &
#7210000
08
0"
15
16
02
01
14
13
b1101000001110100 !
b1101000001110100 0
b100 =
b11110 >
b110 /
b110 G
b111 .
b111 Q
b0 \
b1100 p
b1101 z
b10010 H
b10011 R
b1111 -
b1111 [
b0 ,
b0 e
b1100 +
b1100 o
b1101 *
b1101 y
b1111 <
b1001 E
b1001 O
b1010 Y
b1010 c
b110 m
b110 w
b101 ;
b1101 D
b1101 N
b101 X
b101 b
b110 l
b110 v
b110101010011111 $
b110101010011111 )
b110010111010101 #
b110010111010101 (
b1011001110 ""
b11010001010111000 &
#7220000
18
1"
12
b1110001110100100 !
b1110001110100100 0
11
b11000 \
b1001 /
b1001 G
b11100 H
b1010 .
b1010 Q
b11111 R
b10 -
b10 [
b11 ,
b11 e
b11001 f
b1101 +
b1101 o
b11100 p
b1110 *
b1110 y
b11111 z
b1111 E
b1111 O
b1110 Y
b1110 c
b1110 m
b1110 w
b100 ;
b1010 D
b1010 N
b100 X
b100 b
b1111 l
b1111 v
b11111 >
1%
b1110111011111111 $
b1110111011111111 )
b1111010010100100 #
b1111010010100100 (
b1011001111 ""
b1101000001110100 &
#7230000
05
09
04
03
08
07
0"
b1100 -
b1100 [
b1101 ,
b1101 e
02
01
b10101 >
b1 R
b1000110010110101 !
b1000110010110101 0
b101 =
b0 H
b1010 /
b1010 G
b1011 .
b1011 Q
b110 \
b111 f
b1000 +
b1000 o
b1000 p
b1001 *
b1001 y
b1001 z
b1010 <
b1010 E
b1010 O
b1011 Y
b1011 c
b100 m
b100 w
b1010 ;
b0 D
b0 N
b1 X
b1 b
b100 l
b100 v
b100101110101010 $
b100101110101010 )
b100000100001010 #
b100000100001010 (
b1011010000 ""
b11110001110100100 &
#7240000
15
0"
14
13
02
01
b1010 -
b1010 [
b1011 ,
b1011 e
b100 /
b100 G
b10100 H
b101 .
b101 Q
b10101 R
b1010 \
b1011 f
b1001 +
b1001 o
b0 p
b1010 *
b1010 y
b11 z
b1001101101011010 !
b1001101101011010 0
b1010 =
b1100 <
b101 Y
b101 c
b1 m
b1 w
b1110 ;
b1010 D
b1010 N
b101 X
b101 b
b1000 l
b1000 v
b11000 >
0%
b1010110101100 $
b1010110101100 )
b1000010110101110 #
b1000010110101110 (
b1011010001 ""
b1000110010110101 &
#7250000
1"
06
12
11
b100 /
b100 G
b10110 H
b101 .
b101 Q
b10111 R
b101 -
b101 [
b100 \
b110 ,
b110 e
b111 f
b11110 p
b1100 +
b1100 o
b1101 *
b1101 y
b11111 z
b1100011001000011 !
b1100011001000011 0
b11 =
b0 <
b1001 E
b1001 O
b11 Y
b11 c
b1101 m
b1101 w
b10 ;
b1011 D
b1011 N
b10 X
b10 b
b1111 l
b1111 v
b1 >
1%
b1101001110010000 $
b1101001110010000 )
b1111001010110010 #
b1111001010110010 (
b1011010010 ""
b1001101101011010 &
#7260000
09
08
17
05
04
03
b101111110111011 !
b101111110111011 0
b1011 =
b111 R
b0 \
b11111 f
b1011 /
b1011 G
b0 H
b1100 .
b1100 Q
b1111 -
b1111 [
b0 ,
b0 e
b10000 p
b101 +
b101 o
b10011 z
b110 *
b110 y
b1000 <
b11 E
b11 O
b101 Y
b101 c
b1100 m
b1100 w
b1000 D
b1000 N
b1010 X
b1010 b
b1001 l
b1001 v
b1100010100111000 $
b1100010100111000 )
b1001101010000010 #
b1001101010000010 (
b1011010011 ""
b11100011001000011 &
#7270000
13
19
18
b1111 /
b1111 G
b0 .
b0 Q
b11111 R
b111 -
b111 [
b10000 \
b1000 ,
b1000 e
b1100011111111101 !
b1100011111111101 0
b1101 =
b1011 +
b1011 o
b11000 p
b1100 *
b1100 y
b11111 z
b110 E
b110 O
b1101 Y
b1101 c
b100 ;
b1001 D
b1001 N
b1111 l
b1111 v
b1100110101101000 $
b1100110101101000 )
b1111101010010100 #
b1111101010010100 (
b1011010100 ""
b10101111110111011 &
#7280000
14
15
09
07
16
08
b1111 f
b1001 +
b1001 o
b11100 p
b1010 *
b1010 y
b100 /
b100 G
b11100 H
b11101 R
b101 .
b101 Q
b1100 -
b1100 [
b1110 \
b1101 ,
b1101 e
b1001110101010000 !
b1001110101010000 0
b0 =
b101 Y
b101 c
b1010 m
b1010 w
b1000 ;
b1110 D
b1110 N
b111 X
b111 b
b10000 >
0%
b1010010101101000 $
b1010010101101000 )
b1111011111101000 #
b1111011111101000 (
b1011010101 ""
b11100011111111101 &
#7290000
05
04
03
0"
06
02
01
b0 >
b1101 /
b1101 G
b100 H
b1110 .
b1110 Q
b111 R
b1011 -
b1011 [
b1000 \
b1100 ,
b1100 e
b100101111011111 !
b100101111011111 0
b1111 =
b100 +
b100 o
b0 p
b101 *
b101 y
b1 z
b10 <
b11 E
b11 O
b110 Y
b110 c
b100 m
b100 w
b1101 ;
b1010 D
b1010 N
b101 X
b101 b
b0 l
b0 v
b100011000110010 $
b100011000110010 )
b10110101101 #
b10110101101 (
b1011010110 ""
b11001110101010000 &
#7300000
1"
12
11
15
19
16
14
13
08
17
b10000 >
b101 /
b101 G
b110 .
b110 Q
b10011 R
b1111 -
b1111 [
b0 \
b0 ,
b0 e
b11111 f
b100000001100100 !
b100000001100100 0
b100 =
b10000 H
b11000 p
b11 +
b11 o
b11111 z
b100 *
b100 y
b1000 <
b1100 E
b1100 O
b1011 Y
b1011 c
b1100 ;
b1001 D
b1001 N
b100 X
b100 b
b1111 l
b1111 v
b100101111001000 $
b100101111001000 )
b1111010010011100 #
b1111010010011100 (
b1011010111 ""
b100101111011111 &
#7310000
09
05
06
07
04
03
b110 >
b100 -
b100 [
b101 ,
b101 e
b1 f
b10010001001110 !
b10010001001110 0
b1110 =
b100 /
b100 G
b0 H
b101 .
b101 Q
b1 R
b10 +
b10 o
b10000 p
b11 *
b11 y
b10001 z
b11 <
b100 E
b100 O
b0 Y
b0 c
b1010 m
b1010 w
b1011 ;
b0 D
b0 N
b1000 l
b1000 v
b1010000001000011 $
b1010000001000011 )
b1000010000001011 #
b1000010000001011 (
b1011011000 ""
b10100000001100100 &
#7320000
b11 f
b111 +
b111 o
b11111 z
b1000 *
b1000 y
b111110111001000 !
b111110111001000 0
b1000 =
b1100 /
b1100 G
b1110 H
b1101 .
b1101 Q
b1111 R
b1101 -
b1101 [
b1110 ,
b1110 e
b111 <
b101 E
b101 O
b1 Y
b1 c
b1101 m
b1101 w
b0 ;
b111 D
b111 N
b1100 X
b1100 b
b1010 l
b1010 v
b1111 >
1%
b1101000101010111 $
b1101000101010111 )
b1010110001110000 #
b1010110001110000 (
b1011011001 ""
b10010010001001110 &
#7330000
19
15
1"
06
18
17
14
13
12
b11000 \
b0 /
b0 G
b11110 H
b1 .
b1 Q
b11111 R
b1010 -
b1010 [
b1011 ,
b1011 e
b11001 f
b0 +
b0 o
b11110 p
b1 *
b1 y
b1101100001111 !
b1101100001111 0
b1111 =
b1111 <
b1100 Y
b1100 c
b1011 m
b1011 w
b1011 D
b1011 N
b1110 X
b1110 b
b101 l
b101 v
b0 >
0%
b1011110001011111 $
b1011110001011111 )
b101111010110000 #
b101111010110000 (
b1011011010 ""
b10111110111001000 &
#7340000
0"
02
01
09
08
07
b1001101001101110 !
b1001101001101110 0
b1110 =
b10110 H
b110 /
b110 G
b10111 R
b111 .
b111 Q
b1000 \
b1011 f
b1001 -
b1001 [
b1010 ,
b1010 e
b1001 +
b1001 o
b0 p
b1010 *
b1010 y
b11 z
b110 <
b1011 E
b1011 O
b101 Y
b101 c
b1000 m
b1000 w
b1000 ;
b100 X
b100 b
b1 l
b1 v
b1000010110110110 $
b1000010110110110 )
b1010010111000 #
b1010010111000 (
b1011011011 ""
b10001101100001111 &
#7350000
05
04
13
b10 >
b1001011111111110 !
b1001011111111110 0
b1110 =
b1111 /
b1111 G
b0 H
b0 .
b0 Q
b11111 R
b111 -
b111 [
b0 \
b1000 ,
b1000 e
b1111 f
b1101 <
b110 Y
b110 c
b1 m
b1 w
b1 ;
b100 D
b100 N
b1 X
b1 b
b1000 l
b1000 v
b1011010111101 $
b1011010111101 )
b1000000101000001 #
b1000000101000001 (
b1011011100 ""
b1001101001101110 &
#7360000
03
19
05
18
16
17
b11 R
b1111 z
b1001100011110110 !
b1001100011110110 0
b110 =
b10010 >
b1110 /
b1110 G
b10 H
b1111 .
b1111 Q
b1000 -
b1000 [
b11100 \
b1001 ,
b1001 e
b11101 f
b1110 p
b1000 +
b1000 o
b1001 *
b1001 y
b101 E
b101 O
b1010 Y
b1010 c
b111 m
b111 w
b1001 ;
b1001 D
b1001 N
b1110 X
b1110 b
b1 l
b1 v
b111101001011101 $
b111101001011101 )
b1111010011001 #
b1111010011001 (
b1011011101 ""
b1001011111111110 &
#7370000
09
08
07
b111 *
b111 y
b110 +
b110 o
1"
06
12
11
b100 H
b100 /
b100 G
b101 R
b101 .
b101 Q
b0 \
b1100 -
b1100 [
b1 f
b1101 ,
b1101 e
b10000 p
b10001 z
b110110001000111 !
b110110001000111 0
b111 =
b11 <
b10 E
b10 O
b1000 Y
b1000 c
b1110 m
b1110 w
b11 ;
b10 D
b10 N
b100 X
b100 b
b1000 l
b1000 v
b111 >
1%
b1110100000100011 $
b1110100000100011 )
b1000010000100011 #
b1000010000100011 (
b1011011110 ""
b1001100011110110 &
#7380000
15
1"
16
14
13
12
11
b101101110111 !
b101101110111 0
b111 =
b10001 >
b0 +
b0 o
b11110 p
b1 *
b1 y
b110 /
b110 G
b10010 H
b111 .
b111 Q
b10011 R
b1010 -
b1010 [
b1011 ,
b1011 e
b11111 z
b1100 <
b1001 E
b1001 O
b11 m
b11 w
b1010 ;
b1101 D
b1101 N
b10 X
b10 b
b1101 l
b1101 v
b11100010011100 $
b11100010011100 )
b1101001011011010 #
b1101001011011010 (
b1011011111 ""
b10110110001000111 &
#7390000
15
0"
16
04
13
02
01
b1111 /
b1111 G
b0 H
b0 .
b0 Q
b11111 R
b111 -
b111 [
b1111 f
b1000 ,
b1000 e
b1001100000000110 !
b1001100000000110 0
b110 =
b11111 >
b1001 +
b1001 o
b1000 p
b1010 *
b1010 y
b1011 z
b110 <
b10 E
b10 O
b101 Y
b101 c
b100 m
b100 w
b1111 ;
b101 l
b101 v
b100010100100110 $
b100010100100110 )
b101001011011111 #
b101001011011111 (
b1011100000 ""
b10000101101110111 &
#7400000
14
15
06
19
18
17
b0 /
b0 G
b11110 H
b1 .
b1 Q
b10000 \
b1100010100001100 !
b1100010100001100 0
b1100 =
b100 -
b100 [
b101 ,
b101 e
b10001 f
b1011 +
b1011 o
b1100 *
b1100 y
b1111 z
b1011 <
b111 E
b111 O
b1000 Y
b1000 c
b1 ;
b1001 D
b1001 N
b1100 X
b1100 b
b111 l
b111 v
b110 >
0%
b100100001111011 $
b100100001111011 )
b111110010010001 #
b111110010010001 (
b1011100001 ""
b1001100000000110 &
#7410000
16
0"
02
01
b11000 \
b1111101000010010 !
b1111101000010010 0
b10 =
b1001 -
b1001 [
b1010 ,
b1010 e
b11011 f
b1110 +
b1110 o
b110 p
b1111 *
b1111 y
b111 z
b10 <
b1011 E
b1011 O
b1100 Y
b1100 c
b11 m
b11 w
b1111 ;
b101 D
b101 N
b1101 X
b1101 b
b1011 l
b1011 v
b11111 >
1%
b11110010110010 $
b11110010110010 )
b1011110101011111 #
b1011110101011111 (
b1011100010 ""
b1100010100001100 &
#7420000
05
04
03
1"
12
11
06
b10000 \
b1001 +
b1001 o
b11100 p
b1010 *
b1010 y
b11111 z
b1010011110000010 !
b1010011110000010 0
b10 =
b1000 /
b1000 G
b0 H
b1001 .
b1001 Q
b1 R
b111 -
b111 [
b1000 ,
b1000 e
b11111 f
b0 E
b0 O
b1001 Y
b1001 c
b1110 m
b1110 w
b0 ;
b1000 D
b1000 N
b1110 X
b1110 b
b0 >
0%
b1110100100000010 $
b1110100100000010 )
b1011111010000000 #
b1011111010000000 (
b1011100011 ""
b1111101000010010 &
#7430000
15
14
13
19
08
b1 /
b1 G
b11000 H
b10 .
b10 Q
b11011 R
b1100 >
b10000000011001 !
b10000000011001 0
b1001 =
b1111 -
b1111 [
b0 \
b0 ,
b0 e
b1 +
b1 o
b10 *
b10 y
b11 <
b1101 E
b1101 O
b1110 Y
b1110 c
b1111 m
b1111 w
b110 ;
b100 D
b100 N
b1 X
b1 b
b10 l
b10 v
b1111111011010011 $
b1111111011010011 )
b10000101000110 #
b10000101000110 (
b1011100100 ""
b11010011110000010 &
#7440000
06
18
b11111 R
b11011 f
b10111 z
b101101011001111 !
b101101011001111 0
b1111 =
b0 >
b11110 H
b1100 /
b1100 G
b1101 .
b1101 Q
b1001 -
b1001 [
b11000 \
b1010 ,
b1010 e
b10110 p
b100 +
b100 o
b101 *
b101 y
b100 <
b1111 E
b1111 O
b1101 Y
b1101 c
b1001 m
b1001 w
b1011 ;
b1101 D
b1101 N
b1100 X
b1100 b
b1011 l
b1011 v
b1001110111110100 $
b1001110111110100 )
b1011110011011011 #
b1011110011011011 (
b1011100101 ""
b10010000000011001 &
#7450000
09
08
07
0"
02
11
b11100 H
b1111101100010101 !
b1111101100010101 0
b101 =
b1 /
b1 G
b10 .
b10 Q
b1010 -
b1010 [
b0 \
b1011 ,
b1011 e
b1 f
b1111 +
b1111 o
b0 p
b0 *
b0 y
b11111 z
b101 <
b110 E
b110 O
b0 Y
b0 c
b1111 m
b1111 w
b0 ;
b1011 D
b1011 N
b1010 X
b1010 b
b0 l
b0 v
b1111000001100101 $
b1111000001100101 )
b101010110000 #
b101010110000 (
b1011100110 ""
b10101101011001111 &
#7460000
1"
19
05
16
18
17
04
03
b11110011000 !
b11110011000 0
b1000 =
b11100 >
b10000 \
b11111 f
b1000 /
b1000 G
b1110 H
b1001 .
b1001 Q
b1111 R
b111 -
b111 [
b1000 ,
b1000 e
b1110 <
b1 E
b1 O
b1001 Y
b1001 c
b1101 m
b1101 w
b1010 ;
b111 D
b111 N
b1110 X
b1110 b
b10 l
b10 v
b1101100100011110 $
b1101100100011110 )
b10111001111010 #
b10111001111010 (
b1011100111 ""
b1111101100010101 &
#7470000
05
04
03
12
b1010100011110100 !
b1010100011110100 0
b100 =
b1110 /
b1110 G
b10 H
b1111 .
b1111 Q
b11 R
b1000 -
b1000 [
b11110 \
b1001 ,
b1001 e
b1001 +
b1001 o
b11000 p
b11011 z
b1010 *
b1010 y
b1011 <
b1001 E
b1001 O
b1000 ;
b101 D
b101 N
b1111 X
b1111 b
b1100 l
b1100 v
b10111 >
1%
b1101100110011011 $
b1101100110011011 )
b1100111101011000 #
b1100111101011000 (
b1011101000 ""
b10000011110011000 &
#7480000
09
08
07
06
b1111 R
b10110010110101 !
b10110010110101 0
b101 =
b101 >
b1011 /
b1011 G
b1000 H
b1100 .
b1100 Q
b100 \
b1100 -
b1100 [
b101 f
b1101 ,
b1101 e
b10 +
b10 o
b10010 p
b11 *
b11 y
b10011 z
b10 <
b111 E
b111 O
b1010 Y
b1010 c
b1001 m
b1001 w
b10 ;
b100 D
b100 N
b10 X
b10 b
b1001 l
b1001 v
b1001101001110010 $
b1001101001110010 )
b1001001001000010 #
b1001001001000010 (
b1011101001 ""
b11010100011110100 &
#7490000
19
18
17
15
b110 -
b110 [
b111 ,
b111 e
1"
14
13
12
11
b1 >
b10011100011011 !
b10011100011011 0
b1011 =
b1 /
b1 G
b11100 H
b10 .
b10 Q
b11111 R
b11110 \
b11111 f
b1 +
b1 o
b11100 p
b10 *
b10 y
b11111 z
b10 E
b10 O
b111 Y
b111 c
b1111 m
b1111 w
b1000 ;
b1111 D
b1111 N
b1111 X
b1111 b
b10 l
b10 v
b1111011100100010 $
b1111011100100010 )
b10111111111000 #
b10111111111000 (
b1011101010 ""
b10010110010110101 &
#7500000
0"
02
01
b11110 H
b1000 /
b1000 G
b1001 .
b1001 Q
b11 +
b11 o
b0 p
b100 *
b100 y
b111 z
b100100010000011 !
b100100010000011 0
b11 =
b10000 \
b111 -
b111 [
b1000 ,
b1000 e
b1001 E
b1001 O
b1111 Y
b1111 c
b0 m
b0 w
b0 ;
b1000 X
b1000 b
b11 l
b11 v
b111110010010 $
b111110010010 )
b11100011110000 #
b11100011110000 (
b1011101011 ""
b10010011100011011 &
#7510000
12
1"
11
18
b1111 >
b10010110111000 !
b10010110111000 0
b1000 =
b11000 H
b1011 /
b1011 G
b1100 .
b1100 Q
b11100 p
b100 -
b100 [
b11110 \
b101 ,
b101 e
b1 +
b1 o
b11111 z
b10 *
b10 y
b101 <
b1100 E
b1100 O
b111 Y
b111 c
b10 m
b10 w
b10 ;
b1101 X
b1101 b
b1111 l
b1111 v
b10011111000101 $
b10011111000101 )
b1111110111110010 #
b1111110111110010 (
b1011101100 ""
b100100010000011 &
#7520000
15
09
08
07
14
0"
06
02
01
b11 f
b1001101000011100 !
b1001101000011100 0
b1100 =
b111 >
b1 /
b1 G
b11100 H
b10 .
b10 Q
b1001 -
b1001 [
b0 \
b1010 ,
b1010 e
b1001 +
b1001 o
b1100 p
b1010 *
b1010 y
b1111 z
b11 <
b111 E
b111 O
b1001 Y
b1001 c
b1000 ;
b1010 D
b1010 N
b0 X
b0 b
b111 l
b111 v
b10100101110011 $
b10100101110011 )
b111000010101000 #
b111000010101000 (
b1011101101 ""
b10010010110111000 &
#7530000
16
05
0"
04
03
02
01
b1011000010000011 !
b1011000010000011 0
b11 =
b0 -
b0 [
b1 f
b1 ,
b1 e
b11001 >
b111 /
b111 G
b0 H
b1000 .
b1000 Q
b1111 R
b1011 +
b1011 o
b0 p
b1100 *
b1100 y
b111 z
b110 <
b1 E
b1 O
b0 Y
b0 c
b0 m
b0 w
b1100 ;
b110 D
b110 N
b1011 l
b1011 v
b10110 $
b10110 )
b1011000001101100 #
b1011000001101100 (
b1011101110 ""
b1001101000011100 &
#7540000
0"
01
19
05
18
17
03
b1001 -
b1001 [
b11000 \
b1010 ,
b1010 e
b11011 f
b1111100111100100 !
b1111100111100100 0
b100 =
b11111 >
b1101 /
b1101 G
b1110 .
b1110 Q
b11 R
b1110 +
b1110 o
b1111 *
b1111 y
b1 z
b1101 Y
b1101 c
b100 m
b100 w
b1101 ;
b1100 D
b1100 N
b1100 X
b1100 b
b1010 l
b1010 v
b100110100010110 $
b100110100010110 )
b1010110011001101 #
b1010110011001101 (
b1011101111 ""
b1011000010000011 &
#7550000
1"
12
11
09
08
07
b0 +
b0 o
b1 *
b1 y
06
b11110 p
b101 /
b101 G
b110 .
b110 Q
b100 \
b1100 -
b1100 [
b101 f
b1101 ,
b1101 e
b11111 z
b110001010111 !
b110001010111 0
b111 =
b111 <
b0 E
b0 O
b1010 Y
b1010 c
b1111 m
b1111 w
b0 ;
b101 D
b101 N
b10 X
b10 b
b1 l
b1 v
b0 >
0%
b1111101000000111 $
b1111101000000111 )
b1001001010000 #
b1001001010000 (
b1011110000 ""
b1111100111100100 &
#7560000
15
19
14
13
18
17
b111011101001101 !
b111011101001101 0
b1101 =
b10110 H
b10111 R
b10001 z
b100 /
b100 G
b101 .
b101 Q
b110 -
b110 [
b10000 \
b111 ,
b111 e
b10001 f
b10000 p
b110 +
b110 o
b111 *
b111 y
b1101 <
b1011 E
b1011 O
b1000 Y
b1000 c
b1110 m
b1110 w
b1001 D
b1001 N
b1110 X
b1110 b
b1000 l
b1000 v
b1110100010111101 $
b1110100010111101 )
b1000111010010000 #
b1000111010010000 (
b1011110001 ""
b10000110001010111 &
#7570000
05
09
16
04
03
08
07
b101101010101001 !
b101101010101001 0
b1001 =
b11100 >
b1001 /
b1001 G
b1100 H
b1010 .
b1010 Q
b1111 R
b1010 -
b1010 [
b1010 \
b1011 ,
b1011 e
b1011 f
b101 +
b101 o
b110 *
b110 y
b10011 z
b1110 <
b10 E
b10 O
b101 Y
b101 c
b1000 m
b1000 w
b1011 ;
b111 D
b111 N
b101 X
b101 b
b1101 l
b1101 v
b1000010100101110 $
b1000010100101110 )
b1101010101111011 #
b1101010101111011 (
b1011110010 ""
b10111011101001101 &
#7580000
05
19
0"
04
03
18
17
02
01
b11100011011101 !
b11100011011101 0
b1101 =
b1100 /
b1100 G
b100 H
b1101 .
b1101 Q
b101 R
b1000 -
b1000 [
b11110 \
b1001 ,
b1001 e
b11111 f
b10 +
b10 o
b10 p
b11 *
b11 y
b11 z
b1111 <
b1010 E
b1010 O
b1001 Y
b1001 c
b1 m
b1 w
b1110 ;
b10 D
b10 N
b1111 X
b1111 b
b1 l
b1 v
b1100110101111 $
b1100110101111 )
b1111100101110 #
b1111100101110 (
b1011110011 ""
b10101101010101001 &
#7590000
15
04
13
b0 H
b101 +
b101 o
b110 *
b110 y
b110001000001011 !
b110001000001011 0
b1011 =
b11000 >
b1111 /
b1111 G
b0 .
b0 Q
b11111 R
b11000 \
b1 -
b1 [
b11011 f
b10 ,
b10 e
b100 p
b111 z
b1110 <
b1100 E
b1100 O
b1100 Y
b1100 c
b10 m
b10 w
b1101 ;
b11 D
b11 N
b101 X
b101 b
b11 l
b11 v
b10110011001110 $
b10110011001110 )
b11010100111101 #
b11010100111101 (
b1011110100 ""
b11100011011101 &
#7600000
14
19
15
1"
08
17
06
12
11
b11100 H
b0 \
b0 >
b10000000001101 !
b10000000001101 0
b1101 =
b0 /
b0 G
b1 .
b1 Q
b11101 R
b1111 -
b1111 [
b0 ,
b0 e
b11111 f
b11000 p
b1 +
b1 o
b11011 z
b10 *
b10 y
b1101 <
b10 E
b10 O
b1 Y
b1 c
b100 m
b100 w
b0 ;
b1110 D
b1110 N
b1110 X
b1110 b
b1101 l
b1101 v
b100000100101101 $
b100000100101101 )
b1101111011100000 #
b1101111011100000 (
b1011110101 ""
b110001000001011 &
#7610000
05
18
16
04
03
b10000 \
b100 +
b100 o
b101 *
b101 y
b101010010011100 !
b101010010011100 0
b1100 =
b11110 >
b1000 /
b1000 G
b1100 H
b1001 .
b1001 Q
b1101 R
b100 -
b100 [
b101 ,
b101 e
b10001 f
b10110 p
b10111 z
b1000 Y
b1000 c
b1011 m
b1011 w
b1111 ;
b110 D
b110 N
b1100 X
b1100 b
b1001 l
b1001 v
b1011100000101101 $
b1011100000101101 )
b1001110001101111 #
b1001110001101111 (
b1011110110 ""
b10010000000001101 &
#7620000
09
06
08
07
b1001110001101101 !
b1001110001101101 0
b1101 =
b1100 >
b110 /
b110 G
b0 H
b111 .
b111 Q
b1 R
b1100 -
b1100 [
b1110 \
b1101 ,
b1101 e
b1111 f
b1001 +
b1001 o
b11100 p
b1010 *
b1010 y
b11111 z
b111 <
b110 E
b110 O
b101 Y
b101 c
b110 ;
b0 D
b0 N
b111 X
b111 b
b1110 l
b1110 v
b1011010101100111 $
b1011010101100111 )
b1110011100000110 #
b1110011100000110 (
b1011110111 ""
b10101010010011100 &
#7630000
09
0"
08
17
02
01
16
b1000111110100111 !
b1000111110100111 0
b111 =
b11111 f
b1000 +
b1000 o
b1001 *
b1001 y
b1001 z
b10000 >
b1001 /
b1001 G
b1100 H
b1010 .
b1010 Q
b1111 R
b0 \
b1111 -
b1111 [
b0 ,
b0 e
b1000 p
b1001 <
b1101 Y
b1101 c
b100 m
b100 w
b1110 ;
b11 D
b11 N
b10 X
b10 b
b100 l
b100 v
b100110101101001 $
b100110101101001 )
b100001000111110 #
b100001000111110 (
b1011111000 ""
b11001110001101101 &
#7640000
15
16
07
14
13
b111 f
b110011101010011 !
b110011101010011 0
b11 =
b100 /
b100 G
b10100 H
b101 .
b101 Q
b10101 R
b110 -
b110 [
b110 \
b111 ,
b111 e
b110 +
b110 o
b10 p
b111 *
b111 y
b11 z
b101 <
b1010 E
b1010 O
b11 Y
b11 c
b101 m
b101 w
b1101 ;
b1010 D
b1010 N
b11 X
b11 b
b1 l
b1 v
b11011 >
1%
b101001110100101 $
b101001110100101 )
b1001110101101 #
b1001110101101 (
b1011111001 ""
b1000111110100111 &
#7650000
16
19
1"
b101 *
b101 y
b100 +
b100 o
18
17
12
11
b1000 /
b1000 G
b11110 H
b1001 .
b1001 Q
b1001 -
b1001 [
b1010 ,
b1010 e
b10001 z
b11111 R
b11000 \
b11011 f
b10000 p
b101101010010000 !
b101101010010000 0
b0 =
b110 <
b1101 E
b1101 O
b1100 Y
b1100 c
b1000 m
b1000 w
b1010 ;
b1011 D
b1011 N
b1101 X
b1101 b
b1100 l
b1100 v
b11100 >
0%
b1000110011010110 $
b1000110011010110 )
b1100110110111010 #
b1100110110111010 (
b1011111010 ""
b110011101010011 &
#7660000
05
06
04
03
09
0"
08
07
02
01
b11101010101110 !
b11101010101110 0
b1110 =
b110 >
b1000 \
b1010 /
b1010 G
b10 H
b1011 .
b1011 Q
b11 R
b1010 -
b1010 [
b1011 ,
b1011 e
b1001 f
b11 +
b11 o
b0 p
b100 *
b100 y
b111 z
b1011 <
b1 E
b1 O
b100 Y
b100 c
b10 m
b10 w
b11 ;
b1001 D
b1001 N
b110 X
b110 b
b1 l
b1 v
b10010000011011 $
b10010000011011 )
b1011010010011 #
b1011010010011 (
b1011111011 ""
b10101101010010000 &
#7670000
16
1"
12
11
b1100 /
b1100 G
b1 R
b1101 .
b1101 Q
b1000 -
b1000 [
b1110 \
b1001 ,
b1001 e
b1001100011010000 !
b1001100011010000 0
b0 =
b0 H
b1111 f
b11100 p
b1001 +
b1001 o
b1010 *
b1010 y
b11111 z
b0 <
b100 E
b100 O
b1 Y
b1 c
b1011 m
b1011 w
b1111 ;
b1000 D
b1000 N
b111 X
b111 b
b1110 l
b1110 v
b11111 >
1%
b1011000101000000 $
b1011000101000000 )
b1110011110001111 #
b1110011110001111 (
b1011111100 ""
b11101010101110 &
#7680000
06
0"
02
01
b1101 /
b1101 G
b1110 .
b1110 Q
b11 R
b1010001111011110 !
b1010001111011110 0
b1110 =
b11 >
b11 -
b11 [
b0 \
b100 ,
b100 e
b111 f
b1010 +
b1010 o
b0 p
b1011 *
b1011 y
b1 z
b1000 <
b101 E
b101 O
b11 Y
b11 c
b0 m
b0 w
b101 ;
b0 X
b0 b
b1010 l
b1010 v
b1101011000 $
b1101011000 )
b1010000010000101 #
b1010000010000101 (
b1011111101 ""
b11001100011010000 &
#7690000
07
1"
12
11
b1001 /
b1001 G
b1010 .
b1010 Q
b11 f
b11100 p
b11111 z
b1001110110010111 !
b1001110110010111 0
b111 =
b1 >
b1101 -
b1101 [
b1110 ,
b1110 e
b1001 +
b1001 o
b1010 *
b1010 y
b100 <
b0 E
b0 O
b101 Y
b101 c
b1011 m
b1011 w
b10 ;
b1001 D
b1001 N
b1000 X
b1000 b
b1110 l
b1110 v
b1011010100000100 $
b1011010100000100 )
b1110100010010010 #
b1110100010010010 (
b1011111110 ""
b1010001111011110 &
#7700000
18
19
17
15
0"
14
13
16
02
01
b10 /
b10 G
b11010 H
b11 .
b11 Q
b11011 R
b11111 f
b0 -
b0 [
b11110 \
b1 ,
b1 e
b1010 +
b1010 o
b0 p
b1011 *
b1011 y
b1 z
b1011000100110110 !
b1011000100110110 0
b110 =
b1111 <
b101 E
b101 O
b1111 Y
b1111 c
b10 m
b10 w
b111 ;
b1101 D
b1101 N
b1 X
b1 b
b1000 l
b1000 v
b11110 >
0%
b10111101011111 $
b10111101011111 )
b1000000111010111 #
b1000000111010111 (
b1011111111 ""
b11001110110010111 &
#7710000
05
04
13
06
b11000 \
b1111 /
b1111 G
b0 H
b0 .
b0 Q
b11111 R
b1011 -
b1011 [
b1100 ,
b1100 e
b1100 p
b1101 +
b1101 o
b1111 z
b1110 *
b1110 y
b1110101111111011 !
b1110101111111011 0
b1011 =
b111 <
b1100 E
b1100 O
b1100 Y
b1100 c
b110 m
b110 w
b11 ;
b11 D
b11 N
b1111 X
b1111 b
b111 l
b111 v
b1111 >
1%
b110110011000111 $
b110110011000111 )
b111111100110011 #
b111111100110011 (
b1100000000 ""
b1011000100110110 &
#7720000
1"
06
03
12
11
b1011001001101101 !
b1011001001101101 0
b1101 =
b1 >
b110 /
b110 G
b111 .
b111 Q
b1 R
b10 -
b10 [
b11 ,
b11 e
b11001 f
b1010 +
b1010 o
b11110 p
b1011 *
b1011 y
b11111 z
b1100 <
b100 E
b100 O
b110 Y
b110 c
b1111 m
b1111 w
b0 ;
b10 D
b10 N
b1100 X
b1100 b
b1011 l
b1011 v
b1111011001001100 $
b1111011001001100 )
b1011110000100000 #
b1011110000100000 (
b1100000001 ""
b1110101111111011 &
#7730000
09
0"
08
17
02
01
16
b11 R
b1111 -
b1111 [
b0 \
b0 ,
b0 e
b11111 f
b100 p
b111 z
b1101111111101001 !
b1101111111101001 0
b1001 =
b1101 /
b1101 G
b1110 .
b1110 Q
b1101 +
b1101 o
b1110 *
b1110 y
b1 E
b1 O
b1001 Y
b1001 c
b1010 m
b1010 w
b1101 ;
b1100 D
b1100 N
b110 X
b110 b
b11 l
b11 v
b11000 >
0%
b1010100100011100 $
b1010100100011100 )
b11011011001101 #
b11011011001101 (
b1100000010 ""
b11011001001101101 &
#7740000
19
1"
06
18
12
11
b11000 \
b0 +
b0 o
b11110 p
b1 *
b1 y
b11111 z
b1000110111111 !
b1000110111111 0
b1111 =
b1011 /
b1011 G
b111 R
b1100 .
b1100 Q
b1 -
b1 [
b10 ,
b10 e
b11011 f
b1010 <
b0 E
b0 O
b101 Y
b101 c
b101 m
b101 w
b100 ;
b1011 D
b1011 N
b1100 X
b1100 b
b1011 l
b1011 v
b1 >
1%
b101010100001010 $
b101010100001010 )
b1011110010110100 #
b1011110010110100 (
b1100000011 ""
b1101111111101001 &
#7750000
15
14
13
b11 /
b11 G
b100 .
b100 Q
09
0"
08
07
02
01
b11000 H
b1000100000111010 !
b1000100000111010 0
b1010 =
b1111 >
b11111 R
b111 -
b111 [
b0 \
b1000 ,
b1000 e
b1111 f
b1000 +
b1000 o
b1110 p
b1001 *
b1001 y
b1111 z
b11 <
b101 E
b101 O
b110 ;
b1110 D
b1110 N
b10 X
b10 b
b11 l
b11 v
b101010101010011 $
b101010101010011 )
b11001011100110 #
b11001011100110 (
b1100000100 ""
b10001000110111111 &
#7760000
0"
09
16
02
01
07
b1110110100100000 !
b1110110100100000 0
b0 =
b1 /
b1 G
b10 .
b10 Q
b11011 R
b1100 -
b1100 [
b1101 ,
b1101 e
b1 f
b1110 +
b1110 o
b10 p
b1111 *
b1111 y
b11 z
b1010 <
b100 E
b100 O
b0 Y
b0 c
b1001 m
b1001 w
b1101 D
b1101 N
b1100 X
b1100 b
b101 l
b101 v
b11100 >
0%
b1001000001001010 $
b1001000001001010 )
b101110011010110 #
b101110011010110 (
b1100000101 ""
b1000100000111010 &
#7770000
06
19
1"
18
17
12
11
b10100 \
b10101 f
b101010101011010 !
b101010101011010 0
b1010 =
b10 >
b101 /
b101 G
b10000 H
b110 .
b110 Q
b10011 R
b100 -
b100 [
b101 ,
b101 e
b100 +
b100 o
b10110 p
b101 *
b101 y
b10111 z
b1001 <
b1100 E
b1100 O
b1010 Y
b1010 c
b1 ;
b1001 D
b1001 N
b1010 X
b1010 b
b1011 l
b1011 v
b1001101011001001 $
b1001101011001001 )
b1011101010010001 #
b1011101010010001 (
b1100000110 ""
b1110110100100000 &
#7780000
15
0"
14
13
02
01
b100 /
b100 G
b11100 H
b101 .
b101 Q
b11101 R
b1110 +
b1110 o
b10 p
b1111 *
b1111 y
b11 z
b1111010101000111 !
b1111010101000111 0
b111 =
b101 <
b110 E
b110 O
b1101 m
b1101 w
b1110 D
b1110 N
b1 l
b1 v
b11 >
1%
b1101101001100101 $
b1101101001100101 )
b1101011100001 #
b1101011100001 (
b1100000111 ""
b10101010101011010 &
#7790000
05
19
1"
16
04
03
18
17
12
11
b1000 /
b1000 G
b1100 H
b1001 .
b1001 Q
b1101 R
b0 -
b0 [
b11000 \
b1 ,
b1 e
b11001 f
b1101 +
b1101 o
b11100 p
b1110 *
b1110 y
b11111 z
b1110000010011100 !
b1110000010011100 0
b1100 =
b1101 <
b1100 Y
b1100 c
b1111 m
b1111 w
b1111 ;
b10 D
b10 N
b100 X
b100 b
b1110 l
b1110 v
b11110 >
0%
b1111110001101101 $
b1111110001101101 )
b1110010000101111 #
b1110010000101111 (
b1100001000 ""
b1111010101000111 &
#7800000
05
06
04
03
b10001011100011 !
b10001011100011 0
b11 =
b0 >
b1110 /
b1110 G
b10 H
b1111 .
b1111 Q
b11 R
b10 -
b10 [
b11 ,
b11 e
b1 +
b1 o
b10 *
b10 y
b10 <
b1 E
b1 O
b100 Y
b100 c
b1 ;
b1101 D
b1101 N
b1110 X
b1110 b
b10 l
b10 v
b1111010000010010 $
b1111010000010010 )
b10111011010001 #
b10111011010001 (
b1100001001 ""
b11110000010011100 &
#7810000
15
14
13
0"
02
01
b1011001000111111 !
b1011001000111111 0
b1111 =
b11011 f
b1111 z
b11 /
b11 G
b11000 H
b100 .
b100 Q
b11111 R
b1 -
b1 [
b10 ,
b10 e
b1010 +
b1010 o
b1110 p
b1011 *
b1011 y
b1101 <
b101 E
b101 O
b1101 Y
b1101 c
b111 m
b111 w
b1110 D
b1110 N
b100 X
b100 b
b11 l
b11 v
b11 >
1%
b111110101011101 $
b111110101011101 )
b11010011100001 #
b11010011100001 (
b1100001010 ""
b10010001011100011 &
#7820000
05
03
04
16
09
1"
08
07
12
11
b0 H
b111 +
b111 o
b1000 *
b1000 y
b1100 /
b1100 G
b1101 .
b1101 Q
b1 R
b1000 -
b1000 [
b1110 \
b1001 ,
b1001 e
b1111 f
b10000 p
b11111 z
b111100011010010 !
b111100011010010 0
b10 =
b1100 <
b1000 E
b1000 O
b111 Y
b111 c
b1100 m
b1100 w
b110 ;
b100 D
b100 N
b1 X
b1 b
b1011 l
b1011 v
b11000 >
0%
b1100011110001100 $
b1100011110001100 )
b1011000101000110 #
b1011000101000110 (
b1100001011 ""
b1011001000111111 &
#7830000
15
14
13
01
19
0"
06
18
17
02
b0 >
b100 /
b100 G
b11100 H
b101 .
b101 Q
b11101 R
b11 -
b11 [
b100 ,
b100 e
b111 z
b1111010001000100 !
b1111010001000100 0
b100 =
b10000 \
b10111 f
b1110 +
b1110 o
b110 p
b1111 *
b1111 y
b0 <
b1110 E
b1110 O
b1000 Y
b1000 c
b1011 m
b1011 w
b100 ;
b110 D
b110 N
b1011 X
b1011 b
b11 l
b11 v
b1011100011100000 $
b1011100011100000 )
b11101101100100 #
b11101101100100 (
b1100001100 ""
b10111100011010010 &
#7840000
05
04
03
b1011010001011111 !
b1011010001011111 0
b1111 =
b1010 +
b1010 o
b1 z
b1011 *
b1011 y
b101 /
b101 G
b0 H
b110 .
b110 Q
b11 R
b100 -
b100 [
b101 ,
b101 e
b10001 f
b0 p
b1111 <
b0 E
b0 O
b0 m
b0 w
b0 ;
b101 D
b101 N
b1100 X
b1100 b
b1010 l
b1010 v
b100000001111 $
b100000001111 )
b1010110001010000 #
b1010110001010000 (
b1100001101 ""
b1111010001000100 &
#7850000
19
15
14
13
18
17
16
b10000 H
b11000 \
b100 /
b100 G
b101 .
b101 Q
b10001 R
b11 -
b11 [
b100 ,
b100 e
b11111 f
b10 +
b10 o
b11 *
b11 y
b11010001010010 !
b11010001010010 0
b10 =
b1001 <
b1100 E
b1100 O
b110 Y
b110 c
b1000 ;
b1000 D
b1000 N
b1101 X
b1101 b
b10 l
b10 v
b10011 >
1%
b11011001001 $
b11011001001 )
b10110110001000 #
b10110110001000 (
b1100001110 ""
b1011010001011111 &
#7860000
1"
07
12
11
09
08
05
04
03
b10110000011010 !
b10110000011010 0
b1010 =
b0 /
b0 G
b1 .
b1 Q
b11010 p
b11111 >
b0 H
b1 R
b1100 -
b1100 [
b100 \
b101 f
b1101 ,
b1101 e
b10 +
b10 o
b11011 z
b11 *
b11 y
b1110 <
b0 E
b0 O
b1010 Y
b1010 c
b1101 m
b1101 w
b1011 ;
b0 D
b0 N
b10 X
b10 b
b101 l
b101 v
b1101101000001110 $
b1101101000001110 )
b101001000001011 #
b101001000001011 (
b1100001111 ""
b11010001010010 &
#7870000
19
18
17
b10 H
b100 -
b100 [
b101 ,
b101 e
b11010011110100 !
b11010011110100 0
b100 =
b1110 /
b1110 G
b11 R
b1111 .
b1111 Q
b11110 \
b11111 f
b10010 p
b10 +
b10 o
b10011 z
b11 *
b11 y
b100 <
b1 E
b1 O
b1101 Y
b1101 c
b1001 m
b1001 w
b1111 ;
b1101 D
b1101 N
b111 X
b111 b
b1001 l
b1001 v
b1001110100010100 $
b1001110100010100 )
b1001011111011111 #
b1001011111011111 (
b1100010000 ""
b10010110000011010 &
#7880000
15
14
13
0"
02
01
b110 +
b110 o
b111 *
b111 y
b111100101010101 !
b111100101010101 0
b101 =
b11101 >
b100 /
b100 G
b11110 H
b101 .
b101 Q
b11111 R
b1000 -
b1000 [
b1001 ,
b1001 e
b0 p
b1 z
b1110 <
b101 E
b101 O
b1111 Y
b1111 c
b110 m
b110 w
b110 ;
b1111 D
b1111 N
b1001 X
b1001 b
b0 l
b0 v
b110111101011110 $
b110111101011110 )
b100111110110 #
b100111110110 (
b1100010001 ""
b10011010011110100 &
#7890000
09
05
03
04
08
1"
12
11
b1110 /
b1110 G
b1 R
b1111 .
b1111 Q
b0 H
b0 \
b1111 -
b1111 [
b0 ,
b0 e
b1000 +
b1000 o
b11100 p
b1001 *
b1001 y
b11101 z
b1000111111111100 !
b1000111111111100 0
b1100 =
b1111 <
b1000 E
b1000 O
b1001 Y
b1001 c
b1010 m
b1010 w
b1101 ;
b110 D
b110 N
b110 X
b110 b
b1110 l
b1110 v
b11110 >
0%
b1010100110001111 $
b1010100110001111 )
b1110011001101101 #
b1110011001101101 (
b1100010010 ""
b111100101010101 &
#7900000
15
19
06
14
13
18
b10 /
b10 G
b11000 H
b11 .
b11 Q
b11001 R
b0 >
b11001100101000 !
b11001100101000 0
b1000 =
b11010 \
b10 -
b10 [
b11 ,
b11 e
b11011 f
b10 +
b10 o
b10010 p
b11 *
b11 y
b10011 z
b1000 <
b100 E
b100 O
b1101 Y
b1101 c
b1001 m
b1001 w
b0 ;
b1110 D
b1110 N
b101 X
b101 b
b1001 l
b1001 v
b1001110101001000 $
b1001110101001000 )
b1001010111100000 #
b1001010111100000 (
b1100010011 ""
b11000111111111100 &
#7910000
15
14
13
0"
02
01
b11110 \
b11111 f
b1000 +
b1000 o
b1001 *
b1001 y
b10 /
b10 G
b11110 H
b11 .
b11 Q
b11111 R
b1000 -
b1000 [
b1001 ,
b1001 e
b1110 p
b1111 z
b1001100100101001 !
b1001100100101001 0
b1001 =
b11 <
b1111 E
b1111 O
b1011 Y
b1011 c
b111 m
b111 w
b101 ;
b11 D
b11 N
b1101 X
b1101 b
b1 l
b1 v
b1111 >
1%
b111101111110011 $
b111101111110011 )
b1110100110101 #
b1110100110101 (
b1100010100 ""
b10011001100101000 &
#7920000
09
05
03
04
08
0"
02
01
b1001 >
b1011111111101001 !
b1011111111101001 0
b1001 =
b1 R
b1011 +
b1011 o
b0 p
b1100 *
b1100 y
b111 z
b0 H
b1110 /
b1110 G
b1111 .
b1111 Q
b0 \
b1111 -
b1111 [
b0 ,
b0 e
b100 <
b110 E
b110 O
b1000 m
b1000 w
b100 ;
b1000 D
b1000 N
b100 X
b100 b
b11 l
b11 v
b1000101101100100 $
b1000101101100100 )
b11010010000100 #
b11010010000100 (
b1100010101 ""
b1001100100101001 &
#7930000
07
0"
09
11
15
14
13
16
b110 /
b110 G
b10010 H
b111 .
b111 Q
b11 f
b10011 R
b1110 -
b1110 [
b10 \
b1111 ,
b1111 e
b1111 +
b1111 o
b0 *
b0 y
b11111 z
b1111111101110100 !
b1111111101110100 0
b100 =
b1010 <
b1001 E
b1001 O
b1001 Y
b1001 c
b1001 m
b1001 w
b1010 ;
b1101 D
b1101 N
b101 X
b101 b
b110 l
b110 v
b10100 >
0%
b1001100110011010 $
b1001100110011010 )
b110010111011010 #
b110010111011010 (
b1100010110 ""
b1011111111101001 &
#7940000
12
1"
19
18
17
b1011101000110 !
b1011101000110 0
b110 =
b11000 p
b10010 >
b10000 H
b11 /
b11 G
b10111 R
b100 .
b100 Q
b110 -
b110 [
b10000 \
b111 ,
b111 e
b10001 f
b0 +
b0 o
b1 *
b1 y
b11001 z
b1101 <
b1000 E
b1000 O
b1110 Y
b1110 c
b100 m
b100 w
b1001 ;
b1011 D
b1011 N
b1000 X
b1000 b
b1100 l
b1100 v
b100111010001101 $
b100111010001101 )
b1100100010111001 #
b1100100010111001 (
b1100010111 ""
b1111111101110100 &
#7950000
09
06
08
07
b11100 H
b1001 /
b1001 G
b1010 .
b1010 Q
b11111 R
b1001101110011010 !
b1001101110011010 0
b1010 =
b1010 -
b1010 [
b0 \
b1011 ,
b1011 e
b1 f
b1001 +
b1001 o
b11100 p
b1010 *
b1010 y
b11111 z
b1001 <
b1110 E
b1110 O
b1000 Y
b1000 c
b1110 m
b1110 w
b0 ;
b10 X
b10 b
b1011 l
b1011 v
b11 >
1%
b1110100011101001 $
b1110100011101001 )
b1011001010110000 #
b1011001010110000 (
b1100011000 ""
b10001011101000110 &
#7960000
b1000 =
b110110010101000 !
b110110010101000 0
b11000 H
b1011 -
b1011 [
b1100 ,
b1100 e
b111 f
b10000 p
b1010 /
b1010 G
b11001 R
b1011 .
b1011 Q
b110 +
b110 o
b111 *
b111 y
b10001 z
b1000 <
b1100 E
b1100 O
b11 Y
b11 c
b1000 m
b1000 w
b1110 D
b1110 N
b1000 X
b1000 b
b1110 l
b1110 v
b0 >
0%
b1000001111001000 $
b1000001111001000 )
b1110100011100000 #
b1110100011100000 (
b1100011001 ""
b11001101110011010 &
#7970000
15
14
13
19
1"
18
17
16
12
11
b10111 f
b11011000011101 !
b11011000011101 0
b1101 =
b11100 >
b0 /
b0 G
b11110 H
b1 .
b1 Q
b11111 R
b101 -
b101 [
b10100 \
b110 ,
b110 e
b10 +
b10 o
b11000 p
b11 *
b11 y
b11001 z
b1111 <
b101 E
b101 O
b1011 Y
b1011 c
b1100 m
b1100 w
b1110 ;
b1011 D
b1011 N
b1010 X
b1010 b
b110 l
b110 v
b1100101101011111 $
b1100101101011111 )
b110101010111110 #
b110101010111110 (
b1100011010 ""
b10110110010101000 &
#7980000
0"
02
11
09
08
07
b10111 R
b1011 -
b1011 [
b1100 ,
b1100 e
b11000 >
b1111110001000011 !
b1111110001000011 0
b11 =
b11 /
b11 G
b10000 H
b100 .
b100 Q
b1000 \
b1111 f
b1111 +
b1111 o
b0 p
b0 *
b0 y
b11111 z
b1001 E
b1001 O
b100 Y
b100 c
b1111 m
b1111 w
b100 ;
b1010 D
b1010 N
b111 X
b111 b
b0 l
b0 v
b1111010010011111 $
b1111010010011111 )
b11110100100 #
b11110100100 (
b1100011011 ""
b10011011000011101 &
#7990000
12
06
1"
15
19
14
13
18
17
b11100100011001 !
b11100100011001 0
b1001 =
b11000 H
b0 >
b1 /
b1 G
b10 .
b10 Q
b11011 R
b1000 -
b1000 [
b11110 \
b1001 ,
b1001 e
b11111 f
b10 +
b10 o
b11110 p
b11 *
b11 y
b1 <
b100 E
b100 O
b1101 Y
b1101 c
b11 m
b11 w
b1000 ;
b1101 D
b1101 N
b1011 X
b1011 b
b1111 l
b1111 v
b11110101000001 $
b11110101000001 )
b1111101111011000 #
b1111101111011000 (
b1100011100 ""
b1111110001000011 &
#8000000
09
07
08
05
0"
04
03
02
01
16
b11000 >
b1101 /
b1101 G
b0 H
b1110 .
b1110 Q
b11 R
b1 f
b1100111011101011 !
b1100111011101011 0
b1011 =
b0 \
b1110 -
b1110 [
b1111 ,
b1111 e
b1100 +
b1100 o
b110 p
b1101 *
b1101 y
b111 z
b1101 <
b0 E
b0 O
b1010 Y
b1010 c
b1110 ;
b100 X
b100 b
b1001 l
b1001 v
b11101000001101 $
b11101000001101 )
b1001010011011110 #
b1001010011011110 (
b1100011101 ""
b10011100100011001 &
#8010000
19
18
17
1"
06
12
11
b0 >
b1100 H
b111000110011101 !
b111000110011101 0
b1101 =
b1001 /
b1001 G
b1111 R
b1010 .
b1010 Q
b1 -
b1 [
b11100 \
b10 ,
b10 e
b11111 f
b110 +
b110 o
b11110 p
b111 *
b111 y
b11111 z
b0 <
b11 E
b11 O
b10 Y
b10 c
b1111 m
b1111 w
b1101 ;
b110 D
b110 N
b1111 X
b1111 b
b111 l
b111 v
b1111001000110000 $
b1111001000110000 )
b111111101101101 #
b111111101101101 (
b1100011110 ""
b1100111011101011 &
#8020000
b110 .
b110 Q
0"
b101 /
b101 G
15
02
01
14
13
b110 >
b11000 \
b11 -
b11 [
b100 ,
b100 e
b10 p
b11 z
b111010001011100 !
b111010001011100 0
b1100 =
b10000 H
b10011 R
b110 +
b110 o
b111 *
b111 y
b1 <
b1000 E
b1000 O
b101 Y
b101 c
b101 m
b101 w
b1011 ;
b1101 D
b1101 N
b1110 X
b1110 b
b1 l
b1 v
b101010110000001 $
b101010110000001 )
b1111011011011 #
b1111011011011 (
b1100011111 ""
b10111000110011101 &
#8030000
19
18
05
16
04
03
b1110000010111100 !
b1110000010111100 0
b1100 =
b11101 f
b0 p
b1101 +
b1101 o
b1110 *
b1110 y
b1010 /
b1010 G
b1000 H
b1011 .
b1011 Q
b1001 R
b0 -
b0 [
b11100 \
b1 ,
b1 e
b1110 <
b110 E
b110 O
b110 Y
b110 c
b1000 m
b1000 w
b1101 ;
b100 D
b100 N
b1010 X
b1010 b
b101 l
b101 v
b11111 >
1%
b1000011001101110 $
b1000011001101110 )
b101101001001101 #
b101101001001101 (
b1100100000 ""
b111010001011100 &
#8040000
06
15
14
13
b1 -
b1 [
b10 ,
b10 e
b11111 f
b1000 p
b1100001001001001 !
b1100001001001001 0
b1001 =
b1 >
b100 /
b100 G
b10100 H
b101 .
b101 Q
b10101 R
b1011 +
b1011 o
b1100 *
b1100 y
b1111 z
b0 <
b1010 E
b1010 O
b11 Y
b11 c
b101 m
b101 w
b1000 ;
b1010 D
b1010 N
b1110 X
b1110 b
b110 l
b110 v
b101001110100000 $
b101001110100000 )
b110111010101000 #
b110111010101000 (
b1100100001 ""
b1110000010111100 &
#8050000
15
09
1"
16
14
13
08
07
12
11
b110 +
b110 o
b111 *
b111 y
b110010100011010 !
b110010100011010 0
b1010 =
b11111 >
b0 /
b0 G
b11100 H
b1 .
b1 Q
b11101 R
b100 -
b100 [
b0 \
b101 ,
b101 e
b1 f
b10000 p
b10001 z
b1110 <
b10 E
b10 O
b100 Y
b100 c
b1000 m
b1000 w
b1011 ;
b1110 D
b1110 N
b0 X
b0 b
b1110 l
b1110 v
b1000010000101110 $
b1000010000101110 )
b1110000011101011 #
b1110000011101011 (
b1100100010 ""
b1100001001001001 &
#8060000
05
06
04
03
b11 f
b1001 +
b1001 o
b11100 p
b1010 *
b1010 y
b11111 z
b1001100111101110 !
b1001100111101110 0
b1110 =
b1110 /
b1110 G
b0 H
b1111 .
b1111 Q
b1 R
b1001 -
b1001 [
b1010 ,
b1010 e
b1101 <
b1 Y
b1 c
b1111 m
b1111 w
b1 ;
b1100 D
b1100 N
b1000 X
b1000 b
b1010 l
b1010 v
b10 >
0%
b1111000100101101 $
b1111000100101101 )
b1010100011000001 #
b1010100011000001 (
b1100100011 ""
b10110010100011010 &
#8070000
09
07
15
14
13
16
b11 /
b11 G
b11000 H
b100 .
b100 Q
b11111 R
b1000111101000110 !
b1000111101000110 0
b110 =
b1110 -
b1110 [
b1111 ,
b1111 e
b1 f
b1000 +
b1000 o
b11110 p
b1001 *
b1001 y
b1100 <
b111 E
b111 O
b1100 Y
b1100 c
b1001 m
b1001 w
b1001 ;
b10 X
b10 b
b1111 l
b1111 v
b10011 >
1%
b1001110001111100 $
b1001110001111100 )
b1111001011001001 #
b1111001011001001 (
b1100100100 ""
b11001100111101110 &
#8080000
05
03
04
0"
06
02
01
b111 R
b100 \
b1100 -
b1100 [
b101 f
b1101 ,
b1101 e
b1111 z
b1100 /
b1100 G
b110 H
b1101 .
b1101 Q
b1001 +
b1001 o
b1100 p
b1010 *
b1010 y
b1001110011001011 !
b1001110011001011 0
b1011 =
b11 <
b1001 E
b1001 O
b10 Y
b10 c
b11 m
b11 w
b1000 ;
b11 D
b11 N
b1010 X
b1010 b
b110 l
b110 v
b0 >
0%
b11001010010011 $
b11001010010011 )
b110101000111000 #
b110101000111000 (
b1100100101 ""
b11000111101000110 &
#8090000
19
15
08
17
04
13
1"
16
12
11
b101000000001101 !
b101000000001101 0
b1101 =
b1111 -
b1111 [
b0 \
b0 ,
b0 e
b11111 f
b1111 /
b1111 G
b0 H
b0 .
b0 Q
b11111 R
b100 +
b100 o
b10110 p
b101 *
b101 y
b10111 z
b1111 <
b1011 E
b1011 O
b101 Y
b101 c
b1011 m
b1011 w
b1101 ;
b100 D
b100 N
b1001 l
b1001 v
b11111 >
1%
b1011010110111111 $
b1011010110111111 )
b1001101001001101 #
b1001101001001101 (
b1100100110 ""
b1001110011001011 &
#8100000
14
18
1"
02
11
b11101 R
b0 /
b0 G
b11100 H
b1 .
b1 Q
b10 -
b10 [
b11010 \
b11011 f
b11 ,
b11 e
b1111 +
b1111 o
b0 p
b0 *
b0 y
b11111 z
b1100010100 !
b1100010100 0
b100 =
b1011 <
b10 E
b10 O
b1101 Y
b1101 c
b0 m
b0 w
b1001 ;
b1110 D
b1110 N
b101 X
b101 b
b1111 l
b1111 v
b10110 >
0%
b110100101011 $
b110100101011 )
b1111010111101001 #
b1111010111101001 (
b1100100111 ""
b10101000000001101 &
#8110000
09
0"
08
17
01
05
06
04
03
b11111 f
b1011111110111010 !
b1011111110111010 0
b1010 =
b1011 /
b1011 G
b1000 H
b1100 .
b1100 Q
b1111 R
b1111 -
b1111 [
b0 \
b0 ,
b0 e
b1011 +
b1011 o
b1100 *
b1100 y
b111 z
b11 <
b100 E
b100 O
b11 Y
b11 c
b1 m
b1 w
b110 ;
b111 D
b111 N
b1100 X
b1100 b
b1010 l
b1010 v
b1111 >
1%
b1001101000011 $
b1001101000011 )
b1010110001110110 #
b1010110001110110 (
b1100101000 ""
b10000001100010100 &
#8120000
12
1"
11
19
15
18
16
14
13
b11110010011000 !
b11110010011000 0
b1000 =
b1011 -
b1011 [
b11000 \
b1100 ,
b1100 e
b11111 z
b11111 >
b1000 /
b1000 G
b11110 H
b1001 .
b1001 Q
b11111 R
b10 +
b10 o
b11110 p
b11 *
b11 y
b1100 <
b1101 E
b1101 O
b1110 Y
b1110 c
b1111 m
b1111 w
b1011 ;
b1011 D
b1011 N
b1101 X
b1101 b
b11 l
b11 v
b1111111011011100 $
b1111111011011100 )
b11110110111011 #
b11110110111011 (
b1100101001 ""
b1011111110111010 &
#8130000
18
0"
02
01
b11101 R
b1111 z
b11100 H
b0 /
b0 G
b1 .
b1 Q
b0 -
b0 [
b11110 \
b1 ,
b1 e
b1100 p
b1101 +
b1101 o
b1110 *
b1110 y
b1110000100010011 !
b1110000100010011 0
b11 =
b1110 E
b1110 O
b101 Y
b101 c
b111 m
b111 w
b111 ;
b10 D
b10 N
b1011 X
b1011 b
b110 l
b110 v
b11000 >
0%
b111010111101100 $
b111010111101100 )
b110101100100111 #
b110101100100111 (
b1100101010 ""
b10011110010011000 &
#8140000
0"
02
01
b10000 \
b111 -
b111 [
b1000 ,
b1000 e
b111 z
b10000 >
b1100100010000011 !
b1100100010000011 0
b11 =
b10000 H
b111 /
b111 G
b11111 R
b1000 .
b1000 Q
b1011 +
b1011 o
b0 p
b1100 *
b1100 y
b1001 <
b1010 E
b1010 O
b1110 Y
b1110 c
b1010 m
b1010 w
b1010 ;
b1101 D
b1101 N
b1001 X
b1001 b
b1 l
b1 v
b1010111010101001 $
b1010111010101001 )
b1100111011010 #
b1100111011010 (
b1100101011 ""
b1110000100010011 &
#8150000
18
b110001000010100 !
b110001000010100 0
b100 =
b10110 >
b0 /
b0 G
b1 .
b1 Q
b10001 R
b1 -
b1 [
b11100 \
b10 ,
b10 e
b101 +
b101 o
b100 p
b110 *
b110 y
b1011 <
b1000 E
b1000 O
b1010 Y
b1010 c
b11 m
b11 w
b1001 ;
b1000 D
b1000 N
b111 X
b111 b
b10 l
b10 v
b11101010001011 $
b11101010001011 )
b10011110001001 #
b10011110001001 (
b1100101100 ""
b1100100010000011 &
#8160000
19
18
0"
02
01
b1010 /
b1010 G
b1011 .
b1011 Q
05
04
03
b1111000010110101 !
b1111000010110101 0
b101 =
b10000 >
b1010 H
b1011 R
b0 -
b0 [
b11110 \
b1 ,
b1 e
b1110 +
b1110 o
b10 p
b1111 *
b1111 y
b11 z
b1000 <
b101 E
b101 O
b111 Y
b111 c
b1001 m
b1001 w
b1101 ;
b101 D
b101 N
b1001 X
b1001 b
b101 l
b101 v
b1001011101011000 $
b1001011101011000 )
b101100101011101 #
b101100101011101 (
b1100101101 ""
b110001000010100 &
#8170000
1"
12
11
15
16
14
13
b10000 \
b111 -
b111 [
b1000 ,
b1000 e
b100 +
b100 o
b11110 p
b101 *
b101 y
b11111 z
b11 /
b11 G
b10000 H
b100 .
b100 Q
b10111 R
b101100001000010 !
b101100001000010 0
b10 =
b100 <
b1001 E
b1001 O
b1100 Y
b1100 c
b111 m
b111 w
b1010 D
b1010 N
b1011 X
b1011 b
b1101 l
b1101 v
b11011 >
1%
b111110010010100 $
b111110010010100 )
b1101101110101101 #
b1101101110101101 (
b1100101110 ""
b1111000010110101 &
#8180000
06
b11111 R
b10010 \
b1010 /
b1010 G
b11110 H
b1011 .
b1011 Q
b10 -
b10 [
b11 ,
b11 e
b10011 f
b111 +
b111 o
b10000 p
b1000 *
b1000 y
b1000001110101101 !
b1000001110101101 0
b1101 =
b1011 <
b1111 E
b1111 O
b1001 Y
b1001 c
b1001 m
b1001 w
b10 ;
b1011 D
b1011 N
b1001 X
b1001 b
b1110 l
b1110 v
b100 >
0%
b1001100111111011 $
b1001100111111011 )
b1110100110110010 #
b1110100110110010 (
b1100101111 ""
b10101100001000010 &
#8190000
0"
04
01
02
16
b0 H
b10000 \
b101 -
b101 [
b110 ,
b110 e
b1110 +
b1110 o
b0 p
b1 z
b1111 *
b1111 y
b1111011000000011 !
b1111011000000011 0
b11 =
b1111 /
b1111 G
b0 .
b0 Q
b1001 <
b1100 E
b1100 O
b1100 Y
b1100 c
b10 m
b10 w
b1001 ;
b11 D
b11 N
b1100 l
b1100 v
b10011 >
1%
b10110011001001 $
b10110011001001 )
b1100100100111001 #
b1100100100111001 (
b1100110000 ""
b11000001110101101 &
#8200000
05
1"
09
03
12
11
08
07
b101 -
b101 [
b110 ,
b110 e
b1001 /
b1001 G
b1000 H
b1011 R
b1010 .
b1010 Q
b100 \
b111 f
b1001 +
b1001 o
b11100 p
b1010 *
b1010 y
b11111 z
b1001010110100100 !
b1001010110100100 0
b100 =
b1011 <
b101 E
b101 O
b11 Y
b11 c
b1010 m
b1010 w
b100 D
b100 N
b10 X
b10 b
b1111 l
b1111 v
b10110 >
0%
b1010001101011011 $
b1010001101011011 )
b1111001001001001 #
b1111001001001001 (
b1100110001 ""
b1111011000000011 &
#8210000
15
19
0"
14
13
18
17
02
01
b11000 H
b100 -
b100 [
b101 ,
b101 e
b10001 f
b110010101000110 !
b110010101000110 0
b110 =
b10010 >
b11 /
b11 G
b100 .
b100 Q
b11111 R
b10000 \
b101 +
b101 o
b100 p
b110 *
b110 y
b111 z
b1001 <
b1101 E
b1101 O
b1100 Y
b1100 c
b11 m
b11 w
b1101 ;
b110 D
b110 N
b1000 X
b1000 b
b10 l
b10 v
b11110011011001 $
b11110011011001 )
b10100001101101 #
b10100001101101 (
b1100110010 ""
b11001010110100100 &
#8220000
1"
12
11
05
09
04
03
08
07
b110 /
b110 G
b0 H
b111 .
b111 Q
b1 R
b0 \
b10000 >
b100100101110011 !
b100100101110011 0
b11 =
b1001 -
b1001 [
b1010 ,
b1010 e
b11 f
b11110 p
b100 +
b100 o
b11111 z
b101 *
b101 y
b10 E
b10 O
b0 Y
b0 c
b101 m
b101 w
b1010 ;
b100 D
b100 N
b1001 X
b1001 b
b1111 l
b1111 v
b101000000101001 $
b101000000101001 )
b1111100101001010 #
b1111100101001010 (
b1100110011 ""
b110010101000110 &
#8230000
19
18
17
b111000010100011 !
b111000010100011 0
b11 R
b11110 \
b10110 p
b110 +
b110 o
b10111 z
b111 *
b111 y
b1001 /
b1001 G
b1010 .
b1010 Q
b0 -
b0 [
b11111 f
b1 ,
b1 e
b1010 <
b1001 E
b1001 O
b1001 Y
b1001 c
b1011 m
b1011 w
b1001 ;
b0 D
b0 N
b111 X
b111 b
b1011 l
b1011 v
b1011100110011010 $
b1011100110011010 )
b1011011100001001 #
b1011011100001001 (
b1100110100 ""
b10100100101110011 &
#8240000
06
b1000001101111001 !
b1000001101111001 0
b1001 =
b111 /
b111 G
b1111 R
b1000 .
b1000 Q
b11 -
b11 [
b11000 \
b100 ,
b100 e
b111 +
b111 o
b10000 p
b1000 *
b1000 y
b11111 z
b11 <
b1 E
b1 O
b111 Y
b111 c
b1000 m
b1000 w
b101 ;
b110 D
b110 N
b1100 X
b1100 b
b1111 l
b1111 v
b1111 >
1%
b1000011100010011 $
b1000011100010011 )
b1111110001100101 #
b1111110001100101 (
b1100110101 ""
b10111000010100011 &
#8250000
15
13
16
12
b1111 /
b1111 G
b0 .
b0 Q
b11111 R
b100100100000000 !
b100100100000000 0
b0 =
b11111 >
b1000 -
b1000 [
b11110 \
b1001 ,
b1001 e
b11 +
b11 o
b11000 p
b100 *
b100 y
b111 <
b1011 E
b1011 O
b1011 Y
b1011 c
b1110 m
b1110 w
b1000 ;
b100 D
b100 N
b1101 X
b1101 b
b101 l
b101 v
b1110101110110111 $
b1110101110110111 )
b101110101001000 #
b101110101001000 (
b1100110110 ""
b11000001101111001 &
#8260000
0"
01
03
02
05
06
b101 -
b101 [
b10000 \
b110 ,
b110 e
b10011 f
b1010 +
b1010 o
b1011 *
b1011 y
b11 z
b1001 /
b1001 G
b1010 .
b1010 Q
b11 R
b10 p
b1011010110010111 !
b1011010110010111 0
b111 =
b10 <
b1000 E
b1000 O
b1000 Y
b1000 c
b1 m
b1 w
b101 ;
b1 D
b1 N
b1001 l
b1001 v
b0 >
0%
b1100010000010 $
b1100010000010 )
b1001110100010101 #
b1001110100010101 (
b1100110111 ""
b10100100100000000 &
#8270000
16
1"
12
11
15
09
14
13
08
07
b100 +
b100 o
b11110 p
b101 *
b101 y
b11111 z
b100011100110001 !
b100011100110001 0
b1 =
b10 /
b10 G
b10000 H
b11 .
b11 Q
b10001 R
b110 -
b110 [
b0 \
b111 ,
b111 e
b1 f
b110 <
b1010 E
b1010 O
b110 Y
b110 c
b111 m
b111 w
b1010 ;
b1000 D
b1000 N
b0 X
b0 b
b1101 l
b1101 v
b11101 >
1%
b111011010100110 $
b111011010100110 )
b1101000010001010 #
b1101000010001010 (
b1100111000 ""
b1011010110010111 &
#8280000
19
18
17
0"
06
02
01
b10010 H
b10 /
b10 G
b11 .
b11 Q
b1001010000100001 !
b1001010000100001 0
b1 =
b10011 R
b11000 \
b11 -
b11 [
b11111 f
b100 ,
b100 e
b1000 +
b1000 o
b1100 p
b1001 *
b1001 y
b1101 z
b0 <
b1001 E
b1001 O
b100 Y
b100 c
b110 m
b110 w
b1 ;
b1001 D
b1001 N
b1111 X
b1111 b
b10 l
b10 v
b0 >
0%
b110010010010000 $
b110010010010000 )
b10111110010001 #
b10111110010001 (
b1100111001 ""
b10100011100110001 &
#8290000
05
b1010 +
b1010 o
b1011 *
b1011 y
16
04
03
b10000 >
b1010 /
b1010 G
b10 H
b1011 .
b1011 Q
b11 R
b1110 p
b1011001010110100 !
b1011001010110100 0
b100 =
b10 -
b10 [
b10000 \
b11 ,
b11 e
b10001 f
b1111 z
b1100 <
b1 E
b1 O
b1010 Y
b1010 c
b111 m
b111 w
b1000 ;
b1000 X
b1000 b
b11 l
b11 v
b111101000011100 $
b111101000011100 )
b11100010011000 #
b11100010011000 (
b1100111010 ""
b1001010000100001 &
#8300000
15
04
13
09
1"
08
07
12
11
b11111 R
b1011 -
b1011 [
b1100 ,
b1100 e
b0 H
b1111 /
b1111 G
b0 .
b0 Q
b1000 \
b1111 f
b1101 +
b1101 o
b11100 p
b1110 *
b1110 y
b11111 z
b1101110000001001 !
b1101110000001001 0
b1001 =
b1111 <
b1011 E
b1011 O
b101 Y
b101 c
b1111 m
b1111 w
b1001 ;
b100 D
b100 N
b110 X
b110 b
b1110 l
b1110 v
b11111 >
1%
b1111010110111111 $
b1111010110111111 )
b1110011001001001 #
b1110011001001001 (
b1100111011 ""
b1011001010110100 &
#8310000
05
06
03
b111 >
b1111 R
b111011110000100 !
b111011110000100 0
b100 =
b1000 /
b1000 G
b1110 H
b1001 .
b1001 Q
b111 -
b111 [
b0 \
b1000 ,
b1000 e
b111 +
b111 o
b10000 p
b1000 *
b1000 y
b11 <
b1 E
b1 O
b111 Y
b111 c
b1011 m
b1011 w
b0 ;
b111 D
b111 N
b0 X
b0 b
b1100 l
b1100 v
b1011011100010011 $
b1011011100010011 )
b1100000001110000 #
b1100000001110000 (
b1100111100 ""
b11101110000001001 &
#8320000
09
1"
15
12
14
13
07
b1001 /
b1001 G
b1010 .
b1010 Q
b11100 H
b11111 R
b1000 -
b1000 [
b1001 ,
b1001 e
b1 f
b1 +
b1 o
b11100 p
b10 *
b10 y
b1100110011001 !
b1100110011001 0
b1001 =
b1000 <
b1010 E
b1010 O
b0 Y
b0 c
b10 m
b10 w
b1 ;
b1111 D
b1111 N
b1000 X
b1000 b
b1111 l
b1111 v
b0 >
0%
b10000010101000 $
b10000010101000 )
b1111100011110001 #
b1111100011110001 (
b1100111101 ""
b10111011110000100 &
#8330000
01
0"
16
02
05
04
03
b1100 H
b1111 R
b110 \
b100 -
b100 [
b111 f
b101 ,
b101 e
b1110 +
b1110 o
b0 p
b1 z
b1111 *
b1111 y
b1110010010100010 !
b1110010010100010 0
b10 =
b1111 <
b111 E
b111 O
b1 Y
b1 c
b1010 m
b1010 w
b10 ;
b10 D
b10 N
b11 X
b11 b
b100 l
b100 v
b11111 >
1%
b1010000101111111 $
b1010000101111111 )
b100001100100010 #
b100001100100010 (
b1100111110 ""
b10001100110011001 &
#8340000
b110 .
b110 Q
19
b101 /
b101 G
15
1"
06
18
17
14
13
12
11
b1111 >
b101101001011001 !
b101101001011001 0
b1001 =
b10000 H
b10011 R
b1001 -
b1001 [
b11100 \
b1010 ,
b1010 e
b11111 f
b100 +
b100 o
b10100 p
b101 *
b101 y
b10101 z
b11 <
b1100 E
b1100 O
b1011 Y
b1011 c
b101 ;
b1001 D
b1001 N
b1110 X
b1110 b
b1010 l
b1010 v
b1010101111000011 $
b1010101111000011 )
b1010111010010101 #
b1010111010010101 (
b1100111111 ""
b1110010010100010 &
#8350000
05
16
04
03
b101 /
b101 G
b110 .
b110 Q
b100 H
b111 R
b11110 \
b100 -
b100 [
b101 ,
b101 e
b110 +
b110 o
b10000 p
b111 *
b111 y
b10001 z
b111010001101010 !
b111010001101010 0
b1010 =
b1101 <
b10 E
b10 O
b1111 Y
b1111 c
b1000 m
b1000 w
b1101 ;
b11 D
b11 N
b101 X
b101 b
b1110 l
b1110 v
b11010 >
0%
b1000111100101101 $
b1000111100101101 )
b1110010100111101 #
b1110010100111101 (
b1101000000 ""
b10101101001011001 &
#8360000
09
0"
08
07
02
11
b1111000010011100 !
b1111000010011100 0
b1100 =
b0 -
b0 [
b1 ,
b1 e
b1 f
b0 p
b1000 /
b1000 G
b0 H
b1001 .
b1001 Q
b1 R
b0 \
b1111 +
b1111 o
b0 *
b0 y
b11111 z
b1110 <
b1000 E
b1000 O
b0 Y
b0 c
b110 m
b110 w
b0 D
b0 N
b0 X
b0 b
b1001 l
b1001 v
b11111 >
1%
b110000010001110 $
b110000010001110 )
b1001000000001101 #
b1001000000001101 (
b1101000001 ""
b10111010001101010 &
#8370000
15
14
13
b0 /
b0 G
b1 .
b1 Q
1"
12
b1000111000010101 !
b1000111000010101 0
b101 =
b11000 H
b11001 R
b11 f
b1000 +
b1000 o
b11110 p
b1001 *
b1001 y
b1101 -
b1101 [
b1110 ,
b1110 e
b111 <
b100 E
b100 O
b1 Y
b1 c
b1101 m
b1101 w
b1100 D
b1100 N
b1100 X
b1100 b
b1011 l
b1011 v
b1101000101000111 $
b1101000101000111 )
b1011110011001101 #
b1011110011001101 (
b1101000010 ""
b1111000010011100 &
#8380000
06
19
18
17
b110 /
b110 G
b111 .
b111 Q
b11110 H
b1 -
b1 [
b11000 \
b10 ,
b10 e
b11011 f
b10111 z
b11111 R
b11 +
b11 o
b10000 p
b100 *
b100 y
b100001001101110 !
b100001001101110 0
b1110 =
b1100 <
b111 E
b111 O
b1100 Y
b1100 c
b1011 m
b1011 w
b10 ;
b1111 D
b1111 N
b101 X
b101 b
b1000 l
b1000 v
b0 >
0%
b1011110001111100 $
b1011110001111100 )
b1000010111110010 #
b1000010111110010 (
b1101000011 ""
b11000111000010101 &
#8390000
09
05
1"
08
07
04
03
12
11
b1000 -
b1000 [
b1110 \
b1001 ,
b1001 e
b1111 f
b1011 /
b1011 G
b1000 H
b1100 .
b1100 Q
b1111 R
b11 +
b11 o
b11000 p
b100 *
b100 y
b11111 z
b11100010111001 !
b11100010111001 0
b1001 =
b1 <
b11 Y
b11 c
b1101 m
b1101 w
b111 ;
b100 D
b100 N
b110 l
b110 v
b1111 >
1%
b1101001101110001 $
b1101001101110001 )
b110010101000111 #
b110010101000111 (
b1101000100 ""
b10100001001101110 &
#8400000
19
06
18
17
b1010 /
b1010 G
b1011 .
b1011 Q
b1001 R
b10000 p
b10001 z
b111000110101010 !
b111000110101010 0
b1010 =
b11 >
b1 -
b1 [
b11100 \
b10 ,
b10 e
b11111 f
b110 +
b110 o
b111 *
b111 y
b0 <
b110 E
b110 O
b110 Y
b110 c
b1000 m
b1000 w
b1001 ;
b1011 X
b1011 b
b1110 l
b1110 v
b1000011001100000 $
b1000011001100000 )
b1110101101001001 #
b1110101101001001 (
b1101000101 ""
b10011100010111001 &
#8410000
0"
15
16
02
01
14
13
b1001 -
b1001 [
b1010 ,
b1010 e
b100 p
b111 z
b1110101010100111 !
b1110101010100111 0
b111 =
b10001 >
b1001 /
b1001 G
b11100 H
b1010 .
b1010 Q
b11111 R
b1101 +
b1101 o
b1110 *
b1110 y
b1110 <
b1111 E
b1111 O
b1110 Y
b1110 c
b11 m
b11 w
b1000 ;
b1010 D
b1010 N
b1010 l
b1010 v
b11111011111110 $
b11111011111110 )
b1010101110101000 #
b1010101110101000 (
b1101000110 ""
b10111000110101010 &
#8420000
1"
12
11
16
b11001 R
b1 +
b1 o
b11100 p
b10 *
b10 y
b11111 z
b10111010110110 !
b10111010110110 0
b110 =
b11111 >
b11000 H
b1010 /
b1010 G
b1011 .
b1011 Q
b1101 -
b1101 [
b1110 ,
b1110 e
b111 <
b1110 E
b1110 O
b1111 Y
b1111 c
b110 m
b110 w
b1110 ;
b1100 D
b1100 N
b1110 X
b1110 b
b1011 l
b1011 v
b110111111100111 $
b110111111100111 )
b1011111011001110 #
b1011111011001110 (
b1101000111 ""
b1110101010100111 &
#8430000
15
04
13
09
0"
08
07
02
01
b0 H
b11111 R
b1111 f
b1111 /
b1111 G
b0 .
b0 Q
b1110 \
b1010 -
b1010 [
b1011 ,
b1011 e
b11 +
b11 o
b0 p
b100 *
b100 y
b111 z
b11101100000001 !
b11101100000001 0
b1 =
b1111 <
b1001 E
b1001 O
b111 Y
b111 c
b1 m
b1 w
b10 ;
b110 D
b110 N
b11 X
b11 b
b10 l
b10 v
b11100 >
0%
b1011110011111 $
b1011110011111 )
b10001101100010 #
b10001101100010 (
b1101001000 ""
b10010111010110110 &
#8440000
03
05
16
1"
19
12
11
18
17
b1110 /
b1110 G
b1111 .
b1111 Q
b1 R
b10111 z
b0 -
b0 [
b11100 \
b1 ,
b1 e
b11101 f
b110 +
b110 o
b10110 p
b111 *
b111 y
b111000011110000 !
b111000011110000 0
b0 =
b1101 <
b110 E
b110 O
b110 Y
b110 c
b1011 m
b1011 w
b1000 D
b1000 N
b1010 X
b1010 b
b1011 l
b1011 v
b11111 >
1%
b1011011001101101 $
b1011011001101101 )
b1011101010000010 #
b1011101010000010 (
b1101001001 ""
b11101100000001 &
#8450000
15
13
09
08
07
b1010 +
b1010 o
b1011 *
b1011 y
b1010111100000000 !
b1010111100000000 0
b1110 -
b1110 [
b0 \
b1111 ,
b1111 e
b1 f
b1111 /
b1111 G
b0 .
b0 Q
b11111 R
b11010 p
b11011 z
b1110 <
b1010 E
b1010 O
b1100 Y
b1100 c
b1101 m
b1101 w
b1 ;
b101 D
b101 N
b10 X
b10 b
b1101 l
b1101 v
b1101110010101110 $
b1101110010101110 )
b1101001001010001 #
b1101001001010001 (
b1101001010 ""
b10111000011110000 &
#8460000
05
06
b11011011111001 !
b11011011111001 0
b1001 =
b1111 >
b110 -
b110 [
b111 ,
b111 e
b11000 p
b11 +
b11 o
b11111 z
b100 *
b100 y
b1 <
b1101 E
b1101 O
b110 Y
b110 c
b1100 m
b1100 w
b111 ;
b10 D
b10 N
b0 X
b0 b
b111 l
b111 v
b1100011011010001 $
b1100011011010001 )
b111000000100111 #
b111000000100111 (
b1101001011 ""
b11010111100000000 &
#8470000
19
18
17
15
16
14
b10000 p
b111010011110111 !
b111010011110111 0
b111 =
b11111 >
b1110 /
b1110 G
b11110 H
b1111 .
b1111 Q
b11 -
b11 [
b11000 \
b100 ,
b100 e
b11111 f
b110 +
b110 o
b10001 z
b111 *
b111 y
b111 <
b1111 E
b1111 O
b1111 Y
b1111 c
b1010 m
b1010 w
b1111 ;
b1111 D
b1111 N
b100 X
b100 b
b1100 l
b1100 v
b1010111111110111 $
b1010111111110111 )
b1100010011111111 #
b1100010011111111 (
b1101001100 ""
b10011011011111001 &
#8480000
05
04
03
09
1"
08
07
06
12
11
b0 H
b11 R
b1010 -
b1010 [
b1000 \
b1011 ,
b1011 e
b1001 f
b1101 /
b1101 G
b1110 .
b1110 Q
b100 +
b100 o
b11110 p
b101 *
b101 y
b11111 z
b100101011011100 !
b100101011011100 0
b1100 =
b101 <
b1000 E
b1000 O
b110 Y
b110 c
b1101 m
b1101 w
b111 ;
b101 D
b101 N
b111 l
b111 v
b1110 >
0%
b1101011010000101 $
b1101011010000101 )
b111010001010111 #
b111010001010111 (
b1101001101 ""
b10111010011110111 &
#8490000
16
b11100 p
b1100010000000 !
b1100010000000 0
b0 =
b11000 >
b111 /
b111 G
b1000 .
b1000 Q
b1111 R
b1000 -
b1000 [
b1100 \
b1001 ,
b1001 e
b1101 f
b1 +
b1 o
b10 *
b10 y
b1100 <
b100 E
b100 O
b10 Y
b10 c
b110 m
b110 w
b100 ;
b11 D
b11 N
b110 X
b110 b
b1011 l
b1011 v
b110001001001100 $
b110001001001100 )
b1011011000110100 #
b1011011000110100 (
b1101001110 ""
b10100101011011100 &
#8500000
0"
01
02
14
15
19
13
18
17
b0 p
b1111011000010010 !
b1111011000010010 0
b10 =
b11000 H
b0 /
b0 G
b1 .
b1 Q
b11001 R
b101 -
b101 [
b11100 \
b110 ,
b110 e
b11111 f
b1110 +
b1110 o
b1111 *
b1111 y
b1 z
b1000 <
b111 Y
b111 c
b1000 m
b1000 w
b1001 ;
b1100 D
b1100 N
b1110 X
b1110 b
b110 l
b110 v
b10011 >
1%
b1000011101001000 $
b1000011101001000 )
b110111011001001 #
b110111011001001 (
b1101001111 ""
b10001100010000000 &
#8510000
1"
06
12
11
b101101001001100 !
b101101001001100 0
b1100 =
b11110 H
b1001 -
b1001 [
b11011 f
b1010 ,
b1010 e
b100 /
b100 G
b11111 R
b101 .
b101 Q
b11000 \
b100 +
b100 o
b10100 p
b101 *
b101 y
b10101 z
b100 <
b101 E
b101 O
b1100 Y
b1100 c
b1010 m
b1010 w
b1000 ;
b1111 D
b1111 N
b1101 X
b1101 b
b1010 l
b1010 v
b0 >
0%
b1010110001010100 $
b1010110001010100 )
b1010110111111000 #
b1010110111111000 (
b1101010000 ""
b1111011000010010 &
#8520000
05
04
0"
02
01
b101 -
b101 [
b10000 \
b110 ,
b110 e
b10011 f
b1111 /
b1111 G
b0 H
b0 .
b0 Q
b1100 +
b1100 o
b0 p
b1101 *
b1101 y
b1 z
b1101010111111111 !
b1101010111111111 0
b1111 =
b110 <
b1 E
b1 O
b1000 Y
b1000 c
b1000 m
b1000 w
b1110 D
b1110 N
b100 l
b100 v
b1 >
1%
b1000100000010110 $
b1000100000010110 )
b100110111101000 #
b100110111101000 (
b1101010001 ""
b10101101001001100 &
#8530000
15
09
16
14
08
07
b1101110001100011 !
b1101110001100011 0
b11 =
b10001 >
b10100 H
b0 \
b101 /
b101 G
b110 .
b110 Q
b10111 R
b1011 -
b1011 [
b111 f
b1100 ,
b1100 e
b1101 +
b1101 o
b1110 *
b1110 y
b11 z
b1000 <
b1010 E
b1010 O
b0 Y
b0 c
b100 m
b100 w
b1010 ;
b1011 D
b1011 N
b1011 X
b1011 b
b1001 l
b1001 v
b100000010101000 $
b100000010101000 )
b1001101110111010 #
b1001101110111010 (
b1101010010 ""
b1101010111111111 &
#8540000
19
18
17
05
06
04
03
b1010 /
b1010 G
b1011 .
b1011 Q
b11000 \
b1111 z
b1000000110100101 !
b1000000110100101 0
b101 =
b1010 H
b1011 R
b1 -
b1 [
b10 ,
b10 e
b11011 f
b111 +
b111 o
b1000 *
b1000 y
b1 <
b101 E
b101 O
b101 Y
b101 c
b11 m
b11 w
b100 ;
b101 D
b101 N
b1100 X
b1100 b
b100 l
b100 v
b0 >
0%
b11010101010001 $
b11010101010001 )
b100110001010100 #
b100110001010100 (
b1101010011 ""
b1101110001100011 &
#8550000
16
15
1"
12
14
13
11
b10000 \
b1 /
b1 G
b11000 H
b10 .
b10 Q
b11011 R
b111 -
b111 [
b1000 ,
b1000 e
b11111 f
b1101 +
b1101 o
b11100 p
b1110 *
b1110 y
b11111 z
b1110100000100010 !
b1110100000100010 0
b10 =
b11 <
b100 E
b100 O
b1000 Y
b1000 c
b1110 m
b1110 w
b1110 ;
b1101 D
b1101 N
b1111 X
b1111 b
b1111 l
b1111 v
b11111 >
1%
b1110100001000011 $
b1110100001000011 )
b1111111111011110 #
b1111111111011110 (
b1101010100 ""
b1000000110100101 &
#8560000
05
04
03
09
0"
07
02
01
08
b110011111100000 !
b110011111100000 0
b0 =
b1111 f
b110 +
b110 o
b110 p
b111 *
b111 y
b111 z
b1101 /
b1101 G
b0 H
b1110 .
b1110 Q
b11 R
b0 \
b1001 <
b101 E
b101 O
b11 Y
b11 c
b11 m
b11 w
b111 ;
b1000 D
b1000 N
b100 X
b100 b
b11 l
b11 v
b11110 >
0%
b11001101011001 $
b11001101011001 )
b11010010000111 #
b11010010000111 (
b1101010101 ""
b11110100000100010 &
#8570000
06
19
18
15
1"
14
13
17
12
11
b1001 /
b1001 G
b11100 H
b1010 .
b1010 Q
b11011 f
b10001 z
b11111 R
b10 -
b10 [
b11010 \
b11 ,
b11 e
b10000 p
b10 +
b10 o
b11 *
b11 y
b11001110011111 !
b11001110011111 0
b1111 =
b101 <
b1011 E
b1011 O
b1101 Y
b1101 c
b1010 m
b1010 w
b1001 ;
b1110 D
b1110 N
b101 X
b101 b
b1000 l
b1000 v
b11 >
1%
b1010110110110101 $
b1010110110110101 )
b1000010111101001 #
b1000010111101001 (
b1101010110 ""
b110011111100000 &
#8580000
19
18
17
0"
02
01
b1111 >
b111001000011001 !
b111001000011001 0
b1001 =
b1 /
b1 G
b10 .
b10 Q
b1 -
b1 [
b11100 \
b10 ,
b10 e
b11111 f
b110 +
b110 o
b10 p
b111 *
b111 y
b11 z
b111 <
b1110 E
b1110 O
b11 Y
b11 c
b1 m
b1 w
b1 ;
b11 D
b11 N
b1110 X
b1110 b
b101 l
b101 v
b1001111100111 $
b1001111100111 )
b101111000110001 #
b101111000110001 (
b1101010111 ""
b10011001110011111 &
#8590000
05
04
03
1"
09
12
11
16
08
07
b111 R
b1001001011001010 !
b1001001011001010 0
b1010 =
b11111 >
b1011 /
b1011 G
b0 H
b1100 .
b1100 Q
b10 -
b10 [
b0 \
b11 ,
b11 e
b1 f
b1001 +
b1001 o
b11100 p
b1010 *
b1010 y
b11111 z
b1111 <
b1011 E
b1011 O
b10 Y
b10 c
b1111 m
b1111 w
b1010 ;
b0 D
b0 N
b0 X
b0 b
b1010 l
b1010 v
b1111001010111111 $
b1111001010111111 )
b1010000000001010 #
b1010000000001010 (
b1101011000 ""
b111001000011001 &
#8600000
b1111 R
b111 -
b111 [
b1111 f
b1000 ,
b1000 e
b1001 /
b1001 G
b1100 H
b1010 .
b1010 Q
b1101 +
b1101 o
b1110 *
b1110 y
b1101011110100011 !
b1101011110100011 0
b11 =
b111 <
b110 E
b110 O
b101 Y
b101 c
b1100 ;
b11 D
b11 N
b10 X
b10 b
b1110 l
b1110 v
b11000 >
0%
b1111010101100111 $
b1111010101100111 )
b1110001000111100 #
b1110001000111100 (
b1101011001 ""
b11001001011001010 &
#8610000
18
0"
19
02
01
15
14
13
17
b1 /
b1 G
b11100 H
b10 .
b10 Q
b11111 R
b11100 \
b1 -
b1 [
b10 ,
b10 e
b11111 f
b111 z
b110 p
b1100 +
b1100 o
b1101 *
b1101 y
b1101001000100100 !
b1101001000100100 0
b100 =
b1000 <
b1010 E
b1010 O
b1011 Y
b1011 c
b1001 m
b1001 w
b1011 ;
b111 D
b111 N
b110 X
b110 b
b11 l
b11 v
b10111 >
1%
b1001101110101000 $
b1001101110101000 )
b11011001111011 #
b11011001111011 (
b1101011010 ""
b11101011110100011 &
#8620000
05
09
03
07
04
08
b1110 .
b1110 Q
b1110 ,
b1110 e
b1101 /
b1101 G
b1101 -
b1101 [
b1101110111101010 !
b1101110111101010 0
b1010 =
b11111 >
b11 R
b11 f
b100 p
b1101 +
b1101 o
b1110 *
b1110 y
b0 H
b0 \
b1111 <
b1100 E
b1100 O
b101 Y
b101 c
b10 m
b10 w
b1010 ;
b1 D
b1 N
b1000 X
b1000 b
b1011 l
b1011 v
b10010111001111 $
b10010111001111 )
b1011100000011010 #
b1011100000011010 (
b1101011011 ""
b1101001000100100 &
#8630000
15
14
13
06
b101011100000110 !
b101011100000110 0
b110 =
b111 >
b0 /
b0 G
b11000 H
b1 .
b1 Q
b11001 R
b10 \
b110 -
b110 [
b111 ,
b111 e
b101 +
b101 o
b110 *
b110 y
b11 <
b1 Y
b1 c
b10 ;
b100 D
b100 N
b101 X
b101 b
b11 l
b11 v
b10000111000011 $
b10000111000011 )
b11010101000010 #
b11010101000010 (
b1101011100 ""
b1101110111101010 &
#8640000
05
06
04
03
19
1"
18
17
12
11
b1 >
b1000010111101111 !
b1000010111101111 0
b1111 =
b101 -
b101 [
b10000 \
b110 ,
b110 e
b10011 f
b1110 /
b1110 G
b0 H
b1111 .
b1111 Q
b1 R
b111 +
b111 o
b10000 p
b1000 *
b1000 y
b11111 z
b1100 <
b110 E
b110 O
b1000 Y
b1000 c
b1011 m
b1011 w
b1000 D
b1000 N
b1101 X
b1101 b
b1100 l
b1100 v
b1011100001101100 $
b1011100001101100 )
b1100110110000010 #
b1100110110000010 (
b1101011101 ""
b101011100000110 &
#8650000
0"
01
15
19
14
13
18
17
02
b1111011010111101 !
b1111011010111101 0
b1101 =
b1011 /
b1011 G
b11000 H
b1100 .
b1100 Q
b11111 R
b101 -
b101 [
b11100 \
b110 ,
b110 e
b11111 f
b1110 +
b1110 o
b110 p
b111 z
b1111 *
b1111 y
b100 <
b1100 E
b1100 O
b1111 Y
b1111 c
b1000 ;
b1111 D
b1111 N
b110 X
b110 b
b11 l
b11 v
b1011111111000100 $
b1011111111000100 )
b11011011111000 #
b11011011111000 (
b1101011110 ""
b11000010111101111 &
#8660000
09
07
08
05
16
04
03
b10001 >
b1001 /
b1001 G
b1100 H
b1010 .
b1010 Q
b1111 R
b11 f
b101111010100111 !
b101111010100111 0
b111 =
b1110 -
b1110 [
b10 \
b1111 ,
b1111 e
b101 +
b101 o
b100 p
b110 *
b110 y
b1100 <
b11 E
b11 O
b1 Y
b1 c
b11 m
b11 w
b1010 ;
b110 D
b110 N
b1101 X
b1101 b
b10 l
b10 v
b11000100111100 $
b11000100111100 )
b10110101101010 #
b10110101101010 (
b1101011111 ""
b1111011010111101 &
#8670000
b1010100001110111 !
b1010100001110111 0
b110 /
b110 G
b0 H
b1 R
b111 .
b111 Q
b1110 \
b1111 f
b0 p
b1010 +
b1010 o
b1 z
b1011 *
b1011 y
b1000 -
b1000 [
b1001 ,
b1001 e
b1111 <
b100 E
b100 O
b111 Y
b111 c
b1000 m
b1000 w
b1000 ;
b10 D
b10 N
b1 X
b1 b
b10000 >
0%
b1000011101001111 $
b1000011101001111 )
b10000100101000 #
b10000100101000 (
b1101100000 ""
b101111010100111 &
#8680000
09
16
08
07
b11111011110001 !
b11111011110001 0
b1 =
b1110 /
b1110 G
b1111 .
b1111 Q
b1110 -
b1110 [
b1111 ,
b1111 e
b1 f
b11 +
b11 o
b111 z
b100 *
b100 y
b0 \
b101 <
b1100 E
b1100 O
b1100 Y
b1100 c
b1 m
b1 w
b1011 ;
b10 X
b10 b
b11111 >
1%
b1110011000101 $
b1110011000101 )
b10001000101011 #
b10001000101011 (
b1101100001 ""
b1010100001110111 &
#8690000
15
19
06
14
13
18
17
1"
12
11
b10000 p
b1 /
b1 G
b11000 H
b10 .
b10 Q
b11011 R
b11 -
b11 [
b11000 \
b100 ,
b100 e
b11111 f
b100 +
b100 o
b101 *
b101 y
b10001 z
b101010000011010 !
b101010000011010 0
b1010 =
b0 <
b100 E
b100 O
b1101 Y
b1101 c
b1000 m
b1000 w
b1010 ;
b1101 D
b1101 N
b110 X
b110 b
b1100 l
b1100 v
b0 >
0%
b1000110101000000 $
b1000110101000000 )
b1100011011011010 #
b1100011011011010 (
b1101100010 ""
b11111011110001 &
#8700000
16
09
07
08
1"
12
11
b1010 /
b1010 G
b1011 .
b1011 Q
b11001 R
b1001 -
b1001 [
b0 \
b1010 ,
b1010 e
b11 f
b0 +
b0 o
b11110 p
b1 *
b1 y
b11111 z
b101010110001 !
b101010110001 0
b1 =
b10 <
b1110 E
b1110 O
b1000 Y
b1000 c
b1011 m
b1011 w
b1110 ;
b1100 D
b1100 N
b1 X
b1 b
b101 l
b101 v
b11101 >
1%
b1011100011100010 $
b1011100011100010 )
b101000111001110 #
b101000111001110 (
b1101100011 ""
b10101010000011010 &
#8710000
19
18
17
06
05
04
03
b0 H
b11110 \
b1000000001011110 !
b1000000001011110 0
b1110 =
b111 >
b101 /
b101 G
b110 .
b110 Q
b11 R
b0 -
b0 [
b11111 f
b1 ,
b1 e
b10000 p
b111 +
b111 o
b1000 *
b1000 y
b1011 <
b0 E
b0 O
b1001 Y
b1001 c
b1111 m
b1111 w
b10 ;
b101 D
b101 N
b111 X
b111 b
b1000 l
b1000 v
b1111100100001011 $
b1111100100001011 )
b1000011101010010 #
b1000011101010010 (
b1101100100 ""
b10000101010110001 &
#8720000
15
14
13
16
b11000 H
b11011 R
b101 +
b101 o
b110 *
b110 y
b10011 z
b110010000101001 !
b110010000101001 0
b1001 =
b11001 >
b1 /
b1 G
b10 .
b10 Q
b10000 \
b11 -
b11 [
b10111 f
b100 ,
b100 e
b1100 <
b101 E
b101 O
b1000 m
b1000 w
b1100 ;
b1100 D
b1100 N
b1010 X
b1010 b
b1101 l
b1101 v
b1000100101011100 $
b1000100101011100 )
b1101101011001100 #
b1101101011001100 (
b1101100101 ""
b11000000001011110 &
#8730000
19
1"
05
06
18
17
12
11
04
03
b0 -
b0 [
b11100 \
b1 ,
b1 e
b11101 f
b1 +
b1 o
b11100 p
b10 *
b10 y
b10000001110111 !
b10000001110111 0
b111 =
b1 >
b111 /
b111 G
b0 H
b1000 .
b1000 Q
b1111 R
b11111 z
b110 <
b11 E
b11 O
b110 Y
b110 c
b11 m
b11 w
b0 ;
b100 D
b100 N
b1110 l
b1110 v
b11011000110110 $
b11011000110110 )
b1110101001000000 #
b1110101001000000 (
b1101100110 ""
b10110010000101001 &
#8740000
09
08
07
0"
03
02
01
b0 \
b1110 /
b1110 G
b1111 .
b1111 Q
b1 R
b1011 -
b1011 [
b1100 ,
b1100 e
b111 f
b111 +
b111 o
b0 p
b1000 *
b1000 y
b1111 z
b111101111101010 !
b111101111101010 0
b1010 =
b101 <
b110 E
b110 O
b0 Y
b0 c
b0 m
b0 w
b101 ;
b1000 D
b1000 N
b1011 X
b1011 b
b111 l
b111 v
b1010 >
0%
b1100101 $
b1100101 )
b111101110000101 #
b111101110000101 (
b1101100111 ""
b10010000001110111 &
#8750000
19
18
17
16
b110 -
b110 [
b10110 \
b111 ,
b111 e
b10111 f
b101011001111000 !
b101011001111000 0
b1000 =
b110 H
b110 /
b110 G
b111 R
b111 .
b111 Q
b100 +
b100 o
b101 *
b101 y
b1 z
b1001 <
b11 E
b11 O
b1011 Y
b1011 c
b1110 ;
b11 D
b11 N
b100 l
b100 v
b11111 >
1%
b101100111001 $
b101100111001 )
b100101100111110 #
b100101100111110 (
b1101101000 ""
b111101111101010 &
#8760000
15
09
14
13
08
07
b11110 H
b11111 R
b1001 -
b1001 [
b0 \
b1010 ,
b1010 e
b11 f
b100 p
b101 z
b1000 /
b1000 G
b1001 .
b1001 Q
b1100 +
b1100 o
b1101 *
b1101 y
b1100101010011001 !
b1100101010011001 0
b1001 =
b1011 <
b1111 E
b1111 O
b0 Y
b0 c
b10 m
b10 w
b1001 D
b1001 N
b1001 X
b1001 b
b1010 l
b1010 v
b11100 >
0%
b10000011111011 $
b10000011111011 )
b1010100110011110 #
b1010100110011110 (
b1101101001 ""
b101011001111000 &
#8770000
1"
06
12
11
b1101 -
b1101 [
b1110 ,
b1110 e
b0 >
b1111000111001 !
b1111000111001 0
b1001 =
b11000 H
b11 /
b11 G
b100 .
b100 Q
b1 +
b1 o
b11100 p
b10 *
b10 y
b11111 z
b1001 <
b101 Y
b101 c
b1011 m
b1011 w
b0 ;
b100 D
b100 N
b1000 X
b1000 b
b110 l
b110 v
b1011010111111001 $
b1011010111111001 )
b110100001000000 #
b110100001000000 (
b1101101010 ""
b1100101010011001 &
#8780000
16
0"
02
01
19
18
17
b11011 R
b1001 -
b1001 [
b11100 \
b1010 ,
b1010 e
b1001 /
b1001 G
b1010 .
b1010 Q
b11111 f
b1011 +
b1011 o
b0 p
b1100 *
b1100 y
b111 z
b1100101010100100 !
b1100101010100100 0
b100 =
b100 <
b1100 E
b1100 O
b1111 Y
b1111 c
b0 m
b0 w
b1111 ;
b1101 D
b1101 N
b1010 X
b1010 b
b1011 l
b1011 v
b11111 >
1%
b111111000100 $
b111111000100 )
b1011101011011111 #
b1011101011011111 (
b1101101011 ""
b10001111000111001 &
#8790000
15
04
13
09
08
07
b10001100001010 !
b10001100001010 0
b1010 =
b0 H
b11 f
b10 p
b1111 /
b1111 G
b0 .
b0 Q
b11111 R
b10 -
b10 [
b10 \
b11 ,
b11 e
b10 +
b10 o
b11 z
b11 *
b11 y
b1100 <
b0 E
b0 O
b1 Y
b1 c
b1 m
b1 w
b1110 ;
b1111 D
b1111 N
b1 X
b1 b
b1 l
b1 v
b11000 >
0%
b1000100001100 $
b1000100001100 )
b1000111111110 #
b1000111111110 (
b1101101100 ""
b1100101010100100 &
#8800000
14
b1100011100100110 !
b1100011100100110 0
b110 =
b10000 >
b1 /
b1 G
b11100 H
b10 .
b10 Q
b110 -
b110 [
b111 ,
b111 e
b1100 +
b1100 o
b1 z
b1101 *
b1101 y
b0 p
b1000 <
b1110 E
b1110 O
b101 Y
b101 c
b1100 m
b1100 w
b11 D
b11 N
b0 l
b0 v
b1100010111101000 $
b1100010111101000 )
b100111110 #
b100111110 (
b1101101101 ""
b10001100001010 &
#8810000
b1010 -
b1010 [
b1011 ,
b1011 e
1"
06
12
11
b11011 R
b11000 H
b1 /
b1 G
b10 .
b10 Q
b1110 \
b1111 f
b111 +
b111 o
b10000 p
b1000 *
b1000 y
b11111 z
b111101100010001 !
b111101100010001 0
b1 =
b0 <
b1100 E
b1100 O
b111 Y
b111 c
b1011 m
b1011 w
b0 ;
b101 D
b101 N
b11 X
b11 b
b1100 l
b1100 v
b1 >
1%
b1011011111000000 $
b1011011111000000 )
b1100001101010000 #
b1100001101010000 (
b1101101110 ""
b1100011100100110 &
#8820000
05
04
03
b1100 /
b1100 G
b1101 .
b1101 Q
b1001 f
b11101 z
b111 >
b1000101011001100 !
b1000101011001100 0
b1100 =
b110 H
b111 R
b1000 \
b1010 -
b1010 [
b1011 ,
b1011 e
b1000 +
b1000 o
b11100 p
b1001 *
b1001 y
b1000 <
b1011 E
b1011 O
b100 Y
b100 c
b1010 m
b1010 w
b11 ;
b1 D
b1 N
b110 X
b110 b
b1110 l
b1110 v
b1010010010111000 $
b1010010010111000 )
b1110011000010011 #
b1110011000010011 (
b1101101111 ""
b10111101100010001 &
#8830000
05
04
03
0"
19
02
01
16
18
17
b1101 /
b1101 G
b0 H
b1110 .
b1110 Q
b11 R
b1011 -
b1011 [
b11000 \
b1100 ,
b1100 e
b11111 f
b100 +
b100 o
b110 p
b101 *
b101 y
b111 z
b101101111101011 !
b101101111101011 0
b1011 =
b1101 <
b1 E
b1 O
b1100 Y
b1100 c
b1 m
b1 w
b1110 ;
b1100 D
b1100 N
b1111 X
b1111 b
b11 l
b11 v
b11000 >
0%
b1110000011101 $
b1110000011101 )
b11111111001110 #
b11111111001110 (
b1101110000 ""
b11000101011001100 &
#8840000
b1010 /
b1010 G
b1 R
b1011 .
b1011 Q
b11 -
b11 [
b100 ,
b100 e
b10 +
b10 o
b10 p
b11 *
b11 y
b11 z
b11001110110100 !
b11001110110100 0
b100 =
b1010 <
b1000 E
b1000 O
b1110 Y
b1110 c
b1001 ;
b10 D
b10 N
b101 X
b101 b
b1 l
b1 v
b10111 >
1%
b1111010001010 $
b1111010001010 )
b1010100101001 #
b1010100101001 (
b1101110001 ""
b101101111101011 &
#8850000
b1111000111111000 !
b1111000111111000 0
b1000 =
b11111 >
b1 -
b1 [
b10 ,
b10 e
b11011 f
b1110 +
b1110 o
b1111 *
b1111 y
b1110 /
b1110 G
b1111 .
b1111 Q
b110 p
b111 z
b1111 <
b0 E
b0 O
b100 Y
b100 c
b1011 m
b1011 w
b1000 ;
b1110 D
b1110 N
b1101 X
b1101 b
b11 l
b11 v
b1011010000001111 $
b1011010000001111 )
b11110111101000 #
b11110111101000 (
b1101110010 ""
b11001110110100 &
#8860000
0"
09
02
01
08
07
06
b1101101010110111 !
b1101101010110111 0
b111 =
b1 >
b111 R
b1101 +
b1101 o
b0 p
b1110 *
b1110 y
b11 z
b1011 /
b1011 G
b1100 .
b1100 Q
b1010 -
b1010 [
b0 \
b1011 ,
b1011 e
b1 f
b110 <
b1001 E
b1001 O
b1000 Y
b1000 c
b100 m
b100 w
b0 ;
b10 D
b10 N
b10 X
b10 b
b1001 l
b1001 v
b100100010010110 $
b100100010010110 )
b1001001000100000 #
b1001001000100000 (
b1101110011 ""
b1111000111111000 &
#8870000
17
11
b1100 H
b1001 /
b1001 G
b1010 .
b1010 Q
b1111 R
b1111 -
b1111 [
b0 ,
b0 e
b11111 f
b1111 +
b1111 o
b0 *
b0 y
b11111 z
b1111111110010100 !
b1111111110010100 0
b100 =
b11 <
b10 E
b10 O
b110 Y
b110 c
b0 m
b0 w
b1 ;
b111 D
b111 N
b1001 X
b1001 b
b1111 l
b1111 v
b110 >
0%
b11000100011 $
b11000100011 )
b1111100101110001 #
b1111100101110001 (
b1101110100 ""
b1101101010110111 &
#8880000
19
1"
16
18
12
b110101011010100 !
b110101011010100 0
b10110 >
b11011 f
b10000 p
b1100 /
b1100 G
b1101 .
b1101 Q
b1101 R
b1010 -
b1010 [
b11010 \
b1011 ,
b1011 e
b101 +
b101 o
b110 *
b110 y
b10011 z
b1011 <
b110 E
b110 O
b1101 Y
b1101 c
b1000 m
b1000 w
b1001 ;
b110 D
b110 N
b1101 X
b1101 b
b1101 l
b1101 v
b1000110101101011 $
b1000110101101011 )
b1101110101101001 #
b1101110101101001 (
b1101110101 ""
b1111111110010100 &
#8890000
b1000 /
b1000 G
b1001 .
b1001 Q
15
06
14
13
b1010 -
b1010 [
b1011 ,
b1011 e
b11001 f
b1010 +
b1010 o
b11010 p
b1011 *
b1011 y
b11011 z
b1011101110000101 !
b1011101110000101 0
b101 =
b0 >
b11000 H
b11001 R
b11000 \
b0 <
b1100 E
b1100 O
b1110 Y
b1110 c
b1101 m
b1101 w
b101 ;
b1100 D
b1100 N
b1100 X
b1100 b
b1101111011000000 $
b1101111011000000 )
b1101110011000101 #
b1101110011000101 (
b1101110110 ""
b10110101011010100 &
#8900000
09
16
08
07
0"
02
01
b1000 /
b1000 G
b11110 H
b1001 .
b1001 Q
b100 +
b100 o
b101 *
b101 y
b100110110010101 !
b100110110010101 0
b101 =
b11111 R
b0 \
b1100 -
b1100 [
b1 f
b1101 ,
b1101 e
b110 p
b111 z
b111 <
b1011 E
b1011 O
b1100 Y
b1100 c
b11 m
b11 w
b1101 ;
b1101 D
b1101 N
b0 X
b0 b
b1 l
b1 v
b11111 >
1%
b11110010110111 $
b11110010110111 )
b1000011011101 #
b1000011011101 (
b1101110111 ""
b11011101110000101 &
#8910000
19
17
b1111 -
b1111 [
b11111 f
b0 ,
b0 e
b1111 z
b1000000000010011 !
b1000000000010011 0
b11 =
b0 /
b0 G
b10000 H
b1 .
b1 Q
b10001 R
b111 +
b111 o
b0 p
b1000 *
b1000 y
b1000 E
b1000 O
b1111 Y
b1111 c
b101 m
b101 w
b1011 ;
b1000 D
b1000 N
b10 l
b10 v
b101111110000111 $
b101111110000111 )
b10000010001011 #
b10000010001011 (
b1101111000 ""
b100110110010101 &
#8920000
07
09
05
04
03
b1110 -
b1110 [
b1111 ,
b1111 e
b1 f
b11 +
b11 o
b100 *
b100 y
b111 z
b11111010100101 !
b11111010100101 0
b101 =
b1001 /
b1001 G
b1000 H
b1010 .
b1010 Q
b1011 R
b1111 <
b100 E
b100 O
b110 Y
b110 c
b11 m
b11 w
b110 ;
b101 D
b101 N
b1000 X
b1000 b
b0 l
b0 v
b11100 >
0%
b11011001001111 $
b11011001001111 )
b100001010110 #
b100001010110 (
b1101111001 ""
b1000000000010011 &
#8930000
19
18
17
b0 -
b0 [
15
b1 ,
b1 e
06
14
13
b11110 \
b0 /
b0 G
b11110 H
b1 .
b1 Q
b11111 R
b11111 f
b1100 p
b1000 +
b1000 o
b1001 *
b1001 y
b1101 z
b1001000100001000 !
b1001000100001000 0
b1000 =
b101 <
b1 E
b1 O
b1011 Y
b1011 c
b10 m
b10 w
b10 ;
b1111 D
b1111 N
b101 X
b101 b
b110 l
b110 v
b1111 >
1%
b10101100010101 $
b10101100010101 )
b110010111110010 #
b110010111110010 (
b1101111010 ""
b11111010100101 &
#8940000
09
08
07
0"
16
02
11
b1111111011100000 !
b1111111011100000 0
b0 =
b1101 -
b1101 [
b0 \
b1110 ,
b1110 e
b11 f
b0 p
b1101 /
b1101 G
b11100 H
b1110 .
b1110 Q
b1111 +
b1111 o
b0 *
b0 y
b11111 z
b1011 <
b1111 E
b1111 O
b100 Y
b100 c
b1000 m
b1000 w
b101 ;
b1110 D
b1110 N
b1001 X
b1001 b
b111 l
b111 v
b11110 >
0%
b1000010011111011 $
b1000010011111011 )
b111100111100101 #
b111100111100101 (
b1101111011 ""
b1001000100001000 &
#8950000
05
03
04
19
06
18
17
01
b1101100011100110 !
b1101100011100110 0
b110 =
b11 R
b11110 \
b1110 p
b1100 +
b1100 o
b1101 *
b1101 y
b1111 z
b0 >
b1110 /
b1110 G
b10 H
b1111 .
b1111 Q
b1000 -
b1000 [
b1001 ,
b1001 e
b11111 f
b100 <
b1 E
b1 O
b1101 Y
b1101 c
b111 m
b111 w
b10 ;
b1101 D
b1101 N
b1011 X
b1011 b
b101 l
b101 v
b111110100010100 $
b111110100010100 )
b101101111010010 #
b101101111010010 (
b1101111100 ""
b1111111011100000 &
#8960000
08
16
15
1"
14
13
12
11
b11111 R
b11110 p
b11111 z
b111 /
b111 G
b10000 H
b1000 .
b1000 Q
b0 \
b1111 -
b1111 [
b0 ,
b0 e
b0 +
b0 o
b1 *
b1 y
b1000010000101 !
b1000010000101 0
b101 =
b110 <
b1011 E
b1011 O
b1111 Y
b1111 c
b1111 m
b1111 w
b1110 ;
b1100 D
b1100 N
b0 X
b0 b
b1 l
b1 v
b11101 >
1%
b1111111110110110 $
b1111111110110110 )
b1000011001110 #
b1000011001110 (
b1101111101 ""
b1101100011100110 &
#8970000
05
03
0"
02
01
04
18
b1 R
b1000 p
b1011 z
b1010011111010110 !
b1010011111010110 0
b110 =
b10011 >
b1100 /
b1100 G
b0 H
b1101 .
b1101 Q
b111 -
b111 [
b10000 \
b1000 ,
b1000 e
b1001 +
b1001 o
b1010 *
b1010 y
b1000 <
b1100 E
b1100 O
b1100 Y
b1100 c
b100 m
b100 w
b1101 ;
b0 D
b0 N
b1011 X
b1011 b
b101 l
b101 v
b100110011001000 $
b100110011001000 )
b101101100001101 #
b101101100001101 (
b1101111110 ""
b10001000010000101 &
#8980000
19
1"
18
12
11
b10 -
b10 [
b11110 \
b11 ,
b11 e
b1100 /
b1100 G
b1110 H
b1101 .
b1101 Q
b1111 R
b111 +
b111 o
b10000 p
b1000 *
b1000 y
b11111 z
b1000001011010011 !
b1000001011010011 0
b11 =
b1011 <
b101 E
b101 O
b111 Y
b111 c
b1110 m
b1110 w
b1000 ;
b111 D
b111 N
b1001 l
b1001 v
b10000 >
0%
b1110011101011011 $
b1110011101011011 )
b1001101101111000 #
b1001101101111000 (
b1101111111 ""
b1010011111010110 &
#8990000
09
08
07
0"
16
01
02
b111101110100011 !
b111101110100011 0
b11 =
b1011 -
b1011 [
b0 \
b1100 ,
b1100 e
b111 f
b1111 z
b1001 /
b1001 G
b1000 H
b1010 .
b1010 Q
b1011 R
b0 p
b110 <
b0 Y
b0 c
b111 m
b111 w
b1100 ;
b100 D
b100 N
b0 l
b0 v
b11001 >
1%
b111000001010110 $
b111000001010110 )
b101101001100 #
b101101001100 (
b1110000000 ""
b11000001011010011 &
#9000000
19
17
15
01
14
13
b101 /
b101 G
b110 .
b110 Q
b1010 +
b1010 o
b1011 *
b1011 y
b1 z
b10000 H
b10011 R
b1111 -
b1111 [
b0 ,
b0 e
b11111 f
b1011000001100000 !
b1011000001100000 0
b0 =
b1100 <
b1000 E
b1000 O
b1011 Y
b1011 c
b1000 m
b1000 w
b100 ;
b1101 D
b1101 N
b100 X
b100 b
b10 l
b10 v
b11000 >
0%
b1000101110001100 $
b1000101110001100 )
b10010011010100 #
b10010011010100 (
b1110000001 ""
b111101110100011 &
#9010000
16
09
07
15
14
13
b1011100101000000 !
b1011100101000000 0
b0 =
b11 /
b11 G
b11000 H
b100 .
b100 Q
b11111 R
b1011 +
b1011 o
b1100 *
b1100 y
b111 z
b1000 -
b1000 [
b1001 ,
b1001 e
b1 f
b1010 <
b110 E
b110 O
b1000 Y
b1000 c
b1011 m
b1011 w
b101 ;
b0 X
b0 b
b0 l
b0 v
b11111 >
1%
b1011100001101010 $
b1011100001101010 )
b11010101 #
b11010101 (
b1110000010 ""
b1011000001100000 &
#9020000
0"
19
18
17
01
05
06
04
03
b11000 \
b11111 f
b1110 +
b1110 o
b1111 *
b1111 y
b1 z
b11 /
b11 G
b0 H
b100 .
b100 Q
b111 R
b11 -
b11 [
b100 ,
b100 e
b1111001100110001 !
b1111001100110001 0
b1 =
b1 <
b10 E
b10 O
b101 Y
b101 c
b1110 m
b1110 w
b0 ;
b1 D
b1 N
b1110 X
b1110 b
b0 >
0%
b1110010100100001 $
b1110010100100001 )
b111000010000 #
b111000010000 (
b1110000011 ""
b1011100101000000 &
#9030000
15
14
13
09
08
07
b11110 H
b100 /
b100 G
b101 .
b101 Q
b10 p
b110 +
b110 o
b111 *
b111 y
b110100001001110 !
b110100001001110 0
b1110 =
b11111 R
b111 -
b111 [
b0 \
b1000 ,
b1000 e
b1111 f
b11 z
b1100 <
b1101 E
b1101 O
b1 Y
b1 c
b1 m
b1 w
b10 ;
b111 D
b111 N
b110 X
b110 b
b101 l
b101 v
b1000111011100 $
b1000111011100 )
b101011001110010 #
b101011001110010 (
b1110000100 ""
b1111001100110001 &
#9040000
19
18
16
17
b11 /
b11 G
b11000 H
b100 .
b100 Q
b111100101000011 !
b111100101000011 0
b11 =
b10000 >
b1000 -
b1000 [
b11110 \
b1001 ,
b1001 e
b11111 f
b110 p
b110 +
b110 o
b111 z
b111 *
b111 y
b1000 <
b100 E
b100 O
b1101 Y
b1101 c
b11 m
b11 w
b1011 ;
b1111 D
b1111 N
b1011 X
b1011 b
b11 l
b11 v
b11110101001000 $
b11110101001000 )
b11101111111011 #
b11101111111011 (
b1110000101 ""
b110100001001110 &
#9050000
05
09
0"
03
08
07
04
02
11
b110 \
b1100 -
b1100 [
b111 f
b1101 ,
b1101 e
b1111110010010111 !
b1111110010010111 0
b111 =
b1000 /
b1000 G
b0 H
b1001 .
b1001 Q
b1 R
b1111 +
b1111 o
b0 p
b0 *
b0 y
b11111 z
b1101 <
b0 E
b0 O
b1 Y
b1 c
b1010 m
b1010 w
b1001 ;
b1000 D
b1000 N
b101 l
b101 v
b10011 >
1%
b1010000100001101 $
b1010000100001101 )
b101101110001001 #
b101101110001001 (
b1110000110 ""
b111100101000011 &
#9060000
01
15
14
13
b10111 >
b1110101010000101 !
b1110101010000101 0
b101 =
b10000 H
b111 /
b111 G
b11111 R
b1000 .
b1000 Q
b1000 \
b1001 -
b1001 [
b1011 f
b1010 ,
b1010 e
b1110 +
b1110 o
b1111 *
b1111 y
b1 z
b1011 <
b1100 E
b1100 O
b101 Y
b101 c
b1100 m
b1100 w
b1011 D
b1011 N
b100 X
b100 b
b10 l
b10 v
b1100010111001011 $
b1100010111001011 )
b10010010111001 #
b10010010111001 (
b1110000111 ""
b1111110010010111 &
#9070000
1"
12
11
05
09
16
03
08
17
04
b0 +
b0 o
b11100 p
b1 *
b1 y
b11101 z
b111101110010 !
b111101110010 0
b10 =
b11111 >
b110 /
b110 G
b0 H
b111 .
b111 Q
b1 R
b1111 -
b1111 [
b0 \
b0 ,
b0 e
b11111 f
b10 <
b0 E
b0 O
b1110 Y
b1110 c
b1110 m
b1110 w
b1111 ;
b110 D
b110 N
b1 X
b1 b
b1110111000000010 $
b1110111000000010 )
b10000101101111 #
b10000101101111 (
b1110001000 ""
b1110101010000101 &
#9080000
0"
02
01
06
b11 R
b11111111010100 !
b11111111010100 0
b100 =
b1101 /
b1101 G
b1110 .
b1110 Q
b11 +
b11 o
b0 p
b100 *
b100 y
b111 z
b101 E
b101 O
b1001 Y
b1001 c
b11 m
b11 w
b10 ;
b1000 D
b1000 N
b110 X
b110 b
b0 l
b0 v
b100 >
0%
b11100101010010 $
b11100101010010 )
b11010000010 #
b11010000010 (
b1110001001 ""
b10000111101110010 &
#9090000
12
1"
11
19
16
18
b11111 z
b1011 /
b1011 G
b1100 .
b1100 Q
b111 R
b1011 -
b1011 [
b11000 \
b1100 ,
b1100 e
b1 +
b1 o
b11100 p
b10 *
b10 y
b10101111000101 !
b10101111000101 0
b101 =
b1010 <
b1001 E
b1001 O
b1100 Y
b1100 c
b1111 m
b1111 w
b1010 ;
b10 D
b10 N
b1111 X
b1111 b
b10 l
b10 v
b10101 >
1%
b1111110010011010 $
b1111110010011010 )
b10111100101010 #
b10111100101010 (
b1110001010 ""
b11111111010100 &
#9100000
15
13
09
08
07
b1111 f
b10000 p
b111101100001001 !
b111101100001001 0
b1001 =
b1111 /
b1111 G
b0 .
b0 Q
b11111 R
b1010 -
b1010 [
b1110 \
b1011 ,
b1011 e
b111 +
b111 o
b1000 *
b1000 y
b1011 <
b1 E
b1 O
b111 Y
b111 c
b1000 m
b1000 w
b1110 ;
b1110 D
b1110 N
b11 X
b11 b
b1111 l
b1111 v
b11100 >
0%
b1000011100011011 $
b1000011100011011 )
b1111001111101110 #
b1111001111101110 (
b1110001011 ""
b10010101111000101 &
#9110000
06
05
19
0"
01
03
18
17
02
b1000 H
b0 >
b111000010111101 !
b111000010111101 0
b1101 =
b1011 /
b1011 G
b1100 .
b1100 Q
b1111 R
b0 -
b0 [
b11100 \
b1 ,
b1 e
b11101 f
b110 +
b110 o
b0 p
b111 *
b111 y
b1 z
b1000 <
b110 E
b110 O
b10 Y
b10 c
b110 m
b110 w
b101 ;
b101 D
b101 N
b1110 X
b1110 b
b0 l
b0 v
b110001001101000 $
b110001001101000 )
b111001010101 #
b111001010101 (
b1110001100 ""
b10111101100001001 &
#9120000
19
16
08
17
1"
12
11
15
b11 =
14
13
b110000001110011 !
b110000001110011 0
b0 \
b110 /
b110 G
b10000 H
b111 .
b111 Q
b10001 R
b1111 -
b1111 [
b0 ,
b0 e
b11111 f
b11100 p
b101 +
b101 o
b11111 z
b110 *
b110 y
b111 <
b1110 E
b1110 O
b100 Y
b100 c
b1011 ;
b1000 D
b1000 N
b1011 X
b1011 b
b1111 l
b1111 v
b11111 >
1%
b110010011100111 $
b110010011100111 )
b1111101110001011 #
b1111101110001011 (
b1110001101 ""
b111000010111101 &
#9130000
05
18
04
03
b11011 >
b110 +
b110 o
b11110 p
b111 *
b111 y
b111101111000010 !
b111101111000010 0
b10 =
b1011 /
b1011 G
b0 H
b1100 .
b1100 Q
b111 R
b1011 -
b1011 [
b11000 \
b1100 ,
b1100 e
b100 <
b1011 E
b1011 O
b1101 Y
b1101 c
b111 m
b111 w
b1101 ;
b0 D
b0 N
b1110 X
b1110 b
b111110110110100 $
b111110110110100 )
b1111111000001101 #
b1111111000001101 (
b1110001110 ""
b10110000001110011 &
#9140000
b110 /
b110 G
b1 R
b111 .
b111 Q
b100000101110011 !
b100000101110011 0
b11 =
b10001 >
b1 -
b1 [
b10 ,
b10 e
b11011 f
b11000 p
b11 +
b11 o
b100 *
b100 y
b1000 <
b110 E
b110 O
b101 Y
b101 c
b1111 m
b1111 w
b1010 ;
b1100 X
b1100 b
b100 l
b100 v
b1111010101101000 $
b1111010101101000 )
b100110000001010 #
b100110000001010 (
b1110001111 ""
b10111101111000010 &
#9150000
1"
19
18
17
02
15
14
13
06
b100 /
b100 G
b10000 H
b101 .
b101 Q
b10001 R
b1001001001 !
b1001001001 0
b1001 =
b1101 >
b1 -
b1 [
b11100 \
b10 ,
b10 e
b11111 f
b1111 +
b1111 o
b0 p
b0 *
b0 y
b10 <
b1100 E
b1100 O
b1111 Y
b1111 c
b111 m
b111 w
b110 ;
b1000 D
b1000 N
b10 X
b10 b
b1000 l
b1000 v
b111111111000010 $
b111111111000010 )
b1000001010000110 #
b1000001010000110 (
b1110010000 ""
b10100000101110011 &
#9160000
05
0"
16
04
03
01
b1011000110101001 !
b1011000110101001 0
b1001 =
b11111 >
b1001 /
b1001 G
b1000 H
b1010 .
b1010 Q
b1011 R
b1000 p
b1010 +
b1010 o
b1011 *
b1011 y
b1001 z
b1011 <
b100 E
b100 O
b11 Y
b11 c
b110 m
b110 w
b1101 ;
b101 D
b101 N
b1110 X
b1110 b
b100 l
b100 v
b110001101001011 $
b110001101001011 )
b100111001011101 #
b100111001011101 (
b1110010001 ""
b10000001001001001 &
#9170000
0"
15
02
01
14
13
b1001 +
b1001 o
b1010 *
b1010 y
b111 /
b111 G
b10000 H
b1000 .
b1000 Q
b11111 R
b110 -
b110 [
b11110 \
b111 ,
b111 e
b0 p
b11 z
b1010011110000010 !
b1010011110000010 0
b10 =
b1100 <
b1001 E
b1001 O
b111 Y
b111 c
b1001 m
b1001 w
b110 ;
b1110 D
b1110 N
b1111 X
b1111 b
b0 l
b0 v
b11000 >
0%
b1001011110011100 $
b1001011110011100 )
b111111100110 #
b111111100110 (
b1110010010 ""
b1011000110101001 &
#9180000
03
05
1"
06
04
12
11
b101001010101100 !
b101001010101100 0
b1100 =
b10 -
b10 [
b11001 f
b11 ,
b11 e
b1010 /
b1010 G
b0 H
b1 R
b1011 .
b1011 Q
b11000 \
b100 +
b100 o
b10000 p
b101 *
b101 y
b10001 z
b110 <
b1010 E
b1010 O
b1100 Y
b1100 c
b1000 m
b1000 w
b101 ;
b0 D
b0 N
b110 X
b110 b
b1100 l
b1100 v
b1111 >
1%
b1000110010100110 $
b1000110010100110 )
b1100011000000101 #
b1100011000000101 (
b1110010011 ""
b1010011110000010 &
#9190000
09
0"
08
07
02
01
b0 p
b111 z
b1011010100111111 !
b1011010100111111 0
b1111 =
b11 /
b11 G
b100 .
b100 Q
b111 R
b101 -
b101 [
b0 \
b110 ,
b110 e
b11 f
b1011 +
b1011 o
b1100 *
b1100 y
b111 <
b10 E
b10 O
b101 Y
b101 c
b1 m
b1 w
b111 ;
b1 D
b1 N
b0 X
b0 b
b1010 l
b1010 v
b1010100100111 $
b1010100100111 )
b1010000000010111 #
b1010000000010111 (
b1110010100 ""
b10101001010101100 &
#9200000
1"
06
12
11
b1000110010011011 !
b1000110010011011 0
b1011 =
b1 >
b1001 /
b1001 G
b11 R
b1010 .
b1010 Q
b1100 -
b1100 [
b1 f
b1101 ,
b1101 e
b11110 p
b1000 +
b1000 o
b1001 *
b1001 y
b11111 z
b1000 <
b1001 E
b1001 O
b1000 Y
b1000 c
b1001 m
b1001 w
b10 ;
b0 D
b0 N
b100 X
b100 b
b1111 l
b1111 v
b1001100010011000 $
b1001100010011000 )
b1111010000000010 #
b1111010000000010 (
b1110010101 ""
b1011010100111111 &
#9210000
0"
01
02
15
16
14
13
b101 -
b101 [
b11 f
b110 ,
b110 e
b1 z
b1110011010111010 !
b1110011010111010 0
b1010 =
b11111 >
b1010 /
b1010 G
b11110 H
b1011 .
b1011 Q
b11111 R
b0 p
b1110 +
b1110 o
b1111 *
b1111 y
b1011 <
b1111 E
b1111 O
b1 Y
b1 c
b1000 m
b1000 w
b1110 ;
b1011 D
b1011 N
b110 l
b110 v
b1000000111111011 $
b1000000111111011 )
b110010010111110 #
b110010010111110 (
b1110010110 ""
b11000110010011011 &
#9220000
05
03
04
1"
06
12
11
b1110 /
b1110 G
b1 R
b1111 .
b1111 Q
b1010 -
b1010 [
b1000 \
b1011 ,
b1011 e
b1001 f
b0 H
b100 +
b100 o
b10110 p
b101 *
b101 y
b10111 z
b100101011100101 !
b100101011100101 0
b101 =
b11 <
b100 E
b100 O
b110 Y
b110 c
b1001 m
b1001 w
b10 ;
b1010 D
b1010 N
b1011 l
b1011 v
b100 >
0%
b1001011001000011 $
b1001011001000011 )
b1011010010100010 #
b1011010010100010 (
b1110010111 ""
b1110011010111010 &
#9230000
15
13
19
1"
16
18
17
02
11
b1011 -
b1011 [
b1100 ,
b1100 e
b1111 /
b1111 G
b0 .
b0 Q
b11111 R
b11000 \
b11111 f
b1111 +
b1111 o
b0 p
b0 *
b0 y
b11111 z
b110000000110 !
b110000000110 0
b110 =
b1011 <
b1000 E
b1000 O
b1101 Y
b1101 c
b1011 m
b1011 w
b1010 ;
b111 D
b111 N
b1110 X
b1110 b
b100 l
b100 v
b10111 >
1%
b1011110110001011 $
b1011110110001011 )
b100111001111010 #
b100111001111010 (
b1110011000 ""
b10100101011100101 &
#9240000
0"
14
01
b11000 H
b111 -
b111 [
b10000 \
b1000 ,
b1000 e
b1100100000101101 !
b1100100000101101 0
b1101 =
b11111 >
b1 /
b1 G
b10 .
b10 Q
b11011 R
b1011 +
b1011 o
b1100 *
b1100 y
b111 z
b1111 <
b1101 E
b1101 O
b1001 Y
b1001 c
b10 m
b10 w
b1101 ;
b100 D
b100 N
b1001 l
b1001 v
b10100111011111 $
b10100111011111 )
b1001111001001101 #
b1001111001001101 (
b1110011001 ""
b10000110000000110 &
#9250000
09
0"
07
01
08
b11100 H
b1110111011010001 !
b1110111011010001 0
b1 =
b1100 /
b1100 G
b11101 R
b1101 .
b1101 Q
b1101 -
b1101 [
b100 \
b111 f
b1110 ,
b1110 e
b1110 +
b1110 o
b1111 *
b1111 y
b1 z
b1101 <
b1110 E
b1110 O
b1011 Y
b1011 c
b11 ;
b1110 D
b1110 N
b10 X
b10 b
b1100 l
b1100 v
b10101111101101 $
b10101111101101 )
b1100001011100011 #
b1100001011100011 (
b1110011010 ""
b1100100000101101 &
#9260000
05
04
13
09
06
08
07
b0 H
b11 f
b111 z
b1111 /
b1111 G
b11111 R
b0 .
b0 Q
b1110 -
b1110 [
b10 \
b1111 ,
b1111 e
b11 +
b11 o
b100 *
b100 y
b11111011111010 !
b11111011111010 0
b1010 =
b1001 <
b100 E
b100 O
b101 Y
b101 c
b1 m
b1 w
b1 ;
b1011 D
b1011 N
b1001 X
b1001 b
b10 l
b10 v
b10 >
0%
b1010101001001 $
b1010101001001 )
b10100110110001 #
b10100110110001 (
b1110011011 ""
b1110111011010001 &
#9270000
0"
19
03
01
18
17
b1111011010111011 !
b1111011010111011 0
b1011 =
b0 >
b1011 /
b1011 G
b1100 .
b1100 Q
b111 R
b1110 +
b1110 o
b1 z
b1111 *
b1111 y
b110 -
b110 [
b11110 \
b111 ,
b111 e
b11111 f
b10 <
b1000 E
b1000 O
b111 Y
b111 c
b1100 m
b1100 w
b1001 ;
b11 D
b11 N
b1111 X
b1111 b
b1100011110000010 $
b1100011110000010 )
b10111100111001 #
b10111100111001 (
b1110011100 ""
b11111011111010 &
#9280000
15
09
1"
16
14
13
08
07
12
11
b1011101010000011 !
b1011101010000011 0
b11 =
b111 /
b111 G
b10000 H
b1000 .
b1000 Q
b11111 R
b1001 -
b1001 [
b1100 \
b1010 ,
b1010 e
b1111 f
b1011 +
b1011 o
b11000 p
b1100 *
b1100 y
b11111 z
b1010 <
b1111 E
b1111 O
b1111 m
b1111 w
b1000 ;
b1000 D
b1000 N
b10 X
b10 b
b1100 l
b1100 v
b10001 >
1%
b1111011111111010 $
b1111011111111010 )
b1100001010001000 #
b1100001010001000 (
b1110011101 ""
b1111011010111011 &
#9290000
0"
01
02
05
19
03
04
18
17
b1011 R
b1 z
b1001 /
b1001 G
b1000 H
b1010 .
b1010 Q
b11100 \
b11111 f
b1110 +
b1110 o
b0 p
b1111 *
b1111 y
b1111100110100100 !
b1111100110100100 0
b100 =
b1011 <
b100 E
b100 O
b1011 Y
b1011 c
b100 m
b100 w
b1001 ;
b101 D
b101 N
b1110 X
b1110 b
b1010 l
b1010 v
b10110 >
0%
b100101101001011 $
b100101101001011 )
b1010111001011001 #
b1010111001011001 (
b1110011110 ""
b11011101010000011 &
#9300000
1"
15
12
11
06
14
13
b111 -
b111 [
b10000 \
b1000 ,
b1000 e
b1100100001111110 !
b1100100001111110 0
b1110 =
b111 /
b111 G
b10000 H
b1000 .
b1000 Q
b11111 R
b1011 +
b1011 o
b11000 p
b1100 *
b1100 y
b11111 z
b1000 <
b1110 E
b1110 O
b1101 Y
b1101 c
b1100 m
b1100 w
b101 ;
b1001 D
b1001 N
b1010 X
b1010 b
b1111 l
b1111 v
b11 >
1%
b1100110111101000 $
b1100110111101000 )
b1111101010010101 #
b1111101010010101 (
b1110011111 ""
b1111100110100100 &
#9310000
01
0"
09
02
05
04
08
b1111 /
b1111 G
b0 H
b0 .
b0 Q
b1111 -
b1111 [
b0 \
b0 ,
b0 e
b1110 +
b1110 o
b0 p
b1 z
b1111 *
b1111 y
b1110111111111101 !
b1110111111111101 0
b1101 =
b1101 <
b1111 E
b1111 O
b1000 Y
b1000 c
b100 m
b100 w
b0 ;
b0 D
b0 N
b111 X
b111 b
b1010 l
b1010 v
b0 >
0%
b100100011111101 $
b100100011111101 )
b1010011100000000 #
b1010011100000000 (
b1110100000 ""
b11100100001111110 &
#9320000
1"
15
07
12
11
14
b11111110010110 !
b11111110010110 0
b110 =
b11011 R
b1110 \
b1110 -
b1110 [
b1111 ,
b1111 e
b1111 f
b10000 p
b1001 /
b1001 G
b11000 H
b1010 .
b1010 Q
b11 +
b11 o
b100 *
b100 y
b10111 z
b10 <
b1100 E
b1100 O
b111 Y
b111 c
b1010 m
b1010 w
b100 ;
b1101 D
b1101 N
b1001 l
b1001 v
b1010011111000010 $
b1010011111000010 )
b1001011111010100 #
b1001011111010100 (
b1110100001 ""
b1110111111111101 &
#9330000
16
b1011 +
b1011 o
09
0"
b1100 *
b1100 y
08
07
02
01
b11000 >
b1011111001100010 !
b1011111001100010 0
b10 =
b101 /
b101 G
b10000 H
b110 .
b110 Q
b10011 R
b1101 -
b1101 [
b100 \
b1110 ,
b1110 e
b111 f
b1000 p
b1111 z
b1100 <
b1000 E
b1000 O
b10 Y
b10 c
b101 m
b101 w
b110 ;
b1011 X
b1011 b
b110 l
b110 v
b101001010001100 $
b101001010001100 )
b110101111010110 #
b110101111010110 (
b1110100010 ""
b10011111110010110 &
#9340000
0"
02
11
b11010 >
b0 \
b1111101110000010 !
b1111101110000010 0
b10 =
b111 /
b111 G
b1000 .
b1000 Q
b11111 R
b1010 -
b1010 [
b1011 ,
b1011 e
b1 f
b1111 +
b1111 o
b0 p
b0 *
b0 y
b11111 z
b101 <
b1101 E
b1101 O
b0 Y
b0 c
b100 m
b100 w
b1101 ;
b1010 D
b1010 N
b1010 X
b1010 b
b1011 l
b1011 v
b100000011010101 $
b100000011010101 )
b1011101010101101 #
b1011101010101101 (
b1110100011 ""
b1011111001100010 &
#9350000
05
03
01
04
b1110 /
b1110 G
b0 H
b1 R
b1111 .
b1111 Q
b1110 -
b1110 [
b1111 ,
b1111 e
b10 p
b1110111011111000 !
b1110111011111000 0
b1000 =
b1110 +
b1110 o
b1111 *
b1111 y
b11 z
b1110 <
b10 E
b10 O
b110 Y
b110 c
b1 m
b1 w
b1001 ;
b1100 D
b1100 N
b1000 X
b1000 b
b1101 l
b1101 v
b11111 >
1%
b1011000101110 $
b1011000101110 )
b1101100011001001 #
b1101100011001001 (
b1110100100 ""
b1111101110000010 &
#9360000
15
19
14
13
18
17
b1010101010001000 !
b1010101010001000 0
b111 /
b111 G
b10000 H
b1000 .
b1000 Q
b11111 R
b1001 -
b1001 [
b11100 \
b1010 ,
b1010 e
b11111 f
b0 p
b1001 +
b1001 o
b1010 *
b1010 y
b1111 <
b1111 E
b1111 O
b1111 Y
b1111 c
b1001 m
b1001 w
b1000 D
b1000 N
b1010 X
b1010 b
b0 l
b0 v
b11110 >
0%
b1001111111111111 $
b1001111111111111 )
b101010001001 #
b101010001001 (
b1110100101 ""
b1110111011111000 &
#9370000
1"
12
11
05
06
04
b111010111110100 !
b111010111110100 0
b100 =
b1111 /
b1111 G
b0 H
b0 .
b0 Q
b101 -
b101 [
b10100 \
b110 ,
b110 e
b10111 f
b0 >
b110 +
b110 o
b11110 p
b111 *
b111 y
b11111 z
b100 <
b10 E
b10 O
b1011 Y
b1011 c
b111 m
b111 w
b0 ;
b1101 D
b1101 N
b1111 l
b1111 v
b111101100100100 $
b111101100100100 )
b1111101011010000 #
b1111101011010000 (
b1110100110 ""
b1010101010001000 &
#9380000
16
15
19
14
18
17
b101 /
b101 G
b10000 H
b10011 R
b110 .
b110 Q
b101 -
b101 [
b110 ,
b110 e
b10110 p
b110 +
b110 o
b10111 z
b111 *
b111 y
b11100 >
b111011001100100 !
b111011001100100 0
b100 =
b11100 \
b11111 f
b110 <
b1001 E
b1001 O
b110 Y
b110 c
b1011 m
b1011 w
b1110 ;
b1100 D
b1100 N
b1111 X
b1111 b
b1011 l
b1011 v
b1011011010010110 $
b1011011010010110 )
b1011111111001110 #
b1011111111001110 (
b1110100111 ""
b10111010111110100 &
#9390000
09
07
08
b1001 /
b1001 G
b1010 .
b1010 Q
05
06
04
03
b110 +
b110 o
b111 *
b111 y
b10001 z
b110110010010011 !
b110110010010011 0
b11 =
b0 >
b1100 H
b1111 R
b0 \
b1100 -
b1100 [
b1 f
b1101 ,
b1101 e
b10000 p
b11 <
b10 E
b10 O
b100 Y
b100 c
b1100 m
b1100 w
b0 ;
b111 D
b111 N
b1000 X
b1000 b
b1010 l
b1010 v
b1100010000100011 $
b1100010000100011 )
b1010100001110000 #
b1010100001110000 (
b1110101000 ""
b10111011001100100 &
#9400000
0"
15
02
01
14
13
b110 /
b110 G
b111 .
b111 Q
b100 \
b0 p
b1101011001101111 !
b1101011001101111 0
b1111 =
b10010 H
b10011 R
b101 -
b101 [
b111 f
b110 ,
b110 e
b1101 +
b1101 o
b11 z
b1110 *
b1110 y
b1000 <
b1101 E
b1101 O
b10 Y
b10 c
b0 m
b0 w
b110 ;
b1001 D
b1001 N
b11 X
b11 b
b1101 l
b1101 v
b1 >
1%
b1011011000 $
b1011011000 )
b1101001110010110 #
b1101001110010110 (
b1110101001 ""
b10110110010010011 &
#9410000
16
b1010 -
b1010 [
b1011 ,
b1011 e
b100 p
b1010 \
b1011 f
b1101 +
b1101 o
b111 z
b1110 *
b1110 y
b1101101101111000 !
b1101101101111000 0
b1000 =
b1001 <
b101 Y
b101 c
b1011 m
b1011 w
b1111 ;
b101 X
b101 b
b10 l
b10 v
b11110 >
0%
b1011010111011001 $
b1011010111011001 )
b10010110011111 #
b10010110011111 (
b1110101010 ""
b1101011001101111 &
#9420000
05
19
06
04
03
18
17
b100100010111110 !
b100100010111110 0
b1110 =
b1110 >
b1011 /
b1011 G
b1000 H
b1100 .
b1100 Q
b1111 R
b1000 -
b1000 [
b11100 \
b1001 ,
b1001 e
b11101 f
b11 +
b11 o
b0 p
b100 *
b100 y
b111 <
b100 E
b100 O
b1110 Y
b1110 c
b10 m
b10 w
b111 ;
b111 D
b111 N
b1010 X
b1010 b
b1 l
b1 v
b10111001000111 $
b10111001000111 )
b1101001110111 #
b1101001110111 (
b1110101011 ""
b1101101101111000 &
#9430000
1"
12
11
06
b1100 H
b10111 z
b1100 /
b1100 G
b1101 .
b1101 Q
b1101 R
b11110 \
b100 -
b100 [
b11111 f
b101 ,
b101 e
b101 +
b101 o
b10100 p
b110 *
b110 y
b110010011001111 !
b110010011001111 0
b1111 =
b100 <
b110 E
b110 O
b111 Y
b111 c
b1010 m
b1010 w
b1010 ;
b110 D
b110 N
b1101 X
b1101 b
b1011 l
b1011 v
b1 >
1%
b1010011101100100 $
b1010011101100100 )
b1011110101101010 #
b1011110101101010 (
b1110101100 ""
b100100010111110 &
#9440000
16
09
1"
08
07
12
11
b10 /
b10 G
b0 H
b11 .
b11 Q
b1 R
b1010 -
b1010 [
b1000 \
b1011 ,
b1011 e
b1001 f
b1 +
b1 o
b11100 p
b10 *
b10 y
b11111 z
b1101000110010 !
b1101000110010 0
b10 =
b11 <
b0 E
b0 O
b100 Y
b100 c
b1011 m
b1011 w
b1111 ;
b10 D
b10 N
b110 X
b110 b
b110 l
b110 v
b11110 >
0%
b1011010000000011 $
b1011010000000011 )
b110011000101111 #
b110011000101111 (
b1110101101 ""
b10110010011001111 &
#9450000
15
14
13
09
08
07
b1111000110001 !
b1111000110001 0
b1 =
b11100 >
b11000 H
b10 /
b10 G
b11001 R
b11 .
b11 Q
b1101 -
b1101 [
b100 \
b1110 ,
b1110 e
b111 f
b110 <
b1110 E
b1110 O
b11 Y
b11 c
b1011 ;
b100 D
b100 N
b1010 X
b1010 b
b1011001111100110 $
b1011001111100110 )
b110101001001011 #
b110101001001011 (
b1110101110 ""
b10001101000110010 &
#9460000
06
b101 f
b1010 /
b1010 G
b1011 .
b1011 Q
b100 -
b100 [
b101 ,
b101 e
b1010110101100 !
b1010110101100 0
b1100 =
b1011 <
b1100 E
b1100 O
b10 Y
b10 c
b111 m
b111 w
b0 ;
b1110 D
b1110 N
b10 X
b10 b
b1010 l
b1010 v
b111 >
1%
b111001011001011 $
b111001011001011 )
b1010001011100000 #
b1010001011100000 (
b1110101111 ""
b10001111000110001 &
#9470000
19
18
17
05
04
03
b100010000011010 !
b100010000011010 0
b1010 =
b100 -
b100 [
b101 ,
b101 e
b11000 p
b1 /
b1 G
b0 H
b10 .
b10 Q
b11 R
b11100 \
b11101 f
b11 +
b11 o
b100 *
b100 y
b1001 <
b1 E
b1 O
b1110 Y
b1110 c
b1100 m
b1100 w
b1 ;
b0 D
b0 N
b110 X
b110 b
b111 l
b111 v
b10 >
0%
b1100111000011001 $
b1100111000011001 )
b111011000000001 #
b111011000000001 (
b1110110000 ""
b10001010110101100 &
#9480000
06
15
14
13
b10000 H
b10001 R
b100 +
b100 o
b11110 p
b101 *
b101 y
b101001001001110 !
b101001001001110 0
b1110 =
b0 >
b100 /
b100 G
b101 .
b101 Q
b10000 \
b1 -
b1 [
b10011 f
b10 ,
b10 e
b100 <
b1000 E
b1000 O
b1000 Y
b1000 c
b101 m
b101 w
b1010 ;
b1100 D
b1100 N
b1001 X
b1001 b
b1111 l
b1111 v
b101100010000100 $
b101100010000100 )
b1111100111001010 #
b1111100111001010 (
b1110110001 ""
b10100010000011010 &
#9490000
0"
02
15
09
14
13
08
07
b1111110101001100 !
b1111110101001100 0
b1100 =
b11110 H
b0 p
b100 /
b100 G
b11111 R
b101 .
b101 Q
b1100 -
b1100 [
b110 \
b1101 ,
b1101 e
b111 f
b1111 +
b1111 o
b0 *
b0 y
b11 <
b101 E
b101 O
b1011 Y
b1011 c
b1110 m
b1110 w
b1000 ;
b1111 D
b1111 N
b1 X
b1 b
b1 l
b1 v
b111 >
1%
b1110101101010011 $
b1110101101010011 )
b1000111111000 #
b1000111111000 (
b1110110010 ""
b10101001001001110 &
#9500000
01
05
04
03
16
b1110110010100000 !
b1110110010100000 0
b0 =
b1001 /
b1001 G
b0 H
b1010 .
b1010 Q
b11 R
b1110 +
b1110 o
b1111 *
b1111 y
b1 z
b1010 <
b0 E
b0 O
b1 Y
b1 c
b0 m
b0 w
b110 ;
b1001 D
b1001 N
b1011 X
b1011 b
b1110 l
b1110 v
b11100 >
0%
b100001010 $
b100001010 )
b1110101110010110 #
b1110101110010110 (
b1110110011 ""
b1111110101001100 &
#9510000
1"
12
11
09
08
07
15
b0 +
b0 o
b1 *
b1 y
14
13
b1010 /
b1010 G
b11110 H
b1011 .
b1011 Q
b1110 -
b1110 [
b1111 ,
b1111 e
b1 f
b11110 p
b111110110100 !
b111110110100 0
b100 =
b11111 R
b0 \
b11111 z
b110 <
b1111 E
b1111 O
b100 Y
b100 c
b1 m
b1 w
b1101 ;
b1011 D
b1011 N
b1010 X
b1010 b
b1111 l
b1111 v
b11111 >
1%
b1010011110110 $
b1010011110110 )
b1111101010111101 #
b1111101010111101 (
b1110110100 ""
b1110110010100000 &
#9520000
0"
06
02
01
b11001 R
b100 \
b1100111000000110 !
b1100111000000110 0
b110 =
b11 >
b11000 H
b0 /
b0 G
b1 .
b1 Q
b1101 -
b1101 [
b1110 ,
b1110 e
b111 f
b1100 +
b1100 o
b1110 p
b1101 *
b1101 y
b1111 z
b101 <
b100 E
b100 O
b10 Y
b10 c
b101 m
b101 w
b0 ;
b1100 D
b1100 N
b1011 X
b1011 b
b111 l
b111 v
b101001001000101 $
b101001001000101 )
b111101111000000 #
b111101111000000 (
b1110110101 ""
b10000111110110100 &
#9530000
09
08
07
0"
02
01
b0 /
b0 G
b1 .
b1 Q
b111 >
b1010110100001110 !
b1010110100001110 0
b1110 =
b10000 H
b10001 R
b1100 -
b1100 [
b0 \
b1101 ,
b1101 e
b1 f
b1010 +
b1010 o
b10 p
b1011 *
b1011 y
b11 z
b10 <
b1000 E
b1000 O
b0 Y
b0 c
b1001 m
b1001 w
b1011 ;
b1000 D
b1000 N
b1100 X
b1100 b
b1 l
b1 v
b1001000010000010 $
b1001000010000010 )
b1110010001011 #
b1110010001011 (
b1110110110 ""
b1100111000000110 &
#9540000
16
05
04
03
b1110 /
b1110 G
b110 H
b1111 .
b1111 Q
b1110 \
b1 z
b110100011110011 !
b110100011110011 0
b11 =
b11001 >
b111 R
b1000 -
b1000 [
b1111 f
b1001 ,
b1001 e
b0 p
b110 +
b110 o
b111 *
b111 y
b100 <
b11 E
b11 O
b1 Y
b1 c
b10 m
b10 w
b1110 ;
b1011 D
b1011 N
b111 X
b111 b
b100 l
b100 v
b10000100110100 $
b10000100110100 )
b100011110111110 #
b100011110111110 (
b1110110111 ""
b1010110100001110 &
#9550000
05
04
13
19
06
18
17
b11100011110100 !
b11100011110100 0
b100 =
b111 >
b1111 /
b1111 G
b0 H
b0 .
b0 Q
b11111 R
b11110 \
b11111 f
b10 +
b10 o
b11 *
b11 y
b1 <
b1001 E
b1001 O
b1001 Y
b1001 c
b0 m
b0 w
b10 ;
b110 D
b110 N
b1111 X
b1111 b
b10 l
b10 v
b100110010001 $
b100110010001 )
b10111101100010 #
b10111101100010 (
b1110111000 ""
b110100011110011 &
#9560000
09
03
08
07
05
16
1"
12
11
b110 +
b110 o
b10000 p
b111 *
b111 y
b10001 z
b110111011010001 !
b110111011010001 0
b1 =
b11101 >
b1100 /
b1100 G
b1101 .
b1101 Q
b1 R
b10 \
b1110 -
b1110 [
b11 f
b1111 ,
b1111 e
b1010 <
b100 E
b100 O
b1100 m
b1100 w
b110 ;
b1000 D
b1000 N
b101 X
b101 b
b1010 l
b1010 v
b1100100101001010 $
b1100100101001010 )
b1010010110000110 #
b1010010110000110 (
b1110111001 ""
b11100011110100 &
#9570000
0"
06
02
01
b1110100110111011 !
b1110100110111011 0
b1011 =
b1011 /
b1011 G
b111 R
b1100 .
b1100 Q
b0 \
b1111 >
b1001 -
b1001 [
b1010 ,
b1010 e
b1110 +
b1110 o
b10 p
b1111 *
b1111 y
b11 z
b11 <
b11 E
b11 O
b1000 Y
b1000 c
b1001 m
b1001 w
b111 ;
b1 X
b1 b
b101 l
b101 v
b1001100000110011 $
b1001100000110011 )
b101000110000111 #
b101000110000111 (
b1110111010 ""
b10110111011010001 &
#9580000
09
07
15
1"
14
13
16
12
11
b10111 R
b1001111101010011 !
b1001111101010011 0
b11 =
b11011 >
b100 /
b100 G
b10110 H
b101 .
b101 Q
b1110 -
b1110 [
b1111 ,
b1111 e
b1 f
b1001 +
b1001 o
b11000 p
b1010 *
b1010 y
b11011 z
b101 <
b1001 E
b1001 O
b100 Y
b100 c
b1101 m
b1101 w
b1101 ;
b1011 D
b1011 N
b1010 X
b1010 b
b1100 l
b1100 v
b1101010010010101 $
b1101010010010101 )
b1100101010111101 #
b1100101010111101 (
b1110111011 ""
b1110100110111011 &
#9590000
0"
06
02
01
05
04
03
b1011010001101101 !
b1011010001101101 0
b1101 =
b1 >
b110 /
b110 G
b111 .
b111 Q
b0 H
b1 R
b100 -
b100 [
b101 ,
b101 e
b1011 +
b1011 o
b0 p
b1100 *
b1100 y
b111 z
b0 <
b100 E
b100 O
b0 Y
b0 c
b0 m
b0 w
b1100 ;
b10 D
b10 N
b100 X
b100 b
b1011 l
b1011 v
b1000000 $
b1000000 )
b1011010000101100 #
b1011010000101100 (
b1110111100 ""
b11001111101010011 &
#9600000
16
19
18
17
15
1"
14
13
12
11
b11001 >
b11110 \
b10000 p
b1000010110100011 !
b1000010110100011 0
b11 =
b1001 /
b1001 G
b11000 H
b1010 .
b1010 Q
b11011 R
b100 -
b100 [
b11111 f
b101 ,
b101 e
b111 +
b111 o
b1000 *
b1000 y
b11111 z
b100 <
b1100 E
b1100 O
b1101 Y
b1101 c
b1001 m
b1001 w
b1110 ;
b1101 D
b1101 N
b111 X
b111 b
b1110 l
b1110 v
b1001110111000100 $
b1001110111000100 )
b1110011111011110 #
b1110011111011110 (
b1110111101 ""
b1011010001101101 &
#9610000
05
0"
04
03
01
09
08
07
02
b1111 f
b1110100110110010 !
b1110100110110010 0
b10 =
b10011 >
b1010 /
b1010 G
b0 H
b1011 .
b1011 Q
b1 R
b1100 \
b1001 -
b1001 [
b1010 ,
b1010 e
b1110 +
b1110 o
b110 p
b111 z
b1111 *
b1111 y
b1000 <
b0 E
b0 O
b111 Y
b111 c
b1011 m
b1011 w
b1001 ;
b1010 D
b1010 N
b10 X
b10 b
b11 l
b11 v
b1011011100001000 $
b1011011100001000 )
b11001010101001 #
b11001010101001 (
b1110111110 ""
b11000010110100011 &
#9620000
1"
12
11
09
16
08
07
b100 /
b100 G
b101 .
b101 Q
b1011 -
b1011 [
b0 \
b1100 ,
b1100 e
b111 f
b10 +
b10 o
b11000 p
b11 *
b11 y
b11001 z
b10101101010001 !
b10101101010001 0
b1 =
b11 <
b11 Y
b11 c
b1110 m
b1110 w
b1110 ;
b100 D
b100 N
b1000 X
b1000 b
b100 l
b100 v
b11100 >
0%
b1110001100000011 $
b1110001100000011 )
b100100001001110 #
b100100001001110 (
b1110111111 ""
b1110100110110010 &
#9630000
1"
12
11
06
b110 H
b11 f
b0 +
b0 o
b11110 p
b1 *
b1 y
b1110 /
b1110 G
b111 R
b1111 .
b1111 Q
b10 \
b10 -
b10 [
b11 ,
b11 e
b11111 z
b1011101010 !
b1011101010 0
b1010 =
b1000 <
b11 E
b11 O
b1 Y
b1 c
b1 m
b1 w
b1 ;
b1011 D
b1011 N
b1 X
b1 b
b1111 l
b1111 v
b11 >
1%
b1000100111000 $
b1000100111000 )
b1111000110110001 #
b1111000110110001 (
b1111000000 ""
b10010101101010001 &
#9640000
15
0"
14
13
16
02
01
b1110110011001101 !
b1110110011001101 0
b1101 =
b11101 >
b1011 /
b1011 G
b11000 H
b1100 .
b1100 Q
b11111 R
b1011 -
b1011 [
b1000 \
b1100 ,
b1100 e
b1111 f
b1110 +
b1110 o
b1110 p
b1111 *
b1111 y
b1111 z
b1110 <
b1101 E
b1101 O
b101 Y
b101 c
b111 m
b111 w
b1110 ;
b1110 D
b1110 N
b110 X
b110 b
b111 l
b111 v
b111010111011110 $
b111010111011110 )
b111011011101110 #
b111011011101110 (
b1111000001 ""
b10000001011101010 &
#9650000
19
06
18
17
b10 -
b10 [
b11000 \
b11 ,
b11 e
b11001 f
b11 z
b11 /
b11 G
b100 .
b100 Q
b0 p
b101 +
b101 o
b110 *
b110 y
b110001100111000 !
b110001100111000 0
b1000 =
b111 <
b1110 E
b1110 O
b1110 Y
b1110 c
b101 m
b101 w
b1 ;
b101 D
b101 N
b100 X
b100 b
b0 l
b0 v
b1110 >
0%
b101111011100111 $
b101111011100111 )
b10001010001 #
b10001010001 (
b1111000010 ""
b1110110011001101 &
#9660000
1"
12
11
16
b10010001000010 !
b10010001000010 0
b10 =
b11 -
b11 [
b100 ,
b100 e
b11111 f
b1 +
b1 o
b11000 p
b10 *
b10 y
b11011 z
b1111 <
b110 E
b110 O
b1100 Y
b1100 c
b1100 m
b1100 w
b10 ;
b1101 D
b1101 N
b111 X
b111 b
b101 l
b101 v
b11111 >
1%
b1100110001101111 $
b1100110001101111 )
b101011111010010 #
b101011111010010 (
b1111000011 ""
b110001100111000 &
#9670000
0"
05
06
02
01
04
03
b1 >
b1010100010011 !
b1010100010011 0
b11 =
b1 /
b1 G
b0 H
b10 .
b10 Q
b11 R
b10000 \
b101 -
b101 [
b10011 f
b110 ,
b110 e
b0 +
b0 o
b0 p
b1 *
b1 y
b1 z
b10 <
b0 E
b0 O
b0 m
b0 w
b0 ;
b1 D
b1 N
b1001 X
b1001 b
b0 l
b0 v
b110000000010 $
b110000000010 )
b100100010000 #
b100100010000 (
b1111000100 ""
b10010010001000010 &
#9680000
11
15
14
13
09
08
07
b1111110000010100 !
b1111110000010100 0
b100 =
b111 >
b11100 H
b1011 -
b1011 [
b0 \
b1100 ,
b1100 e
b111 f
b11111 z
b1 /
b1 G
b11111 R
b10 .
b10 Q
b1111 +
b1111 o
b0 *
b0 y
b11 <
b111 E
b111 O
b11 Y
b11 c
b1011 m
b1011 w
b1010 D
b1010 N
b1000 X
b1000 b
b100 l
b100 v
b1011001101110011 $
b1011001101110011 )
b100100010100000 #
b100100010100000 (
b1111000101 ""
b1010100010011 &
#9690000
17
05
1"
04
03
12
b1111 -
b1111 [
b0 ,
b0 e
b11111 f
b11001 z
b100 /
b100 G
b110 H
b101 .
b101 Q
b111 R
b1000 +
b1000 o
b11000 p
b1001 *
b1001 y
b1000111101001001 !
b1000111101001001 0
b1001 =
b1 <
b1 E
b1 O
b100 Y
b100 c
b1100 m
b1100 w
b1000 ;
b11 D
b11 N
b1011 X
b1011 b
b1100 l
b1100 v
b0 >
0%
b1100010000010001 $
b1100010000010001 )
b1100101100111000 #
b1100101100111000 (
b1111000110 ""
b1111110000010100 &
#9700000
15
19
14
13
18
b10001101111101 !
b10001101111101 0
b1101 =
b10000 \
b11011 z
b111 /
b111 G
b10000 H
b1000 .
b1000 Q
b11111 R
b10 -
b10 [
b11 ,
b11 e
b10001 f
b1 +
b1 o
b10 *
b10 y
b1101 <
b1001 E
b1001 O
b1000 Y
b1000 c
b1101 m
b1101 w
b0 ;
b1110 D
b1110 N
b1010 X
b1010 b
b100 l
b100 v
b1101100010011101 $
b1101100010011101 )
b100101011100000 #
b100101011100000 (
b1111000111 ""
b11000111101001001 &
#9710000
16
09
08
07
b10000 p
b110101111010011 !
b110101111010011 0
b11 =
b1100 /
b1100 G
b11110 H
b1101 .
b1101 Q
b1010 -
b1010 [
b10 \
b1011 ,
b1011 e
b11 f
b110 +
b110 o
b10001 z
b111 *
b111 y
b1111 E
b1111 O
b1001 Y
b1001 c
b1000 m
b1000 w
b101 ;
b1101 D
b1101 N
b1 X
b1 b
b1110 l
b1110 v
b11011 >
1%
b1000100111111101 $
b1000100111111101 )
b1110000111010101 #
b1110000111010101 (
b1111001000 ""
b10010001101111101 &
#9720000
05
04
03
b1000 +
b1000 o
0"
b1001 *
b1001 y
02
01
b0 H
b111 R
b111 f
b10111 >
b1000101111000110 !
b1000101111000110 0
b110 =
b1011 /
b1011 G
b1100 .
b1100 Q
b1011 -
b1011 [
b0 \
b1100 ,
b1100 e
b1110 p
b1111 z
b1010 <
b1000 E
b1000 O
b1011 Y
b1011 c
b111 m
b111 w
b1011 ;
b11 D
b11 N
b0 X
b0 b
b1 l
b1 v
b111101110001010 $
b111101110001010 )
b1000000111011 #
b1000000111011 (
b1111001001 ""
b10110101111010011 &
#9730000
13
1"
19
12
11
06
18
17
b10010111111100 !
b10010111111100 0
b1100 =
b1111 /
b1111 G
b0 .
b0 Q
b11111 R
b11011 z
b1111 >
b101 -
b101 [
b10100 \
b110 ,
b110 e
b10111 f
b11000 p
b1 +
b1 o
b10 *
b10 y
b100 <
b111 E
b111 O
b1101 m
b1101 w
b111 ;
b1000 D
b1000 N
b1010 X
b1010 b
b100 l
b100 v
b1101101101110100 $
b1101101101110100 )
b100101010000111 #
b100101010000111 (
b1111001010 ""
b1000101111000110 &
#9740000
b100 =
15
0"
09
14
02
01
08
07
b11101101100100 !
b11101101100100 0
b111 >
b10011 R
b110 /
b110 G
b10010 H
b111 .
b111 Q
b1010 -
b1010 [
b1000 \
b1011 ,
b1011 e
b1001 f
b11 +
b11 o
b0 p
b100 *
b100 y
b111 z
b0 <
b1001 E
b1001 O
b110 Y
b110 c
b0 m
b0 w
b11 ;
b1101 D
b1101 N
b100 X
b100 b
b11 l
b11 v
b11010010000 $
b11010010000 )
b11010011010011 #
b11010011010011 (
b1111001011 ""
b10010010111111100 &
#9750000
0"
01
06
05
19
04
03
18
17
b0 -
b0 [
b1 ,
b1 e
b10 p
b11 >
b1111000001001111 !
b1111000001001111 0
b1111 =
b100 /
b100 G
b110 H
b101 .
b101 Q
b111 R
b10000 \
b10001 f
b1110 +
b1110 o
b1111 *
b1111 y
b11 z
b1 <
b1 E
b1 O
b1000 Y
b1000 c
b1101 m
b1101 w
b1101 ;
b11 D
b11 N
b1000 X
b1000 b
b1 l
b1 v
b1101100000010001 $
b1101100000010001 )
b1100000111101 #
b1100000111101 (
b1111001100 ""
b11101101100100 &
#9760000
0"
02
11
15
09
14
13
08
07
b11111 z
b1111011001100011 !
b1111011001100011 0
b11 =
b110 /
b110 G
b10010 H
b111 .
b111 Q
b10011 R
b101 -
b101 [
b100 \
b110 ,
b110 e
b111 f
b1111 +
b1111 o
b0 p
b0 *
b0 y
b11 <
b1101 E
b1101 O
b10 Y
b10 c
b1011 m
b1011 w
b0 ;
b1001 D
b1001 N
b11 X
b11 b
b100 l
b100 v
b0 >
0%
b1011001011010011 $
b1011001011010011 )
b100001110010000 #
b100001110010000 (
b1111001101 ""
b1111000001001111 &
#9770000
16
09
08
17
05
04
03
01
b1100 /
b1100 G
b1101 .
b1101 Q
b1 R
b101 +
b101 o
b110 *
b110 y
b11 z
b0 H
b1111 -
b1111 [
b0 \
b0 ,
b0 e
b11111 f
b101111111010010 !
b101111111010010 0
b10 =
b1010 <
b0 E
b0 O
b1001 Y
b1001 c
b101 m
b101 w
b111 ;
b1100 D
b1100 N
b110 X
b110 b
b0 l
b0 v
b11111 >
1%
b101100100001010 $
b101100100001010 )
b11011000111 #
b11011000111 (
b1111001110 ""
b1111011001100011 &
#9780000
15
1"
14
13
12
11
07
b11100 H
b11100 p
b11001 >
b101100101011 !
b101100101011 0
b1011 =
b1 /
b1 G
b10 .
b10 Q
b11111 R
b1010 -
b1010 [
b1011 ,
b1011 e
b1 f
b0 +
b0 o
b11101 z
b1 *
b1 y
b1100 <
b1010 E
b1010 O
b0 Y
b0 c
b10 m
b10 w
b1110 ;
b111 D
b111 N
b1010 X
b1010 b
b1110 l
b1110 v
b10000010101100 $
b10000010101100 )
b1110101001111110 #
b1110101001111110 (
b1111001111 ""
b101111111010010 &
#9790000
06
05
19
0"
04
03
18
17
02
01
b10011101101011 !
b10011101101011 0
b1011 =
b111 -
b111 [
b10000 \
b1000 ,
b1000 e
b11111 f
b110 /
b110 G
b110 H
b111 .
b111 Q
b111 R
b1 +
b1 o
b0 p
b10 *
b10 y
b11 z
b10 <
b11 E
b11 O
b1111 Y
b1111 c
b0 m
b0 w
b1001 ;
b11 D
b11 N
b1000 X
b1000 b
b1 l
b1 v
b0 >
0%
b111100110010 $
b111100110010 )
b1100000111001 #
b1100000111001 (
b1111010000 ""
b10000101100101011 &
#9800000
12
1"
11
16
15
19
14
13
18
b11111 R
b11110 p
b0 +
b0 o
b11111 z
b1 *
b1 y
b1000110100110 !
b1000110100110 0
b110 =
b11110 >
b1001 /
b1001 G
b11100 H
b1010 .
b1010 Q
b0 -
b0 [
b11110 \
b1 ,
b1 e
b111 <
b1111 E
b1111 O
b1101 Y
b1101 c
b1111 m
b1111 w
b1111 ;
b1010 D
b1010 N
b11 X
b11 b
b1111110111110111 $
b1111110111110111 )
b1001110101111 #
b1001110101111 (
b1111010001 ""
b10011101101011 &
#9810000
0"
01
02
06
b1111 *
b1111 y
b1110 +
b1110 o
b1111001001101110 !
b1111001001101110 0
b1110 =
b10111 R
b11100 \
b1 -
b1 [
b10 ,
b10 e
b1 z
b110 /
b110 G
b10110 H
b111 .
b111 Q
b0 p
b0 <
b1011 E
b1011 O
b1110 Y
b1110 c
b1010 m
b1010 w
b1101 ;
b1011 D
b1011 N
b100 l
b100 v
b11 >
1%
b1010111010110000 $
b1010111010110000 )
b100001110111101 #
b100001110111101 (
b1111010010 ""
b10001000110100110 &
#9820000
05
09
16
04
03
08
07
b1010 /
b1010 G
b10 H
b1011 .
b1011 Q
b11 R
b100 -
b100 [
b0 \
b101 ,
b101 e
b1 f
b1010 +
b1010 o
b1011 *
b1011 y
b1010010010110111 !
b1010010010110111 0
b111 =
b1110 <
b1 E
b1 O
b100 Y
b100 c
b1001 ;
b1001 D
b1001 N
b0 X
b0 b
b0 l
b0 v
b10000 >
0%
b1010010000011110 $
b1010010000011110 )
b10011001 #
b10011001 (
b1111010011 ""
b1111001001101110 &
#9830000
15
14
13
b1100 /
b1100 G
b1101 .
b1101 Q
b110 -
b110 [
b111 ,
b111 e
b0 +
b0 o
b1 *
b1 y
b11100 H
b11101 R
b11111011000 !
b11111011000 0
b1000 =
b1110 E
b1110 O
b10 Y
b10 c
b0 m
b0 w
b1110 D
b1110 N
b100 X
b100 b
b11111 >
1%
b1011101110 $
b1011101110 )
b10011101001 #
b10011101001 (
b1111010100 ""
b1010010010110111 &
#9840000
1"
19
12
11
18
17
06
b11001001111010 !
b11001001111010 0
b1010 =
b11110 p
b10000 H
b111 /
b111 G
b11111 R
b1000 .
b1000 Q
b1 -
b1 [
b11100 \
b10 ,
b10 e
b11111 f
b10 +
b10 o
b11111 z
b11 *
b11 y
b1 <
b1111 E
b1111 O
b1111 Y
b1111 c
b1011 m
b1011 w
b1000 D
b1000 N
b10 X
b10 b
b111 l
b111 v
b10 >
0%
b1011111111110001 $
b1011111111110001 )
b111001010001001 #
b111001010001001 (
b1111010101 ""
b11111011000 &
#9850000
09
0"
16
14
08
07
02
01
b1111 f
b1 /
b1 G
b11100 H
b10 .
b10 Q
b111 -
b111 [
b0 \
b1000 ,
b1000 e
b1 +
b1 o
b0 p
b10 *
b10 y
b11 z
b1100000100111 !
b1100000100111 0
b111 =
b1000 <
b110 E
b110 O
b11 Y
b11 c
b1 m
b1 w
b1110 ;
b1011 D
b1011 N
b100 X
b100 b
b0 l
b0 v
b10001 >
1%
b1001101101000 $
b1001101101000 )
b10010111110 #
b10010111110 (
b1111010110 ""
b10011001001111010 &
#9860000
05
04
03
b1001 +
b1001 o
1"
b1010 *
b1010 y
19
18
12
11
b1010010010110111 !
b1010010010110111 0
17
b0 H
b11000 p
b11011 z
b1010 /
b1010 G
b1011 .
b1011 Q
b1 R
b10110 \
b100 -
b100 [
b101 ,
b101 e
b10111 f
b1100 <
b1000 E
b1000 O
b1011 Y
b1011 c
b1101 m
b1101 w
b1010 ;
b10 D
b10 N
b1001 X
b1001 b
b1100 l
b1100 v
b1101101110001100 $
b1101101110001100 )
b1100100100101010 #
b1100100100101010 (
b1111010111 ""
b1100000100111 &
#9870000
1"
02
11
19
15
18
17
06
14
13
b1 -
b1 [
b10 ,
b10 e
b111 /
b111 G
b10000 H
b1000 .
b1000 Q
b11111 R
b11000 \
b11011 f
b1111 +
b1111 o
b0 p
b0 *
b0 y
b11111 z
b1001110110 !
b1001110110 0
b110 =
b101 <
b1001 E
b1001 O
b100 Y
b100 c
b100 m
b100 w
b1 ;
b1110 D
b1110 N
b1101 X
b1101 b
b1011 l
b1011 v
b10 >
0%
b100010010010101 $
b100010010010101 )
b1011110111100001 #
b1011110111100001 (
b1111011000 ""
b11010010010110111 &
#9880000
16
05
0"
03
04
01
b10 p
b1010 /
b1010 G
b1010 H
b1011 .
b1011 Q
b1011 R
b100 -
b100 [
b10100 \
b101 ,
b101 e
b10101 f
b10 +
b10 o
b11 *
b11 y
b11 z
b11010010110111 !
b11010010110111 0
b111 =
b111 <
b101 E
b101 O
b1010 Y
b1010 c
b1 m
b1 w
b1111 ;
b101 D
b101 N
b1010 X
b1010 b
b1 l
b1 v
b11111 >
1%
b1101001010111 $
b1101001010111 )
b1101001011111 #
b1101001011111 (
b1111011001 ""
b10000001001110110 &
#9890000
06
b1101 /
b1101 G
b1110 .
b1110 Q
b1111 z
b1000011011010011 !
b1000011011010011 0
b11 =
b1100 H
b1111 R
b110 -
b110 [
b10000 \
b111 ,
b111 e
b10001 f
b111 +
b111 o
b0 p
b1000 *
b1000 y
b0 <
b110 E
b110 O
b1000 Y
b1000 c
b111 m
b111 w
b11 ;
b111 D
b111 N
b1110 X
b1110 b
b0 l
b0 v
b0 >
0%
b111100001100000 $
b111100001100000 )
b111001110011 #
b111001110011 (
b1111011010 ""
b11010010110111 &
#9900000
16
12
15
19
1"
14
13
08
17
11
b0 /
b0 G
b11110 H
b1 .
b1 Q
b11111 R
b0 \
b11011 z
b10000000010011 !
b10000000010011 0
b11 =
b1111 -
b1111 [
b0 ,
b0 e
b11111 f
b1 +
b1 o
b11000 p
b10 *
b10 y
b11 <
b1001 E
b1001 O
b100 Y
b100 c
b1100 m
b1100 w
b1111 ;
b1011 X
b1011 b
b101 l
b101 v
b11111 >
1%
b1100010010010011 $
b1100010010010011 )
b101101101111111 #
b101101101111111 (
b1111011011 ""
b1000011011010011 &
#9910000
1"
12
11
18
b11011 >
b1010000110010 !
b1010000110010 0
b10 =
b10 /
b10 G
b11 .
b11 Q
b11 -
b11 [
b10000 \
b10111 f
b100 ,
b100 e
b11100 p
b0 +
b0 o
b1 *
b1 y
b11101 z
b1100 <
b11 E
b11 O
b1011 Y
b1011 c
b10 m
b10 w
b101 ;
b1111 D
b1111 N
b1000 X
b1000 b
b1110 l
b1110 v
b10101100111100 $
b10101100111100 )
b1110100011110101 #
b1110100011110101 (
b1111011100 ""
b10010000000010011 &
#9920000
06
19
08
17
b1111 -
b1111 [
b0 \
b0 ,
b0 e
b11111 f
b11110 p
b110 +
b110 o
b111 *
b111 y
b111000000101101 !
b111000000101101 0
b1101 =
b1 >
b11111 z
b1000 <
b1011 E
b1011 O
b100 Y
b100 c
b1111 m
b1111 w
b100 ;
b111 D
b111 N
b1011 X
b1011 b
b111 l
b111 v
b1111010010111000 $
b1111010010111000 )
b111101101110100 #
b111101101110100 (
b1111011101 ""
b10001010000110010 &
#9930000
09
07
b10100 H
b101 /
b101 G
b10111 R
b110 .
b110 Q
b1000 \
b1010 -
b1010 [
b1011 ,
b1011 e
b1001 f
b10000 p
b111 +
b111 o
b1000 *
b1000 y
b111101101010100 !
b111101101010100 0
b100 =
b0 <
b1001 m
b1001 w
b1010 D
b1010 N
b110 X
b110 b
b1110 l
b1110 v
b0 >
0%
b1001010010110000 $
b1001010010110000 )
b1110011010100100 #
b1110011010100100 (
b1111011110 ""
b10111000000101101 &
#9940000
01
15
19
0"
14
13
18
17
02
b0 -
b0 [
b11110 \
b1 ,
b1 e
b0 p
b1011000100001110 !
b1011000100001110 0
b1110 =
b0 /
b0 G
b11100 H
b1 .
b1 Q
b11101 R
b11111 f
b1010 +
b1010 o
b1011 *
b1011 y
b1 z
b11 <
b10 E
b10 O
b1001 Y
b1001 c
b10 m
b10 w
b1010 ;
b1110 D
b1110 N
b111 X
b111 b
b1000 l
b1000 v
b111 >
1%
b10100100100011 $
b10100100100011 )
b1000011111101010 #
b1000011111101010 (
b1111011111 ""
b10111101101010100 &
#9950000
1"
12
11
b1 /
b1 G
b10 .
b10 Q
b11111 R
b10001 f
b1010 +
b1010 o
b11000 p
b1011 *
b1011 y
b11001 z
b1011011100010110 !
b1011011100010110 0
b110 =
b10000 \
b110 -
b110 [
b111 ,
b111 e
b1 <
b11 E
b11 O
b1010 Y
b1010 c
b1100 m
b1100 w
b101 ;
b1100 X
b1100 b
b1110 l
b1110 v
b10 >
0%
b1100101000110001 $
b1100101000110001 )
b1110110011100101 #
b1110110011100101 (
b1111100000 ""
b1011000100001110 &
#9960000
09
16
08
07
b110 \
b1011 +
b1011 o
b1100 *
b1100 y
b11111 z
b1011 /
b1011 G
b11000 H
b1100 .
b1100 Q
b1100 -
b1100 [
b111 f
b1101 ,
b1101 e
b1011110111001101 !
b1011110111001101 0
b1101 =
b1111 <
b1110 E
b1110 O
b11 Y
b11 c
b1111 m
b1111 w
b1101 ;
b1101 D
b1101 N
b1001 X
b1001 b
b1100 l
b1100 v
b11111 >
1%
b1111001111101111 $
b1111001111101111 )
b1100100111011101 #
b1100100111011101 (
b1111100001 ""
b11011011100010110 &
#9970000
b100 .
b100 Q
05
19
b11 /
b11 G
04
03
18
17
b1010100001000001 !
b1010100001000001 0
b1 =
b111 R
b1001 +
b1001 o
b1010 *
b1010 y
b11011 z
b0 H
b1000 -
b1000 [
b11100 \
b1001 ,
b1001 e
b11101 f
b11 <
b11 E
b11 O
b1010 Y
b1010 c
b1101 m
b1101 w
b0 D
b0 N
b1110 X
b1110 b
b1101101000110011 $
b1101101000110011 )
b1100111000001101 #
b1100111000001101 (
b1111100010 ""
b11011110111001101 &
#9980000
14
09
08
07
15
13
b10000 p
b11100 H
b1 /
b1 G
b11111 R
b10 .
b10 Q
b10 \
b1110 -
b1110 [
b11 f
b1111 ,
b1111 e
b110 +
b110 o
b111 *
b111 y
b10001 z
b110111100100000 !
b110111100100000 0
b0 =
b1011 <
b1001 Y
b1001 c
b1000 m
b1000 w
b101 ;
b1110 D
b1110 N
b101 X
b101 b
b1110 l
b1110 v
b11110 >
0%
b1000100100111011 $
b1000100100111011 )
b1110010111100101 #
b1110010111100101 (
b1111100011 ""
b11010100001000001 &
#9990000
09
08
17
05
06
04
03
b1101 +
b1101 o
b11100 p
b1110 *
b1110 y
b11111 z
b1101111110101010 !
b1101111110101010 0
b1010 =
b0 >
b1010 /
b1010 G
b10 H
b1011 .
b1011 Q
b11 R
b1111 -
b1111 [
b0 \
b0 ,
b0 e
b11111 f
b10 <
b1 E
b1 O
b101 Y
b101 c
b1111 m
b1111 w
b1000 ;
b1001 D
b1001 N
b1010 X
b1010 b
b1111010100010010 $
b1111010100010010 )
b1110101010011000 #
b1110101010011000 (
b1111100100 ""
b10110111100100000 &
#10000000
16
19
15
14
13
b11100 H
b1000 /
b1000 G
b11101 R
b1001 .
b1001 Q
b110 +
b110 o
b11110 p
b111 *
b111 y
b111000010010001 !
b111000010010001 0
b1 =
b1101 <
b1010 E
b1010 O
b111 Y
b111 c
b111 m
b111 w
b11 ;
b1110 D
b1110 N
b1000 X
b1000 b
b1111 l
b1111 v
b11111 >
1%
b111011110101101 $
b111011110101101 )
b1111100011100011 #
b1111100011100011 (
b1111100101 ""
b11101111110101010 &
#10010000
18
b100101100100011 !
b100101100100011 0
b11 =
b1 /
b1 G
b10 .
b10 Q
b11111 R
b1010 -
b1010 [
b11110 \
b1011 ,
b1011 e
b11000 p
b11 +
b11 o
b100 *
b100 y
b11 <
b110 E
b110 O
b1111 Y
b1111 c
b1111 ;
b1011 D
b1011 N
b1011 X
b1011 b
b1100 l
b1100 v
b111111101100011 $
b111111101100011 )
b1100101110111111 #
b1100101110111111 (
b1111100110 ""
b10111000010010001 &
#10020000
0"
09
01
06
08
05
03
04
02
b1110111111001111 !
b1110111111001111 0
b1111 =
b1110 +
b1110 o
b0 p
b1 z
b1111 *
b1111 y
b1100 /
b1100 G
b0 H
b1101 .
b1101 Q
b1 R
b0 \
b1111 -
b1111 [
b0 ,
b0 e
b1101 <
b0 E
b0 O
b1011 Y
b1011 c
b10 m
b10 w
b10 ;
b1100 D
b1100 N
b100 X
b100 b
b0 >
0%
b10101100001101 $
b10101100001101 )
b1100010011000010 #
b1100010011000010 (
b1111100111 ""
b10100101100100011 &
#10030000
b1111101000 ""
b1110111111001111 &
