#! /usr/bin/vvp
:ivl_version "12.0 (stable)";
:ivl_delay_selection "TYPICAL";
:vpi_time_precision - 12;
:vpi_module "/usr/lib/x86_64-linux-gnu/ivl/system.vpi";
:vpi_module "/usr/lib/x86_64-linux-gnu/ivl/vhdl_sys.vpi";
:vpi_module "/usr/lib/x86_64-linux-gnu/ivl/vhdl_textio.vpi";
:vpi_module "/usr/lib/x86_64-linux-gnu/ivl/v2005_math.vpi";
:vpi_module "/usr/lib/x86_64-linux-gnu/ivl/va_math.vpi";
:vpi_module "/usr/lib/x86_64-linux-gnu/ivl/v2009.vpi";
S_0x61eab2b14640 .scope package, "$unit" "$unit" 2 1;
 .timescale 0 0;
S_0x61eab2c0a750 .scope module, "tb_array_mul" "tb_array_mul" 3 3;
 .timescale -9 -12;
v0x61eab2c34d30_0 .var "a", 7 0;
v0x61eab2c34df0_0 .var "b", 7 0;
v0x61eab2c34ec0_0 .var/i "errors", 31 0;
v0x61eab2c34f90_0 .var "expected", 15 0;
v0x61eab2c35070_0 .var/i "i", 31 0;
v0x61eab2c351a0_0 .var/i "j", 31 0;
v0x61eab2c35280_0 .net "p", 15 0, L_0x61eab2c67b80;  1 drivers
S_0x61eab2bf7400 .scope module, "dut" "array_mul" 3 12, 4 3 0, S_0x61eab2c0a750;
 .timescale -9 -12;
    .port_info 0 /INPUT 8 "a";
    .port_info 1 /INPUT 8 "b";
    .port_info 2 /OUTPUT 16 "p";
L_0x61eab2c66100 .functor BUFZ 8, L_0x61eab2c36710, C4<00000000>, C4<00000000>, C4<00000000>;
v0x61eab2c341a0_0 .net *"_ivl_183", 0 0, L_0x61eab2c66280;  1 drivers
v0x61eab2c342a0_0 .net "a", 7 0, v0x61eab2c34d30_0;  1 drivers
v0x61eab2c34380_0 .net "b", 7 0, v0x61eab2c34df0_0;  1 drivers
L_0x74534b7b7210 .functor BUFT 1, C4<00000000>, C4<0>, C4<0>, C4<0>;
v0x61eab2c34470 .array "c_out", 7 0;
v0x61eab2c34470_0 .net v0x61eab2c34470 0, 7 0, L_0x74534b7b7210; 1 drivers
v0x61eab2c34470_1 .net v0x61eab2c34470 1, 7 0, L_0x61eab2c46e20; 1 drivers
v0x61eab2c34470_2 .net v0x61eab2c34470 2, 7 0, L_0x61eab2c4ba60; 1 drivers
v0x61eab2c34470_3 .net v0x61eab2c34470 3, 7 0, L_0x61eab2c50690; 1 drivers
v0x61eab2c34470_4 .net v0x61eab2c34470 4, 7 0, L_0x61eab2c55260; 1 drivers
v0x61eab2c34470_5 .net v0x61eab2c34470 5, 7 0, L_0x61eab2c59f00; 1 drivers
v0x61eab2c34470_6 .net v0x61eab2c34470 6, 7 0, L_0x61eab2c5ebd0; 1 drivers
v0x61eab2c34470_7 .net v0x61eab2c34470 7, 7 0, L_0x61eab2c63920; 1 drivers
v0x61eab2c34680_0 .net "cpa_carry", 7 0, L_0x61eab2c683a0;  1 drivers
v0x61eab2c347b0_0 .net "p", 15 0, L_0x61eab2c67b80;  alias, 1 drivers
v0x61eab2c34890 .array "pp", 7 0;
v0x61eab2c34890_0 .net v0x61eab2c34890 0, 7 0, L_0x61eab2c36710; 1 drivers
v0x61eab2c34890_1 .net v0x61eab2c34890 1, 7 0, L_0x61eab2c38090; 1 drivers
v0x61eab2c34890_2 .net v0x61eab2c34890 2, 7 0, L_0x61eab2c39520; 1 drivers
v0x61eab2c34890_3 .net v0x61eab2c34890 3, 7 0, L_0x61eab2c3acb0; 1 drivers
v0x61eab2c34890_4 .net v0x61eab2c34890 4, 7 0, L_0x61eab2c3c940; 1 drivers
v0x61eab2c34890_5 .net v0x61eab2c34890 5, 7 0, L_0x61eab2c3e060; 1 drivers
v0x61eab2c34890_6 .net v0x61eab2c34890 6, 7 0, L_0x61eab2c3fc20; 1 drivers
v0x61eab2c34890_7 .net v0x61eab2c34890 7, 7 0, L_0x61eab2c40fd0; 1 drivers
v0x61eab2c34aa0 .array "s", 7 0;
v0x61eab2c34aa0_0 .net v0x61eab2c34aa0 0, 7 0, L_0x61eab2c66100; 1 drivers
v0x61eab2c34aa0_1 .net v0x61eab2c34aa0 1, 7 0, L_0x61eab2c46a60; 1 drivers
v0x61eab2c34aa0_2 .net v0x61eab2c34aa0 2, 7 0, L_0x61eab2c4b6a0; 1 drivers
v0x61eab2c34aa0_3 .net v0x61eab2c34aa0 3, 7 0, L_0x61eab2c502d0; 1 drivers
v0x61eab2c34aa0_4 .net v0x61eab2c34aa0 4, 7 0, L_0x61eab2c54ea0; 1 drivers
v0x61eab2c34aa0_5 .net v0x61eab2c34aa0 5, 7 0, L_0x61eab2c59b40; 1 drivers
v0x61eab2c34aa0_6 .net v0x61eab2c34aa0 6, 7 0, L_0x61eab2c5e810; 1 drivers
v0x61eab2c34aa0_7 .net v0x61eab2c34aa0 7, 7 0, L_0x61eab2c63560; 1 drivers
L_0x61eab2c35340 .part v0x61eab2c34d30_0, 0, 1;
L_0x61eab2c35460 .part v0x61eab2c34df0_0, 0, 1;
L_0x61eab2c35660 .part v0x61eab2c34d30_0, 1, 1;
L_0x61eab2c35700 .part v0x61eab2c34df0_0, 0, 1;
L_0x61eab2c35910 .part v0x61eab2c34d30_0, 2, 1;
L_0x61eab2c359b0 .part v0x61eab2c34df0_0, 0, 1;
L_0x61eab2c35b90 .part v0x61eab2c34d30_0, 3, 1;
L_0x61eab2c35c30 .part v0x61eab2c34df0_0, 0, 1;
L_0x61eab2c35e30 .part v0x61eab2c34d30_0, 4, 1;
L_0x61eab2c35ed0 .part v0x61eab2c34df0_0, 0, 1;
L_0x61eab2c360e0 .part v0x61eab2c34d30_0, 5, 1;
L_0x61eab2c36180 .part v0x61eab2c34df0_0, 0, 1;
L_0x61eab2c363a0 .part v0x61eab2c34d30_0, 6, 1;
L_0x61eab2c36440 .part v0x61eab2c34df0_0, 0, 1;
L_0x61eab2c36a30 .part v0x61eab2c34d30_0, 7, 1;
L_0x61eab2c36ad0 .part v0x61eab2c34df0_0, 0, 1;
L_0x61eab2c36cf0 .part v0x61eab2c34d30_0, 0, 1;
L_0x61eab2c36d90 .part v0x61eab2c34df0_0, 1, 1;
L_0x61eab2c36f70 .part v0x61eab2c34d30_0, 1, 1;
L_0x61eab2c37010 .part v0x61eab2c34df0_0, 1, 1;
L_0x61eab2c37200 .part v0x61eab2c34d30_0, 2, 1;
L_0x61eab2c372a0 .part v0x61eab2c34df0_0, 1, 1;
L_0x61eab2c374a0 .part v0x61eab2c34d30_0, 3, 1;
L_0x61eab2c37540 .part v0x61eab2c34df0_0, 1, 1;
L_0x61eab2c37700 .part v0x61eab2c34d30_0, 4, 1;
L_0x61eab2c377a0 .part v0x61eab2c34df0_0, 1, 1;
L_0x61eab2c37970 .part v0x61eab2c34d30_0, 5, 1;
L_0x61eab2c37a10 .part v0x61eab2c34df0_0, 1, 1;
L_0x61eab2c37bf0 .part v0x61eab2c34d30_0, 6, 1;
L_0x61eab2c37c90 .part v0x61eab2c34df0_0, 1, 1;
L_0x61eab2c383b0 .part v0x61eab2c34d30_0, 7, 1;
L_0x61eab2c38450 .part v0x61eab2c34df0_0, 1, 1;
L_0x61eab2c386a0 .part v0x61eab2c34d30_0, 0, 1;
L_0x61eab2c38740 .part v0x61eab2c34df0_0, 2, 1;
L_0x61eab2c38900 .part v0x61eab2c34d30_0, 1, 1;
L_0x61eab2c389a0 .part v0x61eab2c34df0_0, 2, 1;
L_0x61eab2c38b70 .part v0x61eab2c34d30_0, 2, 1;
L_0x61eab2c38c10 .part v0x61eab2c34df0_0, 2, 1;
L_0x61eab2c38df0 .part v0x61eab2c34d30_0, 3, 1;
L_0x61eab2c38e90 .part v0x61eab2c34df0_0, 2, 1;
L_0x61eab2c39080 .part v0x61eab2c34d30_0, 4, 1;
L_0x61eab2c39120 .part v0x61eab2c34df0_0, 2, 1;
L_0x61eab2c39320 .part v0x61eab2c34d30_0, 5, 1;
L_0x61eab2c393c0 .part v0x61eab2c34df0_0, 2, 1;
L_0x61eab2c395d0 .part v0x61eab2c34d30_0, 6, 1;
L_0x61eab2c39670 .part v0x61eab2c34df0_0, 2, 1;
L_0x61eab2c39b10 .part v0x61eab2c34d30_0, 7, 1;
L_0x61eab2c39bb0 .part v0x61eab2c34df0_0, 2, 1;
L_0x61eab2c39de0 .part v0x61eab2c34d30_0, 0, 1;
L_0x61eab2c39e80 .part v0x61eab2c34df0_0, 3, 1;
L_0x61eab2c3a0c0 .part v0x61eab2c34d30_0, 1, 1;
L_0x61eab2c3a160 .part v0x61eab2c34df0_0, 3, 1;
L_0x61eab2c39fc0 .part v0x61eab2c34d30_0, 2, 1;
L_0x61eab2c3a3b0 .part v0x61eab2c34df0_0, 3, 1;
L_0x61eab2c3a310 .part v0x61eab2c34d30_0, 3, 1;
L_0x61eab2c3a610 .part v0x61eab2c34df0_0, 3, 1;
L_0x61eab2c3a560 .part v0x61eab2c34d30_0, 4, 1;
L_0x61eab2c3a880 .part v0x61eab2c34df0_0, 3, 1;
L_0x61eab2c3a7c0 .part v0x61eab2c34d30_0, 5, 1;
L_0x61eab2c3ab00 .part v0x61eab2c34df0_0, 3, 1;
L_0x61eab2c3aa30 .part v0x61eab2c34d30_0, 6, 1;
L_0x61eab2c3b1a0 .part v0x61eab2c34df0_0, 3, 1;
L_0x61eab2c3ba80 .part v0x61eab2c34d30_0, 7, 1;
L_0x61eab2c3bb20 .part v0x61eab2c34df0_0, 3, 1;
L_0x61eab2c3b7b0 .part v0x61eab2c34d30_0, 0, 1;
L_0x61eab2c3bdd0 .part v0x61eab2c34df0_0, 4, 1;
L_0x61eab2c3bcd0 .part v0x61eab2c34d30_0, 1, 1;
L_0x61eab2c3c090 .part v0x61eab2c34df0_0, 4, 1;
L_0x61eab2c3bf80 .part v0x61eab2c34d30_0, 2, 1;
L_0x61eab2c3c360 .part v0x61eab2c34df0_0, 4, 1;
L_0x61eab2c3c180 .part v0x61eab2c34d30_0, 3, 1;
L_0x61eab2c3c220 .part v0x61eab2c34df0_0, 4, 1;
L_0x61eab2c3c6f0 .part v0x61eab2c34d30_0, 4, 1;
L_0x61eab2c3c790 .part v0x61eab2c34df0_0, 4, 1;
L_0x61eab2c3c510 .part v0x61eab2c34d30_0, 5, 1;
L_0x61eab2c3c5b0 .part v0x61eab2c34df0_0, 4, 1;
L_0x61eab2c3cbb0 .part v0x61eab2c34d30_0, 6, 1;
L_0x61eab2c3cc50 .part v0x61eab2c34df0_0, 4, 1;
L_0x61eab2c3d150 .part v0x61eab2c34d30_0, 7, 1;
L_0x61eab2c3d1f0 .part v0x61eab2c34df0_0, 4, 1;
L_0x61eab2c3ce50 .part v0x61eab2c34d30_0, 0, 1;
L_0x61eab2c3d520 .part v0x61eab2c34df0_0, 5, 1;
L_0x61eab2c3d330 .part v0x61eab2c34d30_0, 1, 1;
L_0x61eab2c3d3d0 .part v0x61eab2c34df0_0, 5, 1;
L_0x61eab2c3d910 .part v0x61eab2c34d30_0, 2, 1;
L_0x61eab2c3d9b0 .part v0x61eab2c34df0_0, 5, 1;
L_0x61eab2c3d6d0 .part v0x61eab2c34d30_0, 3, 1;
L_0x61eab2c3d770 .part v0x61eab2c34df0_0, 5, 1;
L_0x61eab2c3dde0 .part v0x61eab2c34d30_0, 4, 1;
L_0x61eab2c3de80 .part v0x61eab2c34df0_0, 5, 1;
L_0x61eab2c3db60 .part v0x61eab2c34d30_0, 5, 1;
L_0x61eab2c3dc00 .part v0x61eab2c34df0_0, 5, 1;
L_0x61eab2c3e2b0 .part v0x61eab2c34d30_0, 6, 1;
L_0x61eab2c3e350 .part v0x61eab2c34df0_0, 5, 1;
L_0x61eab2c3e880 .part v0x61eab2c34d30_0, 7, 1;
L_0x61eab2c3e920 .part v0x61eab2c34df0_0, 5, 1;
L_0x61eab2c3e550 .part v0x61eab2c34d30_0, 0, 1;
L_0x61eab2c3e5f0 .part v0x61eab2c34df0_0, 6, 1;
L_0x61eab2c3eda0 .part v0x61eab2c34d30_0, 1, 1;
L_0x61eab2c3ee40 .part v0x61eab2c34df0_0, 6, 1;
L_0x61eab2c3ead0 .part v0x61eab2c34d30_0, 2, 1;
L_0x61eab2c3eb70 .part v0x61eab2c34df0_0, 6, 1;
L_0x61eab2c3f270 .part v0x61eab2c34d30_0, 3, 1;
L_0x61eab2c3f310 .part v0x61eab2c34df0_0, 6, 1;
L_0x61eab2c3eff0 .part v0x61eab2c34d30_0, 4, 1;
L_0x61eab2c3f090 .part v0x61eab2c34df0_0, 6, 1;
L_0x61eab2c3f760 .part v0x61eab2c34d30_0, 5, 1;
L_0x61eab2c3f800 .part v0x61eab2c34df0_0, 6, 1;
L_0x61eab2c3f4c0 .part v0x61eab2c34d30_0, 6, 1;
L_0x61eab2c3f560 .part v0x61eab2c34df0_0, 6, 1;
L_0x61eab2c3ff40 .part v0x61eab2c34d30_0, 7, 1;
L_0x61eab2c3ffe0 .part v0x61eab2c34df0_0, 6, 1;
L_0x61eab2c3fa00 .part v0x61eab2c34d30_0, 0, 1;
L_0x61eab2c3faa0 .part v0x61eab2c34df0_0, 7, 1;
L_0x61eab2c40470 .part v0x61eab2c34d30_0, 1, 1;
L_0x61eab2c40510 .part v0x61eab2c34df0_0, 7, 1;
L_0x61eab2c40190 .part v0x61eab2c34d30_0, 2, 1;
L_0x61eab2c40230 .part v0x61eab2c34df0_0, 7, 1;
L_0x61eab2c40970 .part v0x61eab2c34d30_0, 3, 1;
L_0x61eab2c40a10 .part v0x61eab2c34df0_0, 7, 1;
L_0x61eab2c406c0 .part v0x61eab2c34d30_0, 4, 1;
L_0x61eab2c40760 .part v0x61eab2c34df0_0, 7, 1;
L_0x61eab2c40e90 .part v0x61eab2c34d30_0, 5, 1;
L_0x61eab2c40f30 .part v0x61eab2c34df0_0, 7, 1;
L_0x61eab2c40bc0 .part v0x61eab2c34d30_0, 6, 1;
L_0x61eab2c40c60 .part v0x61eab2c34df0_0, 7, 1;
L_0x61eab2c412a0 .part v0x61eab2c34d30_0, 7, 1;
L_0x61eab2c427e0 .part v0x61eab2c34df0_0, 7, 1;
L_0x61eab2c644c0 .part L_0x61eab2c683a0, 0, 1;
L_0x61eab2c64e10 .part L_0x61eab2c683a0, 1, 1;
L_0x61eab2c65760 .part L_0x61eab2c683a0, 2, 1;
L_0x61eab2c65f40 .part L_0x61eab2c683a0, 3, 1;
L_0x61eab2c66830 .part L_0x61eab2c683a0, 4, 1;
L_0x61eab2c67120 .part L_0x61eab2c683a0, 5, 1;
L_0x61eab2c66280 .part L_0x61eab2c66100, 0, 1;
L_0x61eab2c679b0 .part L_0x61eab2c63560, 1, 1;
L_0x61eab2c67250 .part L_0x61eab2c63920, 0, 1;
L_0x61eab2c68270 .part L_0x61eab2c63920, 7, 1;
L_0x61eab2c67a50 .part L_0x61eab2c683a0, 6, 1;
LS_0x61eab2c67b80_0_0 .concat8 [ 1 1 1 1], L_0x61eab2c66280, L_0x61eab2c42480, L_0x61eab2c47140, L_0x61eab2c4bdd0;
LS_0x61eab2c67b80_0_4 .concat8 [ 1 1 1 1], L_0x61eab2c50a00, L_0x61eab2c555d0, L_0x61eab2c5a270, L_0x61eab2c5ef40;
LS_0x61eab2c67b80_0_8 .concat8 [ 1 1 1 1], L_0x61eab2c66390, L_0x61eab2c63d00, L_0x61eab2c64660, L_0x61eab2c428f0;
LS_0x61eab2c67b80_0_12 .concat8 [ 1 1 1 1], L_0x61eab2c65900, L_0x61eab2c64fb0, L_0x61eab2c669d0, L_0x61eab2c67590;
L_0x61eab2c67b80 .concat8 [ 4 4 4 4], LS_0x61eab2c67b80_0_0, LS_0x61eab2c67b80_0_4, LS_0x61eab2c67b80_0_8, LS_0x61eab2c67b80_0_12;
LS_0x61eab2c683a0_0_0 .concat8 [ 1 1 1 1], L_0x61eab2c678a0, L_0x61eab2c64150, L_0x61eab2c64a10, L_0x61eab2c65360;
LS_0x61eab2c683a0_0_4 .concat8 [ 1 1 1 1], L_0x61eab2c65bd0, L_0x61eab2c652c0, L_0x61eab2c66d30, L_0x61eab2c680d0;
L_0x61eab2c683a0 .concat8 [ 4 4 0 0], LS_0x61eab2c683a0_0_0, LS_0x61eab2c683a0_0_4;
S_0x61eab2bf5f80 .scope module, "fa_cpa0" "full_adder" 4 52, 5 3 0, S_0x61eab2bf7400;
 .timescale -9 -12;
    .port_info 0 /INPUT 1 "a";
    .port_info 1 /INPUT 1 "b";
    .port_info 2 /INPUT 1 "cin";
    .port_info 3 /OUTPUT 1 "sum";
    .port_info 4 /OUTPUT 1 "cout";
L_0x61eab2c66320 .functor XOR 1, L_0x61eab2c679b0, L_0x61eab2c67250, C4<0>, C4<0>;
L_0x74534b7b7258 .functor BUFT 1, C4<0>, C4<0>, C4<0>, C4<0>;
L_0x61eab2c66390 .functor XOR 1, L_0x61eab2c66320, L_0x74534b7b7258, C4<0>, C4<0>;
L_0x61eab2c66400 .functor AND 1, L_0x61eab2c679b0, L_0x61eab2c67250, C4<1>, C4<1>;
L_0x61eab2c664c0 .functor AND 1, L_0x61eab2c67250, L_0x74534b7b7258, C4<1>, C4<1>;
L_0x61eab2c676e0 .functor OR 1, L_0x61eab2c66400, L_0x61eab2c664c0, C4<0>, C4<0>;
L_0x61eab2c677f0 .functor AND 1, L_0x61eab2c679b0, L_0x74534b7b7258, C4<1>, C4<1>;
L_0x61eab2c678a0 .functor OR 1, L_0x61eab2c676e0, L_0x61eab2c677f0, C4<0>, C4<0>;
v0x61eab2c02d50_0 .net *"_ivl_0", 0 0, L_0x61eab2c66320;  1 drivers
v0x61eab2bff800_0 .net *"_ivl_10", 0 0, L_0x61eab2c677f0;  1 drivers
v0x61eab2bfc2b0_0 .net *"_ivl_4", 0 0, L_0x61eab2c66400;  1 drivers
v0x61eab2bf8d60_0 .net *"_ivl_6", 0 0, L_0x61eab2c664c0;  1 drivers
v0x61eab2bf5810_0 .net *"_ivl_8", 0 0, L_0x61eab2c676e0;  1 drivers
v0x61eab2be3900_0 .net "a", 0 0, L_0x61eab2c679b0;  1 drivers
v0x61eab2c078b0_0 .net "b", 0 0, L_0x61eab2c67250;  1 drivers
v0x61eab2bcfd10_0 .net "cin", 0 0, L_0x74534b7b7258;  1 drivers
v0x61eab2bb0540_0 .net "cout", 0 0, L_0x61eab2c678a0;  1 drivers
v0x61eab2b90d70_0 .net "sum", 0 0, L_0x61eab2c66390;  1 drivers
S_0x61eab2bfa950 .scope module, "fa_cpa7" "full_adder" 4 72, 5 3 0, S_0x61eab2bf7400;
 .timescale -9 -12;
    .port_info 0 /INPUT 1 "a";
    .port_info 1 /INPUT 1 "b";
    .port_info 2 /INPUT 1 "cin";
    .port_info 3 /OUTPUT 1 "sum";
    .port_info 4 /OUTPUT 1 "cout";
L_0x74534b7b72a0 .functor BUFT 1, C4<0>, C4<0>, C4<0>, C4<0>;
L_0x61eab2c67520 .functor XOR 1, L_0x74534b7b72a0, L_0x61eab2c68270, C4<0>, C4<0>;
L_0x61eab2c67590 .functor XOR 1, L_0x61eab2c67520, L_0x61eab2c67a50, C4<0>, C4<0>;
L_0x61eab2c67600 .functor AND 1, L_0x74534b7b72a0, L_0x61eab2c68270, C4<1>, C4<1>;
L_0x61eab2c67ea0 .functor AND 1, L_0x61eab2c68270, L_0x61eab2c67a50, C4<1>, C4<1>;
L_0x61eab2c67f10 .functor OR 1, L_0x61eab2c67600, L_0x61eab2c67ea0, C4<0>, C4<0>;
L_0x61eab2c68020 .functor AND 1, L_0x74534b7b72a0, L_0x61eab2c67a50, C4<1>, C4<1>;
L_0x61eab2c680d0 .functor OR 1, L_0x61eab2c67f10, L_0x61eab2c68020, C4<0>, C4<0>;
v0x61eab2b715a0_0 .net *"_ivl_0", 0 0, L_0x61eab2c67520;  1 drivers
v0x61eab2b51dd0_0 .net *"_ivl_10", 0 0, L_0x61eab2c68020;  1 drivers
v0x61eab2b32600_0 .net *"_ivl_4", 0 0, L_0x61eab2c67600;  1 drivers
v0x61eab2b0ec10_0 .net *"_ivl_6", 0 0, L_0x61eab2c67ea0;  1 drivers
v0x61eab2c03e40_0 .net *"_ivl_8", 0 0, L_0x61eab2c67f10;  1 drivers
v0x61eab2bb0e00_0 .net "a", 0 0, L_0x74534b7b72a0;  1 drivers
v0x61eab2bb1850_0 .net "b", 0 0, L_0x61eab2c68270;  1 drivers
v0x61eab2bb4d40_0 .net "cin", 0 0, L_0x61eab2c67a50;  1 drivers
v0x61eab2bb4eb0_0 .net "cout", 0 0, L_0x61eab2c680d0;  1 drivers
v0x61eab2bb8c30_0 .net "sum", 0 0, L_0x61eab2c67590;  1 drivers
S_0x61eab2bf94d0 .scope generate, "gen_cpa[1]" "gen_cpa[1]" 4 61, 4 61 0, S_0x61eab2bf7400;
 .timescale -9 -12;
P_0x61eab2bf7990 .param/l "c" 1 4 61, +C4<01>;
L_0x61eab2c64260 .part L_0x61eab2c63560, 2, 1;
L_0x61eab2c64390 .part L_0x61eab2c63920, 1, 1;
S_0x61eab2bfdea0 .scope module, "fa_cpa" "full_adder" 4 62, 5 3 0, S_0x61eab2bf94d0;
 .timescale -9 -12;
    .port_info 0 /INPUT 1 "a";
    .port_info 1 /INPUT 1 "b";
    .port_info 2 /INPUT 1 "cin";
    .port_info 3 /OUTPUT 1 "sum";
    .port_info 4 /OUTPUT 1 "cout";
L_0x61eab2c63c90 .functor XOR 1, L_0x61eab2c64260, L_0x61eab2c64390, C4<0>, C4<0>;
L_0x61eab2c63d00 .functor XOR 1, L_0x61eab2c63c90, L_0x61eab2c644c0, C4<0>, C4<0>;
L_0x61eab2c63dc0 .functor AND 1, L_0x61eab2c64260, L_0x61eab2c64390, C4<1>, C4<1>;
L_0x61eab2c63ed0 .functor AND 1, L_0x61eab2c64390, L_0x61eab2c644c0, C4<1>, C4<1>;
L_0x61eab2c63f90 .functor OR 1, L_0x61eab2c63dc0, L_0x61eab2c63ed0, C4<0>, C4<0>;
L_0x61eab2c640a0 .functor AND 1, L_0x61eab2c64260, L_0x61eab2c644c0, C4<1>, C4<1>;
L_0x61eab2c64150 .functor OR 1, L_0x61eab2c63f90, L_0x61eab2c640a0, C4<0>, C4<0>;
v0x61eab2bb8e40_0 .net *"_ivl_0", 0 0, L_0x61eab2c63c90;  1 drivers
v0x61eab2bb9330_0 .net *"_ivl_10", 0 0, L_0x61eab2c640a0;  1 drivers
v0x61eab2bbcbc0_0 .net *"_ivl_4", 0 0, L_0x61eab2c63dc0;  1 drivers
v0x61eab2bbcdd0_0 .net *"_ivl_6", 0 0, L_0x61eab2c63ed0;  1 drivers
v0x61eab2bbd2c0_0 .net *"_ivl_8", 0 0, L_0x61eab2c63f90;  1 drivers
v0x61eab2bc0b50_0 .net "a", 0 0, L_0x61eab2c64260;  1 drivers
v0x61eab2bc0d60_0 .net "b", 0 0, L_0x61eab2c64390;  1 drivers
v0x61eab2bc1250_0 .net "cin", 0 0, L_0x61eab2c644c0;  1 drivers
v0x61eab2bc4ae0_0 .net "cout", 0 0, L_0x61eab2c64150;  1 drivers
v0x61eab2bc51e0_0 .net "sum", 0 0, L_0x61eab2c63d00;  1 drivers
S_0x61eab2bfca20 .scope generate, "gen_cpa[2]" "gen_cpa[2]" 4 61, 4 61 0, S_0x61eab2bf7400;
 .timescale -9 -12;
P_0x61eab2bbcc80 .param/l "c" 1 4 61, +C4<010>;
L_0x61eab2c64b20 .part L_0x61eab2c63560, 3, 1;
L_0x61eab2c64ce0 .part L_0x61eab2c63920, 2, 1;
S_0x61eab2c013f0 .scope module, "fa_cpa" "full_adder" 4 62, 5 3 0, S_0x61eab2bfca20;
 .timescale -9 -12;
    .port_info 0 /INPUT 1 "a";
    .port_info 1 /INPUT 1 "b";
    .port_info 2 /INPUT 1 "cin";
    .port_info 3 /OUTPUT 1 "sum";
    .port_info 4 /OUTPUT 1 "cout";
L_0x61eab2c645f0 .functor XOR 1, L_0x61eab2c64b20, L_0x61eab2c64ce0, C4<0>, C4<0>;
L_0x61eab2c64660 .functor XOR 1, L_0x61eab2c645f0, L_0x61eab2c64e10, C4<0>, C4<0>;
L_0x61eab2c646d0 .functor AND 1, L_0x61eab2c64b20, L_0x61eab2c64ce0, C4<1>, C4<1>;
L_0x61eab2c64790 .functor AND 1, L_0x61eab2c64ce0, L_0x61eab2c64e10, C4<1>, C4<1>;
L_0x61eab2c64850 .functor OR 1, L_0x61eab2c646d0, L_0x61eab2c64790, C4<0>, C4<0>;
L_0x61eab2c64960 .functor AND 1, L_0x61eab2c64b20, L_0x61eab2c64e10, C4<1>, C4<1>;
L_0x61eab2c64a10 .functor OR 1, L_0x61eab2c64850, L_0x61eab2c64960, C4<0>, C4<0>;
v0x61eab2bc8a70_0 .net *"_ivl_0", 0 0, L_0x61eab2c645f0;  1 drivers
v0x61eab2bc8c80_0 .net *"_ivl_10", 0 0, L_0x61eab2c64960;  1 drivers
v0x61eab2bc9170_0 .net *"_ivl_4", 0 0, L_0x61eab2c646d0;  1 drivers
v0x61eab2bc9900_0 .net *"_ivl_6", 0 0, L_0x61eab2c64790;  1 drivers
v0x61eab2bcce30_0 .net *"_ivl_8", 0 0, L_0x61eab2c64850;  1 drivers
v0x61eab2bcd5c0_0 .net "a", 0 0, L_0x61eab2c64b20;  1 drivers
v0x61eab2bd05d0_0 .net "b", 0 0, L_0x61eab2c64ce0;  1 drivers
v0x61eab2bd1020_0 .net "cin", 0 0, L_0x61eab2c64e10;  1 drivers
v0x61eab2bd4510_0 .net "cout", 0 0, L_0x61eab2c64a10;  1 drivers
v0x61eab2bd4b70_0 .net "sum", 0 0, L_0x61eab2c64660;  1 drivers
S_0x61eab2bfff70 .scope generate, "gen_cpa[3]" "gen_cpa[3]" 4 61, 4 61 0, S_0x61eab2bf7400;
 .timescale -9 -12;
P_0x61eab2bd0690 .param/l "c" 1 4 61, +C4<011>;
L_0x61eab2c65470 .part L_0x61eab2c63560, 4, 1;
L_0x61eab2c655a0 .part L_0x61eab2c63920, 3, 1;
S_0x61eab2b16210 .scope module, "fa_cpa" "full_adder" 4 62, 5 3 0, S_0x61eab2bfff70;
 .timescale -9 -12;
    .port_info 0 /INPUT 1 "a";
    .port_info 1 /INPUT 1 "b";
    .port_info 2 /INPUT 1 "cin";
    .port_info 3 /OUTPUT 1 "sum";
    .port_info 4 /OUTPUT 1 "cout";
L_0x61eab2c42880 .functor XOR 1, L_0x61eab2c65470, L_0x61eab2c655a0, C4<0>, C4<0>;
L_0x61eab2c428f0 .functor XOR 1, L_0x61eab2c42880, L_0x61eab2c65760, C4<0>, C4<0>;
L_0x61eab2c42960 .functor AND 1, L_0x61eab2c65470, L_0x61eab2c655a0, C4<1>, C4<1>;
L_0x61eab2c429d0 .functor AND 1, L_0x61eab2c655a0, L_0x61eab2c65760, C4<1>, C4<1>;
L_0x61eab2c42a90 .functor OR 1, L_0x61eab2c42960, L_0x61eab2c429d0, C4<0>, C4<0>;
L_0x61eab2c42ba0 .functor AND 1, L_0x61eab2c65470, L_0x61eab2c65760, C4<1>, C4<1>;
L_0x61eab2c65360 .functor OR 1, L_0x61eab2c42a90, L_0x61eab2c42ba0, C4<0>, C4<0>;
v0x61eab2bd8400_0 .net *"_ivl_0", 0 0, L_0x61eab2c42880;  1 drivers
v0x61eab2bd8610_0 .net *"_ivl_10", 0 0, L_0x61eab2c42ba0;  1 drivers
v0x61eab2bd8b00_0 .net *"_ivl_4", 0 0, L_0x61eab2c42960;  1 drivers
v0x61eab2bdc390_0 .net *"_ivl_6", 0 0, L_0x61eab2c429d0;  1 drivers
v0x61eab2bdc5a0_0 .net *"_ivl_8", 0 0, L_0x61eab2c42a90;  1 drivers
v0x61eab2bdca90_0 .net "a", 0 0, L_0x61eab2c65470;  1 drivers
v0x61eab2be0320_0 .net "b", 0 0, L_0x61eab2c655a0;  1 drivers
v0x61eab2be0530_0 .net "cin", 0 0, L_0x61eab2c65760;  1 drivers
v0x61eab2be0a20_0 .net "cout", 0 0, L_0x61eab2c65360;  1 drivers
v0x61eab2be44c0_0 .net "sum", 0 0, L_0x61eab2c428f0;  1 drivers
S_0x61eab2b14d90 .scope generate, "gen_cpa[4]" "gen_cpa[4]" 4 61, 4 61 0, S_0x61eab2bf7400;
 .timescale -9 -12;
P_0x61eab2bd8bc0 .param/l "c" 1 4 61, +C4<0100>;
L_0x61eab2c65ce0 .part L_0x61eab2c63560, 5, 1;
L_0x61eab2c65e10 .part L_0x61eab2c63920, 4, 1;
S_0x61eab2b1a210 .scope module, "fa_cpa" "full_adder" 4 62, 5 3 0, S_0x61eab2b14d90;
 .timescale -9 -12;
    .port_info 0 /INPUT 1 "a";
    .port_info 1 /INPUT 1 "b";
    .port_info 2 /INPUT 1 "cin";
    .port_info 3 /OUTPUT 1 "sum";
    .port_info 4 /OUTPUT 1 "cout";
L_0x61eab2c65890 .functor XOR 1, L_0x61eab2c65ce0, L_0x61eab2c65e10, C4<0>, C4<0>;
L_0x61eab2c65900 .functor XOR 1, L_0x61eab2c65890, L_0x61eab2c65f40, C4<0>, C4<0>;
L_0x61eab2c65970 .functor AND 1, L_0x61eab2c65ce0, L_0x61eab2c65e10, C4<1>, C4<1>;
L_0x61eab2c659e0 .functor AND 1, L_0x61eab2c65e10, L_0x61eab2c65f40, C4<1>, C4<1>;
L_0x61eab2c65a50 .functor OR 1, L_0x61eab2c65970, L_0x61eab2c659e0, C4<0>, C4<0>;
L_0x61eab2c65b60 .functor AND 1, L_0x61eab2c65ce0, L_0x61eab2c65f40, C4<1>, C4<1>;
L_0x61eab2c65bd0 .functor OR 1, L_0x61eab2c65a50, L_0x61eab2c65b60, C4<0>, C4<0>;
v0x61eab2be49b0_0 .net *"_ivl_0", 0 0, L_0x61eab2c65890;  1 drivers
v0x61eab2be8240_0 .net *"_ivl_10", 0 0, L_0x61eab2c65b60;  1 drivers
v0x61eab2be8450_0 .net *"_ivl_4", 0 0, L_0x61eab2c65970;  1 drivers
v0x61eab2be8940_0 .net *"_ivl_6", 0 0, L_0x61eab2c659e0;  1 drivers
v0x61eab2be90d0_0 .net *"_ivl_8", 0 0, L_0x61eab2c65a50;  1 drivers
v0x61eab2bec600_0 .net "a", 0 0, L_0x61eab2c65ce0;  1 drivers
v0x61eab2ad2170_0 .net "b", 0 0, L_0x61eab2c65e10;  1 drivers
v0x61eab2ad32d0_0 .net "cin", 0 0, L_0x61eab2c65f40;  1 drivers
v0x61eab2ad43a0_0 .net "cout", 0 0, L_0x61eab2c65bd0;  1 drivers
v0x61eab2ad6540_0 .net "sum", 0 0, L_0x61eab2c65900;  1 drivers
S_0x61eab2b18d90 .scope generate, "gen_cpa[5]" "gen_cpa[5]" 4 61, 4 61 0, S_0x61eab2bf7400;
 .timescale -9 -12;
P_0x61eab2be8510 .param/l "c" 1 4 61, +C4<0101>;
L_0x61eab2c665d0 .part L_0x61eab2c63560, 6, 1;
L_0x61eab2c66700 .part L_0x61eab2c63920, 5, 1;
S_0x61eab2b1e1a0 .scope module, "fa_cpa" "full_adder" 4 62, 5 3 0, S_0x61eab2b18d90;
 .timescale -9 -12;
    .port_info 0 /INPUT 1 "a";
    .port_info 1 /INPUT 1 "b";
    .port_info 2 /INPUT 1 "cin";
    .port_info 3 /OUTPUT 1 "sum";
    .port_info 4 /OUTPUT 1 "cout";
L_0x61eab2c64f40 .functor XOR 1, L_0x61eab2c665d0, L_0x61eab2c66700, C4<0>, C4<0>;
L_0x61eab2c64fb0 .functor XOR 1, L_0x61eab2c64f40, L_0x61eab2c66830, C4<0>, C4<0>;
L_0x61eab2c65020 .functor AND 1, L_0x61eab2c665d0, L_0x61eab2c66700, C4<1>, C4<1>;
L_0x61eab2c65090 .functor AND 1, L_0x61eab2c66700, L_0x61eab2c66830, C4<1>, C4<1>;
L_0x61eab2c65100 .functor OR 1, L_0x61eab2c65020, L_0x61eab2c65090, C4<0>, C4<0>;
L_0x61eab2c65210 .functor AND 1, L_0x61eab2c665d0, L_0x61eab2c66830, C4<1>, C4<1>;
L_0x61eab2c652c0 .functor OR 1, L_0x61eab2c65100, L_0x61eab2c65210, C4<0>, C4<0>;
v0x61eab2ad7610_0 .net *"_ivl_0", 0 0, L_0x61eab2c64f40;  1 drivers
v0x61eab2ad86e0_0 .net *"_ivl_10", 0 0, L_0x61eab2c65210;  1 drivers
v0x61eab2ad97b0_0 .net *"_ivl_4", 0 0, L_0x61eab2c65020;  1 drivers
v0x61eab2ada550_0 .net *"_ivl_6", 0 0, L_0x61eab2c65090;  1 drivers
v0x61eab2adb3d0_0 .net *"_ivl_8", 0 0, L_0x61eab2c65100;  1 drivers
v0x61eab2adc400_0 .net "a", 0 0, L_0x61eab2c665d0;  1 drivers
v0x61eab2add4d0_0 .net "b", 0 0, L_0x61eab2c66700;  1 drivers
v0x61eab2ade5a0_0 .net "cin", 0 0, L_0x61eab2c66830;  1 drivers
v0x61eab2adf670_0 .net "cout", 0 0, L_0x61eab2c652c0;  1 drivers
v0x61eab2ae1810_0 .net "sum", 0 0, L_0x61eab2c64fb0;  1 drivers
S_0x61eab2b1cd20 .scope generate, "gen_cpa[6]" "gen_cpa[6]" 4 61, 4 61 0, S_0x61eab2bf7400;
 .timescale -9 -12;
P_0x61eab2ad9870 .param/l "c" 1 4 61, +C4<0110>;
L_0x61eab2c66e40 .part L_0x61eab2c63560, 7, 1;
L_0x61eab2c67080 .part L_0x61eab2c63920, 6, 1;
S_0x61eab2b22130 .scope module, "fa_cpa" "full_adder" 4 62, 5 3 0, S_0x61eab2b1cd20;
 .timescale -9 -12;
    .port_info 0 /INPUT 1 "a";
    .port_info 1 /INPUT 1 "b";
    .port_info 2 /INPUT 1 "cin";
    .port_info 3 /OUTPUT 1 "sum";
    .port_info 4 /OUTPUT 1 "cout";
L_0x61eab2c66960 .functor XOR 1, L_0x61eab2c66e40, L_0x61eab2c67080, C4<0>, C4<0>;
L_0x61eab2c669d0 .functor XOR 1, L_0x61eab2c66960, L_0x61eab2c67120, C4<0>, C4<0>;
L_0x61eab2c66a40 .functor AND 1, L_0x61eab2c66e40, L_0x61eab2c67080, C4<1>, C4<1>;
L_0x61eab2c66ab0 .functor AND 1, L_0x61eab2c67080, L_0x61eab2c67120, C4<1>, C4<1>;
L_0x61eab2c66b70 .functor OR 1, L_0x61eab2c66a40, L_0x61eab2c66ab0, C4<0>, C4<0>;
L_0x61eab2c66c80 .functor AND 1, L_0x61eab2c66e40, L_0x61eab2c67120, C4<1>, C4<1>;
L_0x61eab2c66d30 .functor OR 1, L_0x61eab2c66b70, L_0x61eab2c66c80, C4<0>, C4<0>;
v0x61eab2ae25b0_0 .net *"_ivl_0", 0 0, L_0x61eab2c66960;  1 drivers
v0x61eab2ae3430_0 .net *"_ivl_10", 0 0, L_0x61eab2c66c80;  1 drivers
v0x61eab2ae4460_0 .net *"_ivl_4", 0 0, L_0x61eab2c66a40;  1 drivers
v0x61eab2ae5530_0 .net *"_ivl_6", 0 0, L_0x61eab2c66ab0;  1 drivers
v0x61eab2ae6600_0 .net *"_ivl_8", 0 0, L_0x61eab2c66b70;  1 drivers
v0x61eab2ae76d0_0 .net "a", 0 0, L_0x61eab2c66e40;  1 drivers
v0x61eab2ae87a0_0 .net "b", 0 0, L_0x61eab2c67080;  1 drivers
v0x61eab2ae9870_0 .net "cin", 0 0, L_0x61eab2c67120;  1 drivers
v0x61eab2aea6a0_0 .net "cout", 0 0, L_0x61eab2c66d30;  1 drivers
v0x61eab2aec550_0 .net "sum", 0 0, L_0x61eab2c669d0;  1 drivers
S_0x61eab2b20cb0 .scope generate, "gen_csa[1]" "gen_csa[1]" 4 31, 4 31 0, S_0x61eab2bf7400;
 .timescale -9 -12;
P_0x61eab2aed6b0 .param/l "r" 1 4 31, +C4<01>;
v0x61eab2bf85d0_0 .net *"_ivl_2", 0 0, L_0x61eab2c42480;  1 drivers
L_0x61eab2c42480 .part L_0x61eab2c46a60, 0, 1;
S_0x61eab2b260c0 .scope generate, "gen_fa[0]" "gen_fa[0]" 4 32, 4 32 0, S_0x61eab2b20cb0;
 .timescale -9 -12;
P_0x61eab2ae9930 .param/l "c" 1 4 32, +C4<00>;
v0x61eab2af9a50_0 .net "fa_a", 0 0, L_0x61eab2c42520;  1 drivers
v0x61eab2afa880_0 .net "fa_b", 0 0, L_0x61eab2c42610;  1 drivers
v0x61eab2afb700_0 .net "fa_cin", 0 0, L_0x61eab2c42c90;  1 drivers
L_0x61eab2c42520 .part L_0x61eab2c66100, 1, 1;
L_0x61eab2c42610 .part L_0x61eab2c38090, 0, 1;
L_0x61eab2c42c90 .part L_0x74534b7b7210, 0, 1;
S_0x61eab2b24c40 .scope module, "fa_inst" "full_adder" 4 37, 5 3 0, S_0x61eab2b260c0;
 .timescale -9 -12;
    .port_info 0 /INPUT 1 "a";
    .port_info 1 /INPUT 1 "b";
    .port_info 2 /INPUT 1 "cin";
    .port_info 3 /OUTPUT 1 "sum";
    .port_info 4 /OUTPUT 1 "cout";
L_0x61eab2c42d30 .functor XOR 1, L_0x61eab2c42520, L_0x61eab2c42610, C4<0>, C4<0>;
L_0x61eab2c42da0 .functor XOR 1, L_0x61eab2c42d30, L_0x61eab2c42c90, C4<0>, C4<0>;
L_0x61eab2c42e60 .functor AND 1, L_0x61eab2c42520, L_0x61eab2c42610, C4<1>, C4<1>;
L_0x61eab2c42ed0 .functor AND 1, L_0x61eab2c42610, L_0x61eab2c42c90, C4<1>, C4<1>;
L_0x61eab2c42fd0 .functor OR 1, L_0x61eab2c42e60, L_0x61eab2c42ed0, C4<0>, C4<0>;
L_0x61eab2c43040 .functor AND 1, L_0x61eab2c42520, L_0x61eab2c42c90, C4<1>, C4<1>;
L_0x61eab2c430b0 .functor OR 1, L_0x61eab2c42fd0, L_0x61eab2c43040, C4<0>, C4<0>;
v0x61eab2aee6f0_0 .net *"_ivl_0", 0 0, L_0x61eab2c42d30;  1 drivers
v0x61eab2aef7c0_0 .net *"_ivl_10", 0 0, L_0x61eab2c43040;  1 drivers
v0x61eab2af0890_0 .net *"_ivl_4", 0 0, L_0x61eab2c42e60;  1 drivers
v0x61eab2af1960_0 .net *"_ivl_6", 0 0, L_0x61eab2c42ed0;  1 drivers
v0x61eab2af2790_0 .net *"_ivl_8", 0 0, L_0x61eab2c42fd0;  1 drivers
v0x61eab2af3610_0 .net "a", 0 0, L_0x61eab2c42520;  alias, 1 drivers
v0x61eab2af4640_0 .net "b", 0 0, L_0x61eab2c42610;  alias, 1 drivers
v0x61eab2af5710_0 .net "cin", 0 0, L_0x61eab2c42c90;  alias, 1 drivers
v0x61eab2af67e0_0 .net "cout", 0 0, L_0x61eab2c430b0;  1 drivers
v0x61eab2af8980_0 .net "sum", 0 0, L_0x61eab2c42da0;  1 drivers
S_0x61eab2b2a050 .scope generate, "gen_fa[1]" "gen_fa[1]" 4 32, 4 32 0, S_0x61eab2b20cb0;
 .timescale -9 -12;
P_0x61eab2af0950 .param/l "c" 1 4 32, +C4<01>;
v0x61eab2b07a90_0 .net "fa_a", 0 0, L_0x61eab2c43170;  1 drivers
v0x61eab2b08b60_0 .net "fa_b", 0 0, L_0x61eab2c432b0;  1 drivers
v0x61eab2b09c30_0 .net "fa_cin", 0 0, L_0x61eab2c433a0;  1 drivers
L_0x61eab2c43170 .part L_0x61eab2c66100, 2, 1;
L_0x61eab2c432b0 .part L_0x61eab2c38090, 1, 1;
L_0x61eab2c433a0 .part L_0x74534b7b7210, 1, 1;
S_0x61eab2b28bd0 .scope module, "fa_inst" "full_adder" 4 37, 5 3 0, S_0x61eab2b2a050;
 .timescale -9 -12;
    .port_info 0 /INPUT 1 "a";
    .port_info 1 /INPUT 1 "b";
    .port_info 2 /INPUT 1 "cin";
    .port_info 3 /OUTPUT 1 "sum";
    .port_info 4 /OUTPUT 1 "cout";
L_0x61eab2c434e0 .functor XOR 1, L_0x61eab2c43170, L_0x61eab2c432b0, C4<0>, C4<0>;
L_0x61eab2c43550 .functor XOR 1, L_0x61eab2c434e0, L_0x61eab2c433a0, C4<0>, C4<0>;
L_0x61eab2c43610 .functor AND 1, L_0x61eab2c43170, L_0x61eab2c432b0, C4<1>, C4<1>;
L_0x61eab2c437a0 .functor AND 1, L_0x61eab2c432b0, L_0x61eab2c433a0, C4<1>, C4<1>;
L_0x61eab2c438a0 .functor OR 1, L_0x61eab2c43610, L_0x61eab2c437a0, C4<0>, C4<0>;
L_0x61eab2c43910 .functor AND 1, L_0x61eab2c43170, L_0x61eab2c433a0, C4<1>, C4<1>;
L_0x61eab2c43980 .functor OR 1, L_0x61eab2c438a0, L_0x61eab2c43910, C4<0>, C4<0>;
v0x61eab2afc730_0 .net *"_ivl_0", 0 0, L_0x61eab2c434e0;  1 drivers
v0x61eab2afd800_0 .net *"_ivl_10", 0 0, L_0x61eab2c43910;  1 drivers
v0x61eab2afe8d0_0 .net *"_ivl_4", 0 0, L_0x61eab2c43610;  1 drivers
v0x61eab2aff9a0_0 .net *"_ivl_6", 0 0, L_0x61eab2c437a0;  1 drivers
v0x61eab2b00a70_0 .net *"_ivl_8", 0 0, L_0x61eab2c438a0;  1 drivers
v0x61eab2b01b40_0 .net "a", 0 0, L_0x61eab2c43170;  alias, 1 drivers
v0x61eab2b02970_0 .net "b", 0 0, L_0x61eab2c432b0;  alias, 1 drivers
v0x61eab2b037f0_0 .net "cin", 0 0, L_0x61eab2c433a0;  alias, 1 drivers
v0x61eab2b04820_0 .net "cout", 0 0, L_0x61eab2c43980;  1 drivers
v0x61eab2b069c0_0 .net "sum", 0 0, L_0x61eab2c43550;  1 drivers
S_0x61eab2b2dfe0 .scope generate, "gen_fa[2]" "gen_fa[2]" 4 32, 4 32 0, S_0x61eab2b20cb0;
 .timescale -9 -12;
P_0x61eab2b08c30 .param/l "c" 1 4 32, +C4<010>;
v0x61eab2bff920_0 .net "fa_a", 0 0, L_0x61eab2c43a40;  1 drivers
v0x61eab2c02e70_0 .net "fa_b", 0 0, L_0x61eab2c43b30;  1 drivers
v0x61eab2c03470_0 .net "fa_cin", 0 0, L_0x61eab2c43cb0;  1 drivers
L_0x61eab2c43a40 .part L_0x61eab2c66100, 3, 1;
L_0x61eab2c43b30 .part L_0x61eab2c38090, 2, 1;
L_0x61eab2c43cb0 .part L_0x74534b7b7210, 2, 1;
S_0x61eab2b2cb60 .scope module, "fa_inst" "full_adder" 4 37, 5 3 0, S_0x61eab2b2dfe0;
 .timescale -9 -12;
    .port_info 0 /INPUT 1 "a";
    .port_info 1 /INPUT 1 "b";
    .port_info 2 /INPUT 1 "cin";
    .port_info 3 /OUTPUT 1 "sum";
    .port_info 4 /OUTPUT 1 "cout";
L_0x61eab2c43d50 .functor XOR 1, L_0x61eab2c43a40, L_0x61eab2c43b30, C4<0>, C4<0>;
L_0x61eab2c43dc0 .functor XOR 1, L_0x61eab2c43d50, L_0x61eab2c43cb0, C4<0>, C4<0>;
L_0x61eab2c43e80 .functor AND 1, L_0x61eab2c43a40, L_0x61eab2c43b30, C4<1>, C4<1>;
L_0x61eab2c44010 .functor AND 1, L_0x61eab2c43b30, L_0x61eab2c43cb0, C4<1>, C4<1>;
L_0x61eab2c44110 .functor OR 1, L_0x61eab2c43e80, L_0x61eab2c44010, C4<0>, C4<0>;
L_0x61eab2c44180 .functor AND 1, L_0x61eab2c43a40, L_0x61eab2c43cb0, C4<1>, C4<1>;
L_0x61eab2c441f0 .functor OR 1, L_0x61eab2c44110, L_0x61eab2c44180, C4<0>, C4<0>;
v0x61eab2b0aa60_0 .net *"_ivl_0", 0 0, L_0x61eab2c43d50;  1 drivers
v0x61eab2b0b8e0_0 .net *"_ivl_10", 0 0, L_0x61eab2c44180;  1 drivers
v0x61eab2b0c910_0 .net *"_ivl_4", 0 0, L_0x61eab2c43e80;  1 drivers
v0x61eab2b0d9e0_0 .net *"_ivl_6", 0 0, L_0x61eab2c44010;  1 drivers
v0x61eab2b0eab0_0 .net *"_ivl_8", 0 0, L_0x61eab2c44110;  1 drivers
v0x61eab2b0fb80_0 .net "a", 0 0, L_0x61eab2c43a40;  alias, 1 drivers
v0x61eab2b10c50_0 .net "b", 0 0, L_0x61eab2c43b30;  alias, 1 drivers
v0x61eab2bf2640_0 .net "cin", 0 0, L_0x61eab2c43cb0;  alias, 1 drivers
v0x61eab2bf5930_0 .net "cout", 0 0, L_0x61eab2c441f0;  1 drivers
v0x61eab2bfc3d0_0 .net "sum", 0 0, L_0x61eab2c43dc0;  1 drivers
S_0x61eab2b31ca0 .scope generate, "gen_fa[3]" "gen_fa[3]" 4 32, 4 32 0, S_0x61eab2b20cb0;
 .timescale -9 -12;
P_0x61eab2c03540 .param/l "c" 1 4 32, +C4<011>;
v0x61eab2b37bf0_0 .net "fa_a", 0 0, L_0x61eab2c442b0;  1 drivers
v0x61eab2b3bb80_0 .net "fa_b", 0 0, L_0x61eab2c44430;  1 drivers
v0x61eab2b3fb10_0 .net "fa_cin", 0 0, L_0x61eab2c444d0;  1 drivers
L_0x61eab2c442b0 .part L_0x61eab2c66100, 4, 1;
L_0x61eab2c44430 .part L_0x61eab2c38090, 3, 1;
L_0x61eab2c444d0 .part L_0x74534b7b7210, 3, 1;
S_0x61eab2b30820 .scope module, "fa_inst" "full_adder" 4 37, 5 3 0, S_0x61eab2b31ca0;
 .timescale -9 -12;
    .port_info 0 /INPUT 1 "a";
    .port_info 1 /INPUT 1 "b";
    .port_info 2 /INPUT 1 "cin";
    .port_info 3 /OUTPUT 1 "sum";
    .port_info 4 /OUTPUT 1 "cout";
L_0x61eab2c44650 .functor XOR 1, L_0x61eab2c442b0, L_0x61eab2c44430, C4<0>, C4<0>;
L_0x61eab2c446c0 .functor XOR 1, L_0x61eab2c44650, L_0x61eab2c444d0, C4<0>, C4<0>;
L_0x61eab2c44730 .functor AND 1, L_0x61eab2c442b0, L_0x61eab2c44430, C4<1>, C4<1>;
L_0x61eab2c448c0 .functor AND 1, L_0x61eab2c44430, L_0x61eab2c444d0, C4<1>, C4<1>;
L_0x61eab2c449c0 .functor OR 1, L_0x61eab2c44730, L_0x61eab2c448c0, C4<0>, C4<0>;
L_0x61eab2c44a30 .functor AND 1, L_0x61eab2c442b0, L_0x61eab2c444d0, C4<1>, C4<1>;
L_0x61eab2c44aa0 .functor OR 1, L_0x61eab2c449c0, L_0x61eab2c44a30, C4<0>, C4<0>;
v0x61eab2c04320_0 .net *"_ivl_0", 0 0, L_0x61eab2c44650;  1 drivers
v0x61eab2c06830_0 .net *"_ivl_10", 0 0, L_0x61eab2c44a30;  1 drivers
v0x61eab2c0a100_0 .net *"_ivl_4", 0 0, L_0x61eab2c44730;  1 drivers
v0x61eab2b11d20_0 .net *"_ivl_6", 0 0, L_0x61eab2c448c0;  1 drivers
v0x61eab2b18420_0 .net *"_ivl_8", 0 0, L_0x61eab2c449c0;  1 drivers
v0x61eab2b1c3b0_0 .net "a", 0 0, L_0x61eab2c442b0;  alias, 1 drivers
v0x61eab2b20340_0 .net "b", 0 0, L_0x61eab2c44430;  alias, 1 drivers
v0x61eab2b242d0_0 .net "cin", 0 0, L_0x61eab2c444d0;  alias, 1 drivers
v0x61eab2b28260_0 .net "cout", 0 0, L_0x61eab2c44aa0;  1 drivers
v0x61eab2b34310_0 .net "sum", 0 0, L_0x61eab2c446c0;  1 drivers
S_0x61eab2b35ca0 .scope generate, "gen_fa[4]" "gen_fa[4]" 4 32, 4 32 0, S_0x61eab2b20cb0;
 .timescale -9 -12;
P_0x61eab2b0ab20 .param/l "c" 1 4 32, +C4<0100>;
v0x61eab2b732b0_0 .net "fa_a", 0 0, L_0x61eab2c44b60;  1 drivers
v0x61eab2b76b90_0 .net "fa_b", 0 0, L_0x61eab2c44c50;  1 drivers
v0x61eab2b7ab20_0 .net "fa_cin", 0 0, L_0x61eab2c44d40;  1 drivers
L_0x61eab2c44b60 .part L_0x61eab2c66100, 5, 1;
L_0x61eab2c44c50 .part L_0x61eab2c38090, 4, 1;
L_0x61eab2c44d40 .part L_0x74534b7b7210, 4, 1;
S_0x61eab2b34b40 .scope module, "fa_inst" "full_adder" 4 37, 5 3 0, S_0x61eab2b35ca0;
 .timescale -9 -12;
    .port_info 0 /INPUT 1 "a";
    .port_info 1 /INPUT 1 "b";
    .port_info 2 /INPUT 1 "cin";
    .port_info 3 /OUTPUT 1 "sum";
    .port_info 4 /OUTPUT 1 "cout";
L_0x61eab2c44e30 .functor XOR 1, L_0x61eab2c44b60, L_0x61eab2c44c50, C4<0>, C4<0>;
L_0x61eab2c44ea0 .functor XOR 1, L_0x61eab2c44e30, L_0x61eab2c44d40, C4<0>, C4<0>;
L_0x61eab2c44f60 .functor AND 1, L_0x61eab2c44b60, L_0x61eab2c44c50, C4<1>, C4<1>;
L_0x61eab2c450f0 .functor AND 1, L_0x61eab2c44c50, L_0x61eab2c44d40, C4<1>, C4<1>;
L_0x61eab2c451f0 .functor OR 1, L_0x61eab2c44f60, L_0x61eab2c450f0, C4<0>, C4<0>;
L_0x61eab2c45260 .functor AND 1, L_0x61eab2c44b60, L_0x61eab2c44d40, C4<1>, C4<1>;
L_0x61eab2c452d0 .functor OR 1, L_0x61eab2c451f0, L_0x61eab2c45260, C4<0>, C4<0>;
v0x61eab2b43aa0_0 .net *"_ivl_0", 0 0, L_0x61eab2c44e30;  1 drivers
v0x61eab2b47a30_0 .net *"_ivl_10", 0 0, L_0x61eab2c45260;  1 drivers
v0x61eab2b332f0_0 .net *"_ivl_4", 0 0, L_0x61eab2c44f60;  1 drivers
v0x61eab2b53ae0_0 .net *"_ivl_6", 0 0, L_0x61eab2c450f0;  1 drivers
v0x61eab2b573c0_0 .net *"_ivl_8", 0 0, L_0x61eab2c451f0;  1 drivers
v0x61eab2b5b350_0 .net "a", 0 0, L_0x61eab2c44b60;  alias, 1 drivers
v0x61eab2b5f2e0_0 .net "b", 0 0, L_0x61eab2c44c50;  alias, 1 drivers
v0x61eab2b63270_0 .net "cin", 0 0, L_0x61eab2c44d40;  alias, 1 drivers
v0x61eab2b67200_0 .net "cout", 0 0, L_0x61eab2c452d0;  1 drivers
v0x61eab2b52ac0_0 .net "sum", 0 0, L_0x61eab2c44ea0;  1 drivers
S_0x61eab2b399e0 .scope generate, "gen_fa[5]" "gen_fa[5]" 4 32, 4 32 0, S_0x61eab2b20cb0;
 .timescale -9 -12;
P_0x61eab2b733a0 .param/l "c" 1 4 32, +C4<0101>;
v0x61eab2b91a60_0 .net "fa_a", 0 0, L_0x61eab2c45390;  1 drivers
v0x61eab2bb2250_0 .net "fa_b", 0 0, L_0x61eab2c45480;  1 drivers
v0x61eab2bb5b30_0 .net "fa_cin", 0 0, L_0x61eab2c45570;  1 drivers
L_0x61eab2c45390 .part L_0x61eab2c66100, 6, 1;
L_0x61eab2c45480 .part L_0x61eab2c38090, 5, 1;
L_0x61eab2c45570 .part L_0x74534b7b7210, 5, 1;
S_0x61eab2b38560 .scope module, "fa_inst" "full_adder" 4 37, 5 3 0, S_0x61eab2b399e0;
 .timescale -9 -12;
    .port_info 0 /INPUT 1 "a";
    .port_info 1 /INPUT 1 "b";
    .port_info 2 /INPUT 1 "cin";
    .port_info 3 /OUTPUT 1 "sum";
    .port_info 4 /OUTPUT 1 "cout";
L_0x61eab2c45660 .functor XOR 1, L_0x61eab2c45390, L_0x61eab2c45480, C4<0>, C4<0>;
L_0x61eab2c456d0 .functor XOR 1, L_0x61eab2c45660, L_0x61eab2c45570, C4<0>, C4<0>;
L_0x61eab2c45790 .functor AND 1, L_0x61eab2c45390, L_0x61eab2c45480, C4<1>, C4<1>;
L_0x61eab2c45920 .functor AND 1, L_0x61eab2c45480, L_0x61eab2c45570, C4<1>, C4<1>;
L_0x61eab2c45a20 .functor OR 1, L_0x61eab2c45790, L_0x61eab2c45920, C4<0>, C4<0>;
L_0x61eab2c45a90 .functor AND 1, L_0x61eab2c45390, L_0x61eab2c45570, C4<1>, C4<1>;
L_0x61eab2c45b00 .functor OR 1, L_0x61eab2c45a20, L_0x61eab2c45a90, C4<0>, C4<0>;
v0x61eab2b7eab0_0 .net *"_ivl_0", 0 0, L_0x61eab2c45660;  1 drivers
v0x61eab2b82a40_0 .net *"_ivl_10", 0 0, L_0x61eab2c45a90;  1 drivers
v0x61eab2b869d0_0 .net *"_ivl_4", 0 0, L_0x61eab2c45790;  1 drivers
v0x61eab2b72290_0 .net *"_ivl_6", 0 0, L_0x61eab2c45920;  1 drivers
v0x61eab2b92a80_0 .net *"_ivl_8", 0 0, L_0x61eab2c45a20;  1 drivers
v0x61eab2b96360_0 .net "a", 0 0, L_0x61eab2c45390;  alias, 1 drivers
v0x61eab2b9a2f0_0 .net "b", 0 0, L_0x61eab2c45480;  alias, 1 drivers
v0x61eab2b9e280_0 .net "cin", 0 0, L_0x61eab2c45570;  alias, 1 drivers
v0x61eab2ba2210_0 .net "cout", 0 0, L_0x61eab2c45b00;  1 drivers
v0x61eab2ba61a0_0 .net "sum", 0 0, L_0x61eab2c456d0;  1 drivers
S_0x61eab2b3d970 .scope generate, "gen_fa[6]" "gen_fa[6]" 4 32, 4 32 0, S_0x61eab2b20cb0;
 .timescale -9 -12;
P_0x61eab2b91b50 .param/l "c" 1 4 32, +C4<0110>;
v0x61eab2be5140_0 .net "fa_a", 0 0, L_0x61eab2c45bc0;  1 drivers
v0x61eab2bd0a00_0 .net "fa_b", 0 0, L_0x61eab2c45cb0;  1 drivers
v0x61eab2bf56d0_0 .net "fa_cin", 0 0, L_0x61eab2c45da0;  1 drivers
L_0x61eab2c45bc0 .part L_0x61eab2c66100, 7, 1;
L_0x61eab2c45cb0 .part L_0x61eab2c38090, 6, 1;
L_0x61eab2c45da0 .part L_0x74534b7b7210, 6, 1;
S_0x61eab2b3c4f0 .scope module, "fa_inst" "full_adder" 4 37, 5 3 0, S_0x61eab2b3d970;
 .timescale -9 -12;
    .port_info 0 /INPUT 1 "a";
    .port_info 1 /INPUT 1 "b";
    .port_info 2 /INPUT 1 "cin";
    .port_info 3 /OUTPUT 1 "sum";
    .port_info 4 /OUTPUT 1 "cout";
L_0x61eab2c45e90 .functor XOR 1, L_0x61eab2c45bc0, L_0x61eab2c45cb0, C4<0>, C4<0>;
L_0x61eab2c45f00 .functor XOR 1, L_0x61eab2c45e90, L_0x61eab2c45da0, C4<0>, C4<0>;
L_0x61eab2c45fc0 .functor AND 1, L_0x61eab2c45bc0, L_0x61eab2c45cb0, C4<1>, C4<1>;
L_0x61eab2c460c0 .functor AND 1, L_0x61eab2c45cb0, L_0x61eab2c45da0, C4<1>, C4<1>;
L_0x61eab2c461c0 .functor OR 1, L_0x61eab2c45fc0, L_0x61eab2c460c0, C4<0>, C4<0>;
L_0x61eab2c46230 .functor AND 1, L_0x61eab2c45bc0, L_0x61eab2c45da0, C4<1>, C4<1>;
L_0x61eab2c462a0 .functor OR 1, L_0x61eab2c461c0, L_0x61eab2c46230, C4<0>, C4<0>;
v0x61eab2bb9ac0_0 .net *"_ivl_0", 0 0, L_0x61eab2c45e90;  1 drivers
v0x61eab2bbda50_0 .net *"_ivl_10", 0 0, L_0x61eab2c46230;  1 drivers
v0x61eab2bc19e0_0 .net *"_ivl_4", 0 0, L_0x61eab2c45fc0;  1 drivers
v0x61eab2bc5970_0 .net *"_ivl_6", 0 0, L_0x61eab2c460c0;  1 drivers
v0x61eab2bb1230_0 .net *"_ivl_8", 0 0, L_0x61eab2c461c0;  1 drivers
v0x61eab2bd1a20_0 .net "a", 0 0, L_0x61eab2c45bc0;  alias, 1 drivers
v0x61eab2bd5300_0 .net "b", 0 0, L_0x61eab2c45cb0;  alias, 1 drivers
v0x61eab2bd9290_0 .net "cin", 0 0, L_0x61eab2c45da0;  alias, 1 drivers
v0x61eab2bdd220_0 .net "cout", 0 0, L_0x61eab2c462a0;  1 drivers
v0x61eab2be11b0_0 .net "sum", 0 0, L_0x61eab2c45f00;  1 drivers
S_0x61eab2b41900 .scope generate, "gen_fa[7]" "gen_fa[7]" 4 32, 4 32 0, S_0x61eab2b20cb0;
 .timescale -9 -12;
P_0x61eab2be5230 .param/l "c" 1 4 32, +C4<0111>;
L_0x74534b7b7018 .functor BUFT 1, C4<0>, C4<0>, C4<0>, C4<0>;
v0x61eab2bff460_0 .net "fa_a", 0 0, L_0x74534b7b7018;  1 drivers
v0x61eab2c029b0_0 .net "fa_b", 0 0, L_0x61eab2c463b0;  1 drivers
v0x61eab2bf5080_0 .net "fa_cin", 0 0, L_0x61eab2c464a0;  1 drivers
L_0x61eab2c463b0 .part L_0x61eab2c38090, 7, 1;
L_0x61eab2c464a0 .part L_0x74534b7b7210, 7, 1;
LS_0x61eab2c46a60_0_0 .concat8 [ 1 1 1 1], L_0x61eab2c42da0, L_0x61eab2c43550, L_0x61eab2c43dc0, L_0x61eab2c446c0;
LS_0x61eab2c46a60_0_4 .concat8 [ 1 1 1 1], L_0x61eab2c44ea0, L_0x61eab2c456d0, L_0x61eab2c45f00, L_0x61eab2c46600;
L_0x61eab2c46a60 .concat8 [ 4 4 0 0], LS_0x61eab2c46a60_0_0, LS_0x61eab2c46a60_0_4;
LS_0x61eab2c46e20_0_0 .concat8 [ 1 1 1 1], L_0x61eab2c430b0, L_0x61eab2c43980, L_0x61eab2c441f0, L_0x61eab2c44aa0;
LS_0x61eab2c46e20_0_4 .concat8 [ 1 1 1 1], L_0x61eab2c452d0, L_0x61eab2c45b00, L_0x61eab2c462a0, L_0x61eab2c469a0;
L_0x61eab2c46e20 .concat8 [ 4 4 0 0], LS_0x61eab2c46e20_0_0, LS_0x61eab2c46e20_0_4;
S_0x61eab2b40480 .scope module, "fa_inst" "full_adder" 4 37, 5 3 0, S_0x61eab2b41900;
 .timescale -9 -12;
    .port_info 0 /INPUT 1 "a";
    .port_info 1 /INPUT 1 "b";
    .port_info 2 /INPUT 1 "cin";
    .port_info 3 /OUTPUT 1 "sum";
    .port_info 4 /OUTPUT 1 "cout";
L_0x61eab2c46590 .functor XOR 1, L_0x74534b7b7018, L_0x61eab2c463b0, C4<0>, C4<0>;
L_0x61eab2c46600 .functor XOR 1, L_0x61eab2c46590, L_0x61eab2c464a0, C4<0>, C4<0>;
L_0x61eab2c466c0 .functor AND 1, L_0x74534b7b7018, L_0x61eab2c463b0, C4<1>, C4<1>;
L_0x61eab2c467c0 .functor AND 1, L_0x61eab2c463b0, L_0x61eab2c464a0, C4<1>, C4<1>;
L_0x61eab2c468c0 .functor OR 1, L_0x61eab2c466c0, L_0x61eab2c467c0, C4<0>, C4<0>;
L_0x61eab2c46930 .functor AND 1, L_0x74534b7b7018, L_0x61eab2c464a0, C4<1>, C4<1>;
L_0x61eab2c469a0 .functor OR 1, L_0x61eab2c468c0, L_0x61eab2c46930, C4<0>, C4<0>;
v0x61eab2bf8c20_0 .net *"_ivl_0", 0 0, L_0x61eab2c46590;  1 drivers
v0x61eab2bfc170_0 .net *"_ivl_10", 0 0, L_0x61eab2c46930;  1 drivers
v0x61eab2bff6c0_0 .net *"_ivl_4", 0 0, L_0x61eab2c466c0;  1 drivers
v0x61eab2c02c10_0 .net *"_ivl_6", 0 0, L_0x61eab2c467c0;  1 drivers
v0x61eab2becd90_0 .net *"_ivl_8", 0 0, L_0x61eab2c468c0;  1 drivers
v0x61eab2c0a9e0_0 .net "a", 0 0, L_0x74534b7b7018;  alias, 1 drivers
v0x61eab2bf24a0_0 .net "b", 0 0, L_0x61eab2c463b0;  alias, 1 drivers
v0x61eab2bf5470_0 .net "cin", 0 0, L_0x61eab2c464a0;  alias, 1 drivers
v0x61eab2bf89c0_0 .net "cout", 0 0, L_0x61eab2c469a0;  1 drivers
v0x61eab2bfbf10_0 .net "sum", 0 0, L_0x61eab2c46600;  1 drivers
S_0x61eab2b45890 .scope generate, "gen_csa[2]" "gen_csa[2]" 4 31, 4 31 0, S_0x61eab2bf7400;
 .timescale -9 -12;
P_0x61eab2b574a0 .param/l "r" 1 4 31, +C4<010>;
v0x61eab2b9e4d0_0 .net *"_ivl_2", 0 0, L_0x61eab2c47140;  1 drivers
L_0x61eab2c47140 .part L_0x61eab2c4b6a0, 0, 1;
S_0x61eab2b44410 .scope generate, "gen_fa[0]" "gen_fa[0]" 4 32, 4 32 0, S_0x61eab2b45890;
 .timescale -9 -12;
P_0x61eab2b72370 .param/l "c" 1 4 32, +C4<00>;
v0x61eab2b17ee0_0 .net "fa_a", 0 0, L_0x61eab2c471e0;  1 drivers
v0x61eab2b18670_0 .net "fa_b", 0 0, L_0x61eab2c472d0;  1 drivers
v0x61eab2b1be70_0 .net "fa_cin", 0 0, L_0x61eab2c47410;  1 drivers
L_0x61eab2c471e0 .part L_0x61eab2c46a60, 1, 1;
L_0x61eab2c472d0 .part L_0x61eab2c39520, 0, 1;
L_0x61eab2c47410 .part L_0x61eab2c46e20, 0, 1;
S_0x61eab2b49820 .scope module, "fa_inst" "full_adder" 4 37, 5 3 0, S_0x61eab2b44410;
 .timescale -9 -12;
    .port_info 0 /INPUT 1 "a";
    .port_info 1 /INPUT 1 "b";
    .port_info 2 /INPUT 1 "cin";
    .port_info 3 /OUTPUT 1 "sum";
    .port_info 4 /OUTPUT 1 "cout";
L_0x61eab2c47550 .functor XOR 1, L_0x61eab2c471e0, L_0x61eab2c472d0, C4<0>, C4<0>;
L_0x61eab2c475c0 .functor XOR 1, L_0x61eab2c47550, L_0x61eab2c47410, C4<0>, C4<0>;
L_0x61eab2c47680 .functor AND 1, L_0x61eab2c471e0, L_0x61eab2c472d0, C4<1>, C4<1>;
L_0x61eab2c47810 .functor AND 1, L_0x61eab2c472d0, L_0x61eab2c47410, C4<1>, C4<1>;
L_0x61eab2c47910 .functor OR 1, L_0x61eab2c47680, L_0x61eab2c47810, C4<0>, C4<0>;
L_0x61eab2c47980 .functor AND 1, L_0x61eab2c471e0, L_0x61eab2c47410, C4<1>, C4<1>;
L_0x61eab2c479f0 .functor OR 1, L_0x61eab2c47910, L_0x61eab2c47980, C4<0>, C4<0>;
v0x61eab2bf8670_0 .net *"_ivl_0", 0 0, L_0x61eab2c47550;  1 drivers
v0x61eab2bfbb20_0 .net *"_ivl_10", 0 0, L_0x61eab2c47980;  1 drivers
v0x61eab2bfbbe0_0 .net *"_ivl_4", 0 0, L_0x61eab2c47680;  1 drivers
v0x61eab2bff070_0 .net *"_ivl_6", 0 0, L_0x61eab2c47810;  1 drivers
v0x61eab2c025c0_0 .net *"_ivl_8", 0 0, L_0x61eab2c47910;  1 drivers
v0x61eab2b16a30_0 .net "a", 0 0, L_0x61eab2c471e0;  alias, 1 drivers
v0x61eab2b16af0_0 .net "b", 0 0, L_0x61eab2c472d0;  alias, 1 drivers
v0x61eab2b17010_0 .net "cin", 0 0, L_0x61eab2c47410;  alias, 1 drivers
v0x61eab2b170d0_0 .net "cout", 0 0, L_0x61eab2c479f0;  1 drivers
v0x61eab2b13e40_0 .net "sum", 0 0, L_0x61eab2c475c0;  1 drivers
S_0x61eab2b483a0 .scope generate, "gen_fa[1]" "gen_fa[1]" 4 32, 4 32 0, S_0x61eab2b45890;
 .timescale -9 -12;
P_0x61eab2bfc250 .param/l "c" 1 4 32, +C4<01>;
v0x61eab2b2f310_0 .net "fa_a", 0 0, L_0x61eab2c47ab0;  1 drivers
v0x61eab2b2f970_0 .net "fa_b", 0 0, L_0x61eab2c47c30;  1 drivers
v0x61eab2b30100_0 .net "fa_cin", 0 0, L_0x61eab2c47cd0;  1 drivers
L_0x61eab2c47ab0 .part L_0x61eab2c46a60, 2, 1;
L_0x61eab2c47c30 .part L_0x61eab2c39520, 1, 1;
L_0x61eab2c47cd0 .part L_0x61eab2c46e20, 1, 1;
S_0x61eab2b4d7b0 .scope module, "fa_inst" "full_adder" 4 37, 5 3 0, S_0x61eab2b483a0;
 .timescale -9 -12;
    .port_info 0 /INPUT 1 "a";
    .port_info 1 /INPUT 1 "b";
    .port_info 2 /INPUT 1 "cin";
    .port_info 3 /OUTPUT 1 "sum";
    .port_info 4 /OUTPUT 1 "cout";
L_0x61eab2c47dc0 .functor XOR 1, L_0x61eab2c47ab0, L_0x61eab2c47c30, C4<0>, C4<0>;
L_0x61eab2c47e30 .functor XOR 1, L_0x61eab2c47dc0, L_0x61eab2c47cd0, C4<0>, C4<0>;
L_0x61eab2c47ef0 .functor AND 1, L_0x61eab2c47ab0, L_0x61eab2c47c30, C4<1>, C4<1>;
L_0x61eab2c48080 .functor AND 1, L_0x61eab2c47c30, L_0x61eab2c47cd0, C4<1>, C4<1>;
L_0x61eab2c48180 .functor OR 1, L_0x61eab2c47ef0, L_0x61eab2c48080, C4<0>, C4<0>;
L_0x61eab2c481f0 .functor AND 1, L_0x61eab2c47ab0, L_0x61eab2c47cd0, C4<1>, C4<1>;
L_0x61eab2c48260 .functor OR 1, L_0x61eab2c48180, L_0x61eab2c481f0, C4<0>, C4<0>;
v0x61eab2b1c600_0 .net *"_ivl_0", 0 0, L_0x61eab2c47dc0;  1 drivers
v0x61eab2b1fe00_0 .net *"_ivl_10", 0 0, L_0x61eab2c481f0;  1 drivers
v0x61eab2b20590_0 .net *"_ivl_4", 0 0, L_0x61eab2c47ef0;  1 drivers
v0x61eab2b23d90_0 .net *"_ivl_6", 0 0, L_0x61eab2c48080;  1 drivers
v0x61eab2b24520_0 .net *"_ivl_8", 0 0, L_0x61eab2c48180;  1 drivers
v0x61eab2b27d20_0 .net "a", 0 0, L_0x61eab2c47ab0;  alias, 1 drivers
v0x61eab2b27de0_0 .net "b", 0 0, L_0x61eab2c47c30;  alias, 1 drivers
v0x61eab2b284b0_0 .net "cin", 0 0, L_0x61eab2c47cd0;  alias, 1 drivers
v0x61eab2b28570_0 .net "cout", 0 0, L_0x61eab2c48260;  1 drivers
v0x61eab2b2bcb0_0 .net "sum", 0 0, L_0x61eab2c47e30;  1 drivers
S_0x61eab2b4c330 .scope generate, "gen_fa[2]" "gen_fa[2]" 4 32, 4 32 0, S_0x61eab2b45890;
 .timescale -9 -12;
P_0x61eab2bf5180 .param/l "c" 1 4 32, +C4<010>;
v0x61eab2b3fd60_0 .net "fa_a", 0 0, L_0x61eab2c48320;  1 drivers
v0x61eab2b3fe20_0 .net "fa_b", 0 0, L_0x61eab2c48410;  1 drivers
v0x61eab2b43560_0 .net "fa_cin", 0 0, L_0x61eab2c48590;  1 drivers
L_0x61eab2c48320 .part L_0x61eab2c46a60, 3, 1;
L_0x61eab2c48410 .part L_0x61eab2c39520, 2, 1;
L_0x61eab2c48590 .part L_0x61eab2c46e20, 2, 1;
S_0x61eab2b51470 .scope module, "fa_inst" "full_adder" 4 37, 5 3 0, S_0x61eab2b4c330;
 .timescale -9 -12;
    .port_info 0 /INPUT 1 "a";
    .port_info 1 /INPUT 1 "b";
    .port_info 2 /INPUT 1 "cin";
    .port_info 3 /OUTPUT 1 "sum";
    .port_info 4 /OUTPUT 1 "cout";
L_0x61eab2c486c0 .functor XOR 1, L_0x61eab2c48320, L_0x61eab2c48410, C4<0>, C4<0>;
L_0x61eab2c48730 .functor XOR 1, L_0x61eab2c486c0, L_0x61eab2c48590, C4<0>, C4<0>;
L_0x61eab2c487a0 .functor AND 1, L_0x61eab2c48320, L_0x61eab2c48410, C4<1>, C4<1>;
L_0x61eab2c48930 .functor AND 1, L_0x61eab2c48410, L_0x61eab2c48590, C4<1>, C4<1>;
L_0x61eab2c48a30 .functor OR 1, L_0x61eab2c487a0, L_0x61eab2c48930, C4<0>, C4<0>;
L_0x61eab2c48aa0 .functor AND 1, L_0x61eab2c48320, L_0x61eab2c48590, C4<1>, C4<1>;
L_0x61eab2c48b50 .functor OR 1, L_0x61eab2c48a30, L_0x61eab2c48aa0, C4<0>, C4<0>;
v0x61eab2b33e20_0 .net *"_ivl_0", 0 0, L_0x61eab2c486c0;  1 drivers
v0x61eab2b33ee0_0 .net *"_ivl_10", 0 0, L_0x61eab2c48aa0;  1 drivers
v0x61eab2b344c0_0 .net *"_ivl_4", 0 0, L_0x61eab2c487a0;  1 drivers
v0x61eab2b376b0_0 .net *"_ivl_6", 0 0, L_0x61eab2c48930;  1 drivers
v0x61eab2b37e40_0 .net *"_ivl_8", 0 0, L_0x61eab2c48a30;  1 drivers
v0x61eab2b3b640_0 .net "a", 0 0, L_0x61eab2c48320;  alias, 1 drivers
v0x61eab2b3b700_0 .net "b", 0 0, L_0x61eab2c48410;  alias, 1 drivers
v0x61eab2b3bdd0_0 .net "cin", 0 0, L_0x61eab2c48590;  alias, 1 drivers
v0x61eab2b3be90_0 .net "cout", 0 0, L_0x61eab2c48b50;  1 drivers
v0x61eab2b3f5d0_0 .net "sum", 0 0, L_0x61eab2c48730;  1 drivers
S_0x61eab2b4fff0 .scope generate, "gen_fa[3]" "gen_fa[3]" 4 32, 4 32 0, S_0x61eab2b45890;
 .timescale -9 -12;
P_0x61eab2bf8f30 .param/l "c" 1 4 32, +C4<011>;
v0x61eab2b535f0_0 .net "fa_a", 0 0, L_0x61eab2c48c10;  1 drivers
v0x61eab2b53690_0 .net "fa_b", 0 0, L_0x61eab2c48d00;  1 drivers
v0x61eab2b53c90_0 .net "fa_cin", 0 0, L_0x61eab2c48da0;  1 drivers
L_0x61eab2c48c10 .part L_0x61eab2c46a60, 4, 1;
L_0x61eab2c48d00 .part L_0x61eab2c39520, 3, 1;
L_0x61eab2c48da0 .part L_0x61eab2c46e20, 3, 1;
S_0x61eab2b55470 .scope module, "fa_inst" "full_adder" 4 37, 5 3 0, S_0x61eab2b4fff0;
 .timescale -9 -12;
    .port_info 0 /INPUT 1 "a";
    .port_info 1 /INPUT 1 "b";
    .port_info 2 /INPUT 1 "cin";
    .port_info 3 /OUTPUT 1 "sum";
    .port_info 4 /OUTPUT 1 "cout";
L_0x61eab2c48e40 .functor XOR 1, L_0x61eab2c48c10, L_0x61eab2c48d00, C4<0>, C4<0>;
L_0x61eab2c48eb0 .functor XOR 1, L_0x61eab2c48e40, L_0x61eab2c48da0, C4<0>, C4<0>;
L_0x61eab2c48f70 .functor AND 1, L_0x61eab2c48c10, L_0x61eab2c48d00, C4<1>, C4<1>;
L_0x61eab2c49100 .functor AND 1, L_0x61eab2c48d00, L_0x61eab2c48da0, C4<1>, C4<1>;
L_0x61eab2c49200 .functor OR 1, L_0x61eab2c48f70, L_0x61eab2c49100, C4<0>, C4<0>;
L_0x61eab2c492c0 .functor AND 1, L_0x61eab2c48c10, L_0x61eab2c48da0, C4<1>, C4<1>;
L_0x61eab2c49370 .functor OR 1, L_0x61eab2c49200, L_0x61eab2c492c0, C4<0>, C4<0>;
v0x61eab2b43cf0_0 .net *"_ivl_0", 0 0, L_0x61eab2c48e40;  1 drivers
v0x61eab2b43d90_0 .net *"_ivl_10", 0 0, L_0x61eab2c492c0;  1 drivers
v0x61eab2b474f0_0 .net *"_ivl_4", 0 0, L_0x61eab2c48f70;  1 drivers
v0x61eab2b47c80_0 .net *"_ivl_6", 0 0, L_0x61eab2c49100;  1 drivers
v0x61eab2b4b480_0 .net *"_ivl_8", 0 0, L_0x61eab2c49200;  1 drivers
v0x61eab2b4eae0_0 .net "a", 0 0, L_0x61eab2c48c10;  alias, 1 drivers
v0x61eab2b4eba0_0 .net "b", 0 0, L_0x61eab2c48d00;  alias, 1 drivers
v0x61eab2b4f140_0 .net "cin", 0 0, L_0x61eab2c48da0;  alias, 1 drivers
v0x61eab2b4f200_0 .net "cout", 0 0, L_0x61eab2c49370;  1 drivers
v0x61eab2b4f8d0_0 .net "sum", 0 0, L_0x61eab2c48eb0;  1 drivers
S_0x61eab2b54310 .scope generate, "gen_fa[4]" "gen_fa[4]" 4 32, 4 32 0, S_0x61eab2b45890;
 .timescale -9 -12;
P_0x61eab2b20680 .param/l "c" 1 4 32, +C4<0100>;
v0x61eab2b634c0_0 .net "fa_a", 0 0, L_0x61eab2c49480;  1 drivers
v0x61eab2b66cc0_0 .net "fa_b", 0 0, L_0x61eab2c49570;  1 drivers
v0x61eab2b67450_0 .net "fa_cin", 0 0, L_0x61eab2c49660;  1 drivers
L_0x61eab2c49480 .part L_0x61eab2c46a60, 5, 1;
L_0x61eab2c49570 .part L_0x61eab2c39520, 4, 1;
L_0x61eab2c49660 .part L_0x61eab2c46e20, 4, 1;
S_0x61eab2b591b0 .scope module, "fa_inst" "full_adder" 4 37, 5 3 0, S_0x61eab2b54310;
 .timescale -9 -12;
    .port_info 0 /INPUT 1 "a";
    .port_info 1 /INPUT 1 "b";
    .port_info 2 /INPUT 1 "cin";
    .port_info 3 /OUTPUT 1 "sum";
    .port_info 4 /OUTPUT 1 "cout";
L_0x61eab2c49750 .functor XOR 1, L_0x61eab2c49480, L_0x61eab2c49570, C4<0>, C4<0>;
L_0x61eab2c497c0 .functor XOR 1, L_0x61eab2c49750, L_0x61eab2c49660, C4<0>, C4<0>;
L_0x61eab2c49880 .functor AND 1, L_0x61eab2c49480, L_0x61eab2c49570, C4<1>, C4<1>;
L_0x61eab2c49a10 .functor AND 1, L_0x61eab2c49570, L_0x61eab2c49660, C4<1>, C4<1>;
L_0x61eab2c49b10 .functor OR 1, L_0x61eab2c49880, L_0x61eab2c49a10, C4<0>, C4<0>;
L_0x61eab2c49b80 .functor AND 1, L_0x61eab2c49480, L_0x61eab2c49660, C4<1>, C4<1>;
L_0x61eab2c49c30 .functor OR 1, L_0x61eab2c49b10, L_0x61eab2c49b80, C4<0>, C4<0>;
v0x61eab2b56e80_0 .net *"_ivl_0", 0 0, L_0x61eab2c49750;  1 drivers
v0x61eab2b56f20_0 .net *"_ivl_10", 0 0, L_0x61eab2c49b80;  1 drivers
v0x61eab2b57610_0 .net *"_ivl_4", 0 0, L_0x61eab2c49880;  1 drivers
v0x61eab2b5ae10_0 .net *"_ivl_6", 0 0, L_0x61eab2c49a10;  1 drivers
v0x61eab2b5b5a0_0 .net *"_ivl_8", 0 0, L_0x61eab2c49b10;  1 drivers
v0x61eab2b5eda0_0 .net "a", 0 0, L_0x61eab2c49480;  alias, 1 drivers
v0x61eab2b5ee60_0 .net "b", 0 0, L_0x61eab2c49570;  alias, 1 drivers
v0x61eab2b5f530_0 .net "cin", 0 0, L_0x61eab2c49660;  alias, 1 drivers
v0x61eab2b5f5f0_0 .net "cout", 0 0, L_0x61eab2c49c30;  1 drivers
v0x61eab2b62d30_0 .net "sum", 0 0, L_0x61eab2c497c0;  1 drivers
S_0x61eab2b57d30 .scope generate, "gen_fa[5]" "gen_fa[5]" 4 32, 4 32 0, S_0x61eab2b45890;
 .timescale -9 -12;
P_0x61eab2afb7a0 .param/l "c" 1 4 32, +C4<0101>;
v0x61eab2b76de0_0 .net "fa_a", 0 0, L_0x61eab2c49cf0;  1 drivers
v0x61eab2b76ea0_0 .net "fa_b", 0 0, L_0x61eab2c49ef0;  1 drivers
v0x61eab2b7a5e0_0 .net "fa_cin", 0 0, L_0x61eab2c49fe0;  1 drivers
L_0x61eab2c49cf0 .part L_0x61eab2c46a60, 6, 1;
L_0x61eab2c49ef0 .part L_0x61eab2c39520, 5, 1;
L_0x61eab2c49fe0 .part L_0x61eab2c46e20, 5, 1;
S_0x61eab2b5d140 .scope module, "fa_inst" "full_adder" 4 37, 5 3 0, S_0x61eab2b57d30;
 .timescale -9 -12;
    .port_info 0 /INPUT 1 "a";
    .port_info 1 /INPUT 1 "b";
    .port_info 2 /INPUT 1 "cin";
    .port_info 3 /OUTPUT 1 "sum";
    .port_info 4 /OUTPUT 1 "cout";
L_0x61eab2c4a0d0 .functor XOR 1, L_0x61eab2c49cf0, L_0x61eab2c49ef0, C4<0>, C4<0>;
L_0x61eab2c4a140 .functor XOR 1, L_0x61eab2c4a0d0, L_0x61eab2c49fe0, C4<0>, C4<0>;
L_0x61eab2c4a200 .functor AND 1, L_0x61eab2c49cf0, L_0x61eab2c49ef0, C4<1>, C4<1>;
L_0x61eab2c4a300 .functor AND 1, L_0x61eab2c49ef0, L_0x61eab2c49fe0, C4<1>, C4<1>;
L_0x61eab2c4a400 .functor OR 1, L_0x61eab2c4a200, L_0x61eab2c4a300, C4<0>, C4<0>;
L_0x61eab2c4a470 .functor AND 1, L_0x61eab2c49cf0, L_0x61eab2c49fe0, C4<1>, C4<1>;
L_0x61eab2c4a4e0 .functor OR 1, L_0x61eab2c4a400, L_0x61eab2c4a470, C4<0>, C4<0>;
v0x61eab2b6ac50_0 .net *"_ivl_0", 0 0, L_0x61eab2c4a0d0;  1 drivers
v0x61eab2b6e2b0_0 .net *"_ivl_10", 0 0, L_0x61eab2c4a470;  1 drivers
v0x61eab2b6e910_0 .net *"_ivl_4", 0 0, L_0x61eab2c4a200;  1 drivers
v0x61eab2b6e9d0_0 .net *"_ivl_6", 0 0, L_0x61eab2c4a300;  1 drivers
v0x61eab2b6f0a0_0 .net *"_ivl_8", 0 0, L_0x61eab2c4a400;  1 drivers
v0x61eab2b72dc0_0 .net "a", 0 0, L_0x61eab2c49cf0;  alias, 1 drivers
v0x61eab2b72e80_0 .net "b", 0 0, L_0x61eab2c49ef0;  alias, 1 drivers
v0x61eab2b73460_0 .net "cin", 0 0, L_0x61eab2c49fe0;  alias, 1 drivers
v0x61eab2b73520_0 .net "cout", 0 0, L_0x61eab2c4a4e0;  1 drivers
v0x61eab2b76650_0 .net "sum", 0 0, L_0x61eab2c4a140;  1 drivers
S_0x61eab2b5bcc0 .scope generate, "gen_fa[6]" "gen_fa[6]" 4 32, 4 32 0, S_0x61eab2b45890;
 .timescale -9 -12;
P_0x61eab2c02f10 .param/l "c" 1 4 32, +C4<0110>;
v0x61eab2b8a420_0 .net "fa_a", 0 0, L_0x61eab2c4a5a0;  1 drivers
v0x61eab2b8a4e0_0 .net "fa_b", 0 0, L_0x61eab2c4a690;  1 drivers
v0x61eab2b8da80_0 .net "fa_cin", 0 0, L_0x61eab2c4a890;  1 drivers
L_0x61eab2c4a5a0 .part L_0x61eab2c46a60, 7, 1;
L_0x61eab2c4a690 .part L_0x61eab2c39520, 6, 1;
L_0x61eab2c4a890 .part L_0x61eab2c46e20, 6, 1;
S_0x61eab2b610d0 .scope module, "fa_inst" "full_adder" 4 37, 5 3 0, S_0x61eab2b5bcc0;
 .timescale -9 -12;
    .port_info 0 /INPUT 1 "a";
    .port_info 1 /INPUT 1 "b";
    .port_info 2 /INPUT 1 "cin";
    .port_info 3 /OUTPUT 1 "sum";
    .port_info 4 /OUTPUT 1 "cout";
L_0x61eab2c4aa90 .functor XOR 1, L_0x61eab2c4a5a0, L_0x61eab2c4a690, C4<0>, C4<0>;
L_0x61eab2c4ab00 .functor XOR 1, L_0x61eab2c4aa90, L_0x61eab2c4a890, C4<0>, C4<0>;
L_0x61eab2c4abc0 .functor AND 1, L_0x61eab2c4a5a0, L_0x61eab2c4a690, C4<1>, C4<1>;
L_0x61eab2c4ac30 .functor AND 1, L_0x61eab2c4a690, L_0x61eab2c4a890, C4<1>, C4<1>;
L_0x61eab2c4ad30 .functor OR 1, L_0x61eab2c4abc0, L_0x61eab2c4ac30, C4<0>, C4<0>;
L_0x61eab2c4ada0 .functor AND 1, L_0x61eab2c4a5a0, L_0x61eab2c4a890, C4<1>, C4<1>;
L_0x61eab2c4ae10 .functor OR 1, L_0x61eab2c4ad30, L_0x61eab2c4ada0, C4<0>, C4<0>;
v0x61eab2b7ad70_0 .net *"_ivl_0", 0 0, L_0x61eab2c4aa90;  1 drivers
v0x61eab2b7e570_0 .net *"_ivl_10", 0 0, L_0x61eab2c4ada0;  1 drivers
v0x61eab2b7ed00_0 .net *"_ivl_4", 0 0, L_0x61eab2c4abc0;  1 drivers
v0x61eab2b7edc0_0 .net *"_ivl_6", 0 0, L_0x61eab2c4ac30;  1 drivers
v0x61eab2b82500_0 .net *"_ivl_8", 0 0, L_0x61eab2c4ad30;  1 drivers
v0x61eab2b82c90_0 .net "a", 0 0, L_0x61eab2c4a5a0;  alias, 1 drivers
v0x61eab2b82d50_0 .net "b", 0 0, L_0x61eab2c4a690;  alias, 1 drivers
v0x61eab2b86490_0 .net "cin", 0 0, L_0x61eab2c4a890;  alias, 1 drivers
v0x61eab2b86550_0 .net "cout", 0 0, L_0x61eab2c4ae10;  1 drivers
v0x61eab2b86c20_0 .net "sum", 0 0, L_0x61eab2c4ab00;  1 drivers
S_0x61eab2b5fc50 .scope generate, "gen_fa[7]" "gen_fa[7]" 4 32, 4 32 0, S_0x61eab2b45890;
 .timescale -9 -12;
P_0x61eab2b37cb0 .param/l "c" 1 4 32, +C4<0111>;
L_0x74534b7b7060 .functor BUFT 1, C4<0>, C4<0>, C4<0>, C4<0>;
v0x61eab2b9a540_0 .net "fa_a", 0 0, L_0x74534b7b7060;  1 drivers
v0x61eab2b9a5e0_0 .net "fa_b", 0 0, L_0x61eab2c4af20;  1 drivers
v0x61eab2b9dd40_0 .net "fa_cin", 0 0, L_0x61eab2c4b010;  1 drivers
L_0x61eab2c4af20 .part L_0x61eab2c39520, 7, 1;
L_0x61eab2c4b010 .part L_0x61eab2c46e20, 7, 1;
LS_0x61eab2c4b6a0_0_0 .concat8 [ 1 1 1 1], L_0x61eab2c475c0, L_0x61eab2c47e30, L_0x61eab2c48730, L_0x61eab2c48eb0;
LS_0x61eab2c4b6a0_0_4 .concat8 [ 1 1 1 1], L_0x61eab2c497c0, L_0x61eab2c4a140, L_0x61eab2c4ab00, L_0x61eab2c4b170;
L_0x61eab2c4b6a0 .concat8 [ 4 4 0 0], LS_0x61eab2c4b6a0_0_0, LS_0x61eab2c4b6a0_0_4;
LS_0x61eab2c4ba60_0_0 .concat8 [ 1 1 1 1], L_0x61eab2c479f0, L_0x61eab2c48260, L_0x61eab2c48b50, L_0x61eab2c49370;
LS_0x61eab2c4ba60_0_4 .concat8 [ 1 1 1 1], L_0x61eab2c49c30, L_0x61eab2c4a4e0, L_0x61eab2c4ae10, L_0x61eab2c4b5e0;
L_0x61eab2c4ba60 .concat8 [ 4 4 0 0], LS_0x61eab2c4ba60_0_0, LS_0x61eab2c4ba60_0_4;
S_0x61eab2b65060 .scope module, "fa_inst" "full_adder" 4 37, 5 3 0, S_0x61eab2b5fc50;
 .timescale -9 -12;
    .port_info 0 /INPUT 1 "a";
    .port_info 1 /INPUT 1 "b";
    .port_info 2 /INPUT 1 "cin";
    .port_info 3 /OUTPUT 1 "sum";
    .port_info 4 /OUTPUT 1 "cout";
L_0x61eab2c4b100 .functor XOR 1, L_0x74534b7b7060, L_0x61eab2c4af20, C4<0>, C4<0>;
L_0x61eab2c4b170 .functor XOR 1, L_0x61eab2c4b100, L_0x61eab2c4b010, C4<0>, C4<0>;
L_0x61eab2c4b230 .functor AND 1, L_0x74534b7b7060, L_0x61eab2c4af20, C4<1>, C4<1>;
L_0x61eab2c4b3c0 .functor AND 1, L_0x61eab2c4af20, L_0x61eab2c4b010, C4<1>, C4<1>;
L_0x61eab2c4b4c0 .functor OR 1, L_0x61eab2c4b230, L_0x61eab2c4b3c0, C4<0>, C4<0>;
L_0x61eab2c4b530 .functor AND 1, L_0x74534b7b7060, L_0x61eab2c4b010, C4<1>, C4<1>;
L_0x61eab2c4b5e0 .functor OR 1, L_0x61eab2c4b4c0, L_0x61eab2c4b530, C4<0>, C4<0>;
v0x61eab2b8e0e0_0 .net *"_ivl_0", 0 0, L_0x61eab2c4b100;  1 drivers
v0x61eab2b8e870_0 .net *"_ivl_10", 0 0, L_0x61eab2c4b530;  1 drivers
v0x61eab2b92590_0 .net *"_ivl_4", 0 0, L_0x61eab2c4b230;  1 drivers
v0x61eab2b92650_0 .net *"_ivl_6", 0 0, L_0x61eab2c4b3c0;  1 drivers
v0x61eab2b92c30_0 .net *"_ivl_8", 0 0, L_0x61eab2c4b4c0;  1 drivers
v0x61eab2b95e20_0 .net "a", 0 0, L_0x74534b7b7060;  alias, 1 drivers
v0x61eab2b95ee0_0 .net "b", 0 0, L_0x61eab2c4af20;  alias, 1 drivers
v0x61eab2b965b0_0 .net "cin", 0 0, L_0x61eab2c4b010;  alias, 1 drivers
v0x61eab2b96670_0 .net "cout", 0 0, L_0x61eab2c4b5e0;  1 drivers
v0x61eab2b99db0_0 .net "sum", 0 0, L_0x61eab2c4b170;  1 drivers
S_0x61eab2b63be0 .scope generate, "gen_csa[3]" "gen_csa[3]" 4 31, 4 31 0, S_0x61eab2bf7400;
 .timescale -9 -12;
P_0x61eab2b63360 .param/l "r" 1 4 31, +C4<011>;
v0x61eab2b98250_0 .net *"_ivl_2", 0 0, L_0x61eab2c4bdd0;  1 drivers
L_0x61eab2c4bdd0 .part L_0x61eab2c502d0, 0, 1;
S_0x61eab2b68ff0 .scope generate, "gen_fa[0]" "gen_fa[0]" 4 32, 4 32 0, S_0x61eab2b63be0;
 .timescale -9 -12;
P_0x61eab2bd1ae0 .param/l "c" 1 4 32, +C4<00>;
v0x61eab2bad8b0_0 .net "fa_a", 0 0, L_0x61eab2c4be70;  1 drivers
v0x61eab2bad950_0 .net "fa_b", 0 0, L_0x61eab2c4bf60;  1 drivers
v0x61eab2bae040_0 .net "fa_cin", 0 0, L_0x61eab2c4c0a0;  1 drivers
L_0x61eab2c4be70 .part L_0x61eab2c4b6a0, 1, 1;
L_0x61eab2c4bf60 .part L_0x61eab2c3acb0, 0, 1;
L_0x61eab2c4c0a0 .part L_0x61eab2c4ba60, 0, 1;
S_0x61eab2b67b70 .scope module, "fa_inst" "full_adder" 4 37, 5 3 0, S_0x61eab2b68ff0;
 .timescale -9 -12;
    .port_info 0 /INPUT 1 "a";
    .port_info 1 /INPUT 1 "b";
    .port_info 2 /INPUT 1 "cin";
    .port_info 3 /OUTPUT 1 "sum";
    .port_info 4 /OUTPUT 1 "cout";
L_0x61eab2c4c1e0 .functor XOR 1, L_0x61eab2c4be70, L_0x61eab2c4bf60, C4<0>, C4<0>;
L_0x61eab2c4c250 .functor XOR 1, L_0x61eab2c4c1e0, L_0x61eab2c4c0a0, C4<0>, C4<0>;
L_0x61eab2c4c310 .functor AND 1, L_0x61eab2c4be70, L_0x61eab2c4bf60, C4<1>, C4<1>;
L_0x61eab2c4c4a0 .functor AND 1, L_0x61eab2c4bf60, L_0x61eab2c4c0a0, C4<1>, C4<1>;
L_0x61eab2c4c5a0 .functor OR 1, L_0x61eab2c4c310, L_0x61eab2c4c4a0, C4<0>, C4<0>;
L_0x61eab2c4c610 .functor AND 1, L_0x61eab2c4be70, L_0x61eab2c4c0a0, C4<1>, C4<1>;
L_0x61eab2c4c6c0 .functor OR 1, L_0x61eab2c4c5a0, L_0x61eab2c4c610, C4<0>, C4<0>;
v0x61eab2b9e570_0 .net *"_ivl_0", 0 0, L_0x61eab2c4c1e0;  1 drivers
v0x61eab2ba1cd0_0 .net *"_ivl_10", 0 0, L_0x61eab2c4c610;  1 drivers
v0x61eab2ba2460_0 .net *"_ivl_4", 0 0, L_0x61eab2c4c310;  1 drivers
v0x61eab2ba2520_0 .net *"_ivl_6", 0 0, L_0x61eab2c4c4a0;  1 drivers
v0x61eab2ba5c60_0 .net *"_ivl_8", 0 0, L_0x61eab2c4c5a0;  1 drivers
v0x61eab2ba63f0_0 .net "a", 0 0, L_0x61eab2c4be70;  alias, 1 drivers
v0x61eab2ba64b0_0 .net "b", 0 0, L_0x61eab2c4bf60;  alias, 1 drivers
v0x61eab2ba9bf0_0 .net "cin", 0 0, L_0x61eab2c4c0a0;  alias, 1 drivers
v0x61eab2ba9cb0_0 .net "cout", 0 0, L_0x61eab2c4c6c0;  1 drivers
v0x61eab2bad250_0 .net "sum", 0 0, L_0x61eab2c4c250;  1 drivers
S_0x61eab2b6cf80 .scope generate, "gen_fa[1]" "gen_fa[1]" 4 32, 4 32 0, S_0x61eab2b63be0;
 .timescale -9 -12;
P_0x61eab2bff560 .param/l "c" 1 4 32, +C4<01>;
v0x61eab2bbdca0_0 .net "fa_a", 0 0, L_0x61eab2c4c780;  1 drivers
v0x61eab2bbdd40_0 .net "fa_b", 0 0, L_0x61eab2c4c900;  1 drivers
v0x61eab2bc14a0_0 .net "fa_cin", 0 0, L_0x61eab2c4c9a0;  1 drivers
L_0x61eab2c4c780 .part L_0x61eab2c4b6a0, 2, 1;
L_0x61eab2c4c900 .part L_0x61eab2c3acb0, 1, 1;
L_0x61eab2c4c9a0 .part L_0x61eab2c4ba60, 1, 1;
S_0x61eab2b6bb00 .scope module, "fa_inst" "full_adder" 4 37, 5 3 0, S_0x61eab2b6cf80;
 .timescale -9 -12;
    .port_info 0 /INPUT 1 "a";
    .port_info 1 /INPUT 1 "b";
    .port_info 2 /INPUT 1 "cin";
    .port_info 3 /OUTPUT 1 "sum";
    .port_info 4 /OUTPUT 1 "cout";
L_0x61eab2c4ca90 .functor XOR 1, L_0x61eab2c4c780, L_0x61eab2c4c900, C4<0>, C4<0>;
L_0x61eab2c4cb00 .functor XOR 1, L_0x61eab2c4ca90, L_0x61eab2c4c9a0, C4<0>, C4<0>;
L_0x61eab2c4cbc0 .functor AND 1, L_0x61eab2c4c780, L_0x61eab2c4c900, C4<1>, C4<1>;
L_0x61eab2c4cd50 .functor AND 1, L_0x61eab2c4c900, L_0x61eab2c4c9a0, C4<1>, C4<1>;
L_0x61eab2c4ce50 .functor OR 1, L_0x61eab2c4cbc0, L_0x61eab2c4cd50, C4<0>, C4<0>;
L_0x61eab2c4cec0 .functor AND 1, L_0x61eab2c4c780, L_0x61eab2c4c9a0, C4<1>, C4<1>;
L_0x61eab2c4cf70 .functor OR 1, L_0x61eab2c4ce50, L_0x61eab2c4cec0, C4<0>, C4<0>;
v0x61eab2bb1d60_0 .net *"_ivl_0", 0 0, L_0x61eab2c4ca90;  1 drivers
v0x61eab2bb2400_0 .net *"_ivl_10", 0 0, L_0x61eab2c4cec0;  1 drivers
v0x61eab2bb55f0_0 .net *"_ivl_4", 0 0, L_0x61eab2c4cbc0;  1 drivers
v0x61eab2bb56b0_0 .net *"_ivl_6", 0 0, L_0x61eab2c4cd50;  1 drivers
v0x61eab2bb5d80_0 .net *"_ivl_8", 0 0, L_0x61eab2c4ce50;  1 drivers
v0x61eab2bb9580_0 .net "a", 0 0, L_0x61eab2c4c780;  alias, 1 drivers
v0x61eab2bb9640_0 .net "b", 0 0, L_0x61eab2c4c900;  alias, 1 drivers
v0x61eab2bb9d10_0 .net "cin", 0 0, L_0x61eab2c4c9a0;  alias, 1 drivers
v0x61eab2bb9dd0_0 .net "cout", 0 0, L_0x61eab2c4cf70;  1 drivers
v0x61eab2bbd510_0 .net "sum", 0 0, L_0x61eab2c4cb00;  1 drivers
S_0x61eab2b70c40 .scope generate, "gen_fa[2]" "gen_fa[2]" 4 32, 4 32 0, S_0x61eab2b63be0;
 .timescale -9 -12;
P_0x61eab2b37790 .param/l "c" 1 4 32, +C4<010>;
v0x61eab2bcd810_0 .net "fa_a", 0 0, L_0x61eab2c4d030;  1 drivers
v0x61eab2bcd8b0_0 .net "fa_b", 0 0, L_0x61eab2c4d120;  1 drivers
v0x61eab2bd1530_0 .net "fa_cin", 0 0, L_0x61eab2c4d2a0;  1 drivers
L_0x61eab2c4d030 .part L_0x61eab2c4b6a0, 3, 1;
L_0x61eab2c4d120 .part L_0x61eab2c3acb0, 2, 1;
L_0x61eab2c4d2a0 .part L_0x61eab2c4ba60, 2, 1;
S_0x61eab2b6f7c0 .scope module, "fa_inst" "full_adder" 4 37, 5 3 0, S_0x61eab2b70c40;
 .timescale -9 -12;
    .port_info 0 /INPUT 1 "a";
    .port_info 1 /INPUT 1 "b";
    .port_info 2 /INPUT 1 "cin";
    .port_info 3 /OUTPUT 1 "sum";
    .port_info 4 /OUTPUT 1 "cout";
L_0x61eab2c4d3d0 .functor XOR 1, L_0x61eab2c4d030, L_0x61eab2c4d120, C4<0>, C4<0>;
L_0x61eab2c4d440 .functor XOR 1, L_0x61eab2c4d3d0, L_0x61eab2c4d2a0, C4<0>, C4<0>;
L_0x61eab2c4d4b0 .functor AND 1, L_0x61eab2c4d030, L_0x61eab2c4d120, C4<1>, C4<1>;
L_0x61eab2c4d640 .functor AND 1, L_0x61eab2c4d120, L_0x61eab2c4d2a0, C4<1>, C4<1>;
L_0x61eab2c4d740 .functor OR 1, L_0x61eab2c4d4b0, L_0x61eab2c4d640, C4<0>, C4<0>;
L_0x61eab2c4d7b0 .functor AND 1, L_0x61eab2c4d030, L_0x61eab2c4d2a0, C4<1>, C4<1>;
L_0x61eab2c4d820 .functor OR 1, L_0x61eab2c4d740, L_0x61eab2c4d7b0, C4<0>, C4<0>;
v0x61eab2bc1c30_0 .net *"_ivl_0", 0 0, L_0x61eab2c4d3d0;  1 drivers
v0x61eab2bc1cd0_0 .net *"_ivl_10", 0 0, L_0x61eab2c4d7b0;  1 drivers
v0x61eab2bc5430_0 .net *"_ivl_4", 0 0, L_0x61eab2c4d4b0;  1 drivers
v0x61eab2bc54f0_0 .net *"_ivl_6", 0 0, L_0x61eab2c4d640;  1 drivers
v0x61eab2bc5bc0_0 .net *"_ivl_8", 0 0, L_0x61eab2c4d740;  1 drivers
v0x61eab2bc93c0_0 .net "a", 0 0, L_0x61eab2c4d030;  alias, 1 drivers
v0x61eab2bc9480_0 .net "b", 0 0, L_0x61eab2c4d120;  alias, 1 drivers
v0x61eab2bcca20_0 .net "cin", 0 0, L_0x61eab2c4d2a0;  alias, 1 drivers
v0x61eab2bccae0_0 .net "cout", 0 0, L_0x61eab2c4d820;  1 drivers
v0x61eab2bcd080_0 .net "sum", 0 0, L_0x61eab2c4d440;  1 drivers
S_0x61eab2b74c40 .scope generate, "gen_fa[3]" "gen_fa[3]" 4 32, 4 32 0, S_0x61eab2b63be0;
 .timescale -9 -12;
P_0x61eab2b7ae80 .param/l "c" 1 4 32, +C4<011>;
v0x61eab2be0c70_0 .net "fa_a", 0 0, L_0x61eab2c4d8e0;  1 drivers
v0x61eab2be0d10_0 .net "fa_b", 0 0, L_0x61eab2c4d980;  1 drivers
v0x61eab2be1400_0 .net "fa_cin", 0 0, L_0x61eab2c4da70;  1 drivers
L_0x61eab2c4d8e0 .part L_0x61eab2c4b6a0, 4, 1;
L_0x61eab2c4d980 .part L_0x61eab2c3acb0, 3, 1;
L_0x61eab2c4da70 .part L_0x61eab2c4ba60, 3, 1;
S_0x61eab2b73ae0 .scope module, "fa_inst" "full_adder" 4 37, 5 3 0, S_0x61eab2b74c40;
 .timescale -9 -12;
    .port_info 0 /INPUT 1 "a";
    .port_info 1 /INPUT 1 "b";
    .port_info 2 /INPUT 1 "cin";
    .port_info 3 /OUTPUT 1 "sum";
    .port_info 4 /OUTPUT 1 "cout";
L_0x61eab2c4db10 .functor XOR 1, L_0x61eab2c4d8e0, L_0x61eab2c4d980, C4<0>, C4<0>;
L_0x61eab2c4db80 .functor XOR 1, L_0x61eab2c4db10, L_0x61eab2c4da70, C4<0>, C4<0>;
L_0x61eab2c4dc40 .functor AND 1, L_0x61eab2c4d8e0, L_0x61eab2c4d980, C4<1>, C4<1>;
L_0x61eab2c4ddd0 .functor AND 1, L_0x61eab2c4d980, L_0x61eab2c4da70, C4<1>, C4<1>;
L_0x61eab2c4ded0 .functor OR 1, L_0x61eab2c4dc40, L_0x61eab2c4ddd0, C4<0>, C4<0>;
L_0x61eab2c4df40 .functor AND 1, L_0x61eab2c4d8e0, L_0x61eab2c4da70, C4<1>, C4<1>;
L_0x61eab2c4dff0 .functor OR 1, L_0x61eab2c4ded0, L_0x61eab2c4df40, C4<0>, C4<0>;
v0x61eab2bd1bd0_0 .net *"_ivl_0", 0 0, L_0x61eab2c4db10;  1 drivers
v0x61eab2bd4dc0_0 .net *"_ivl_10", 0 0, L_0x61eab2c4df40;  1 drivers
v0x61eab2bd5550_0 .net *"_ivl_4", 0 0, L_0x61eab2c4dc40;  1 drivers
v0x61eab2bd5610_0 .net *"_ivl_6", 0 0, L_0x61eab2c4ddd0;  1 drivers
v0x61eab2bd8d50_0 .net *"_ivl_8", 0 0, L_0x61eab2c4ded0;  1 drivers
v0x61eab2bd94e0_0 .net "a", 0 0, L_0x61eab2c4d8e0;  alias, 1 drivers
v0x61eab2bd95a0_0 .net "b", 0 0, L_0x61eab2c4d980;  alias, 1 drivers
v0x61eab2bdcce0_0 .net "cin", 0 0, L_0x61eab2c4da70;  alias, 1 drivers
v0x61eab2bdcda0_0 .net "cout", 0 0, L_0x61eab2c4dff0;  1 drivers
v0x61eab2bdd470_0 .net "sum", 0 0, L_0x61eab2c4db80;  1 drivers
S_0x61eab2b78980 .scope generate, "gen_fa[4]" "gen_fa[4]" 4 32, 4 32 0, S_0x61eab2b63be0;
 .timescale -9 -12;
P_0x61eab2bb24e0 .param/l "c" 1 4 32, +C4<0100>;
v0x61eab2c07750_0 .net "fa_a", 0 0, L_0x61eab2c4e100;  1 drivers
v0x61eab2c077f0_0 .net "fa_b", 0 0, L_0x61eab2c4e1f0;  1 drivers
v0x61eab2c079e0_0 .net "fa_cin", 0 0, L_0x61eab2c4e290;  1 drivers
L_0x61eab2c4e100 .part L_0x61eab2c4b6a0, 5, 1;
L_0x61eab2c4e1f0 .part L_0x61eab2c3acb0, 4, 1;
L_0x61eab2c4e290 .part L_0x61eab2c4ba60, 4, 1;
S_0x61eab2b77500 .scope module, "fa_inst" "full_adder" 4 37, 5 3 0, S_0x61eab2b78980;
 .timescale -9 -12;
    .port_info 0 /INPUT 1 "a";
    .port_info 1 /INPUT 1 "b";
    .port_info 2 /INPUT 1 "cin";
    .port_info 3 /OUTPUT 1 "sum";
    .port_info 4 /OUTPUT 1 "cout";
L_0x61eab2c4e380 .functor XOR 1, L_0x61eab2c4e100, L_0x61eab2c4e1f0, C4<0>, C4<0>;
L_0x61eab2c4e3f0 .functor XOR 1, L_0x61eab2c4e380, L_0x61eab2c4e290, C4<0>, C4<0>;
L_0x61eab2c4e4b0 .functor AND 1, L_0x61eab2c4e100, L_0x61eab2c4e1f0, C4<1>, C4<1>;
L_0x61eab2c4e640 .functor AND 1, L_0x61eab2c4e1f0, L_0x61eab2c4e290, C4<1>, C4<1>;
L_0x61eab2c4e740 .functor OR 1, L_0x61eab2c4e4b0, L_0x61eab2c4e640, C4<0>, C4<0>;
L_0x61eab2c4e7b0 .functor AND 1, L_0x61eab2c4e100, L_0x61eab2c4e290, C4<1>, C4<1>;
L_0x61eab2c4e860 .functor OR 1, L_0x61eab2c4e740, L_0x61eab2c4e7b0, C4<0>, C4<0>;
v0x61eab2be4c00_0 .net *"_ivl_0", 0 0, L_0x61eab2c4e380;  1 drivers
v0x61eab2be5390_0 .net *"_ivl_10", 0 0, L_0x61eab2c4e7b0;  1 drivers
v0x61eab2be8b90_0 .net *"_ivl_4", 0 0, L_0x61eab2c4e4b0;  1 drivers
v0x61eab2be8c50_0 .net *"_ivl_6", 0 0, L_0x61eab2c4e640;  1 drivers
v0x61eab2bec1f0_0 .net *"_ivl_8", 0 0, L_0x61eab2c4e740;  1 drivers
v0x61eab2bec850_0 .net "a", 0 0, L_0x61eab2c4e100;  alias, 1 drivers
v0x61eab2bec910_0 .net "b", 0 0, L_0x61eab2c4e1f0;  alias, 1 drivers
v0x61eab2becfe0_0 .net "cin", 0 0, L_0x61eab2c4e290;  alias, 1 drivers
v0x61eab2bed0a0_0 .net "cout", 0 0, L_0x61eab2c4e860;  1 drivers
v0x61eab2ad1ee0_0 .net "sum", 0 0, L_0x61eab2c4e3f0;  1 drivers
S_0x61eab2b7c910 .scope generate, "gen_fa[5]" "gen_fa[5]" 4 32, 4 32 0, S_0x61eab2b63be0;
 .timescale -9 -12;
P_0x61eab2be5470 .param/l "c" 1 4 32, +C4<0101>;
v0x61eab2b72c60_0 .net "fa_a", 0 0, L_0x61eab2c4e920;  1 drivers
v0x61eab2b8abb0_0 .net "fa_b", 0 0, L_0x61eab2c4eb20;  1 drivers
v0x61eab2b8ac80_0 .net "fa_cin", 0 0, L_0x61eab2c4ec10;  1 drivers
L_0x61eab2c4e920 .part L_0x61eab2c4b6a0, 6, 1;
L_0x61eab2c4eb20 .part L_0x61eab2c3acb0, 5, 1;
L_0x61eab2c4ec10 .part L_0x61eab2c4ba60, 5, 1;
S_0x61eab2b7b490 .scope module, "fa_inst" "full_adder" 4 37, 5 3 0, S_0x61eab2b7c910;
 .timescale -9 -12;
    .port_info 0 /INPUT 1 "a";
    .port_info 1 /INPUT 1 "b";
    .port_info 2 /INPUT 1 "cin";
    .port_info 3 /OUTPUT 1 "sum";
    .port_info 4 /OUTPUT 1 "cout";
L_0x61eab2c4ed00 .functor XOR 1, L_0x61eab2c4e920, L_0x61eab2c4eb20, C4<0>, C4<0>;
L_0x61eab2c4ed70 .functor XOR 1, L_0x61eab2c4ed00, L_0x61eab2c4ec10, C4<0>, C4<0>;
L_0x61eab2c4ee30 .functor AND 1, L_0x61eab2c4e920, L_0x61eab2c4eb20, C4<1>, C4<1>;
L_0x61eab2c4ef30 .functor AND 1, L_0x61eab2c4eb20, L_0x61eab2c4ec10, C4<1>, C4<1>;
L_0x61eab2c4f030 .functor OR 1, L_0x61eab2c4ee30, L_0x61eab2c4ef30, C4<0>, C4<0>;
L_0x61eab2c4f0a0 .functor AND 1, L_0x61eab2c4e920, L_0x61eab2c4ec10, C4<1>, C4<1>;
L_0x61eab2c4f150 .functor OR 1, L_0x61eab2c4f030, L_0x61eab2c4f0a0, C4<0>, C4<0>;
v0x61eab2c07a80_0 .net *"_ivl_0", 0 0, L_0x61eab2c4ed00;  1 drivers
v0x61eab2b2c440_0 .net *"_ivl_10", 0 0, L_0x61eab2c4f0a0;  1 drivers
v0x61eab2b2c500_0 .net *"_ivl_4", 0 0, L_0x61eab2c4ee30;  1 drivers
v0x61eab2b33c60_0 .net *"_ivl_6", 0 0, L_0x61eab2c4ef30;  1 drivers
v0x61eab2b33d40_0 .net *"_ivl_8", 0 0, L_0x61eab2c4f030;  1 drivers
v0x61eab2b4bca0_0 .net "a", 0 0, L_0x61eab2c4e920;  alias, 1 drivers
v0x61eab2b53430_0 .net "b", 0 0, L_0x61eab2c4eb20;  alias, 1 drivers
v0x61eab2b534f0_0 .net "cin", 0 0, L_0x61eab2c4ec10;  alias, 1 drivers
v0x61eab2b6b3e0_0 .net "cout", 0 0, L_0x61eab2c4f150;  1 drivers
v0x61eab2b6b4a0_0 .net "sum", 0 0, L_0x61eab2c4ed70;  1 drivers
S_0x61eab2b808a0 .scope generate, "gen_fa[6]" "gen_fa[6]" 4 32, 4 32 0, S_0x61eab2b63be0;
 .timescale -9 -12;
P_0x61eab2b923d0 .param/l "c" 1 4 32, +C4<0110>;
v0x61eab2c06f20_0 .net "fa_a", 0 0, L_0x61eab2c4f210;  1 drivers
v0x61eab2c06fc0_0 .net "fa_b", 0 0, L_0x61eab2c4f300;  1 drivers
v0x61eab2b84830_0 .net "fa_cin", 0 0, L_0x61eab2c4f500;  1 drivers
L_0x61eab2c4f210 .part L_0x61eab2c4b6a0, 7, 1;
L_0x61eab2c4f300 .part L_0x61eab2c3acb0, 6, 1;
L_0x61eab2c4f500 .part L_0x61eab2c4ba60, 6, 1;
S_0x61eab2b7f420 .scope module, "fa_inst" "full_adder" 4 37, 5 3 0, S_0x61eab2b808a0;
 .timescale -9 -12;
    .port_info 0 /INPUT 1 "a";
    .port_info 1 /INPUT 1 "b";
    .port_info 2 /INPUT 1 "cin";
    .port_info 3 /OUTPUT 1 "sum";
    .port_info 4 /OUTPUT 1 "cout";
L_0x61eab2c4f700 .functor XOR 1, L_0x61eab2c4f210, L_0x61eab2c4f300, C4<0>, C4<0>;
L_0x61eab2c4f770 .functor XOR 1, L_0x61eab2c4f700, L_0x61eab2c4f500, C4<0>, C4<0>;
L_0x61eab2c4f830 .functor AND 1, L_0x61eab2c4f210, L_0x61eab2c4f300, C4<1>, C4<1>;
L_0x61eab2c4f8a0 .functor AND 1, L_0x61eab2c4f300, L_0x61eab2c4f500, C4<1>, C4<1>;
L_0x61eab2c4f9a0 .functor OR 1, L_0x61eab2c4f830, L_0x61eab2c4f8a0, C4<0>, C4<0>;
L_0x61eab2c4fa10 .functor AND 1, L_0x61eab2c4f210, L_0x61eab2c4f500, C4<1>, C4<1>;
L_0x61eab2c4fa80 .functor OR 1, L_0x61eab2c4f9a0, L_0x61eab2c4fa10, C4<0>, C4<0>;
v0x61eab2baa380_0 .net *"_ivl_0", 0 0, L_0x61eab2c4f700;  1 drivers
v0x61eab2baa460_0 .net *"_ivl_10", 0 0, L_0x61eab2c4fa10;  1 drivers
v0x61eab2bb1ba0_0 .net *"_ivl_4", 0 0, L_0x61eab2c4f830;  1 drivers
v0x61eab2bb1c70_0 .net *"_ivl_6", 0 0, L_0x61eab2c4f8a0;  1 drivers
v0x61eab2bc9b90_0 .net *"_ivl_8", 0 0, L_0x61eab2c4f9a0;  1 drivers
v0x61eab2bd1370_0 .net "a", 0 0, L_0x61eab2c4f210;  alias, 1 drivers
v0x61eab2bd1430_0 .net "b", 0 0, L_0x61eab2c4f300;  alias, 1 drivers
v0x61eab2be9320_0 .net "cin", 0 0, L_0x61eab2c4f500;  alias, 1 drivers
v0x61eab2be93e0_0 .net "cout", 0 0, L_0x61eab2c4fa80;  1 drivers
v0x61eab2c03a40_0 .net "sum", 0 0, L_0x61eab2c4f770;  1 drivers
S_0x61eab2b833b0 .scope generate, "gen_fa[7]" "gen_fa[7]" 4 32, 4 32 0, S_0x61eab2b63be0;
 .timescale -9 -12;
P_0x61eab2b84930 .param/l "c" 1 4 32, +C4<0111>;
L_0x74534b7b70a8 .functor BUFT 1, C4<0>, C4<0>, C4<0>, C4<0>;
v0x61eab2b932b0_0 .net "fa_a", 0 0, L_0x74534b7b70a8;  1 drivers
v0x61eab2b93370_0 .net "fa_b", 0 0, L_0x61eab2c4fb90;  1 drivers
v0x61eab2b98150_0 .net "fa_cin", 0 0, L_0x61eab2c4fc80;  1 drivers
L_0x61eab2c4fb90 .part L_0x61eab2c3acb0, 7, 1;
L_0x61eab2c4fc80 .part L_0x61eab2c4ba60, 7, 1;
LS_0x61eab2c502d0_0_0 .concat8 [ 1 1 1 1], L_0x61eab2c4c250, L_0x61eab2c4cb00, L_0x61eab2c4d440, L_0x61eab2c4db80;
LS_0x61eab2c502d0_0_4 .concat8 [ 1 1 1 1], L_0x61eab2c4e3f0, L_0x61eab2c4ed70, L_0x61eab2c4f770, L_0x61eab2c4fde0;
L_0x61eab2c502d0 .concat8 [ 4 4 0 0], LS_0x61eab2c502d0_0_0, LS_0x61eab2c502d0_0_4;
LS_0x61eab2c50690_0_0 .concat8 [ 1 1 1 1], L_0x61eab2c4c6c0, L_0x61eab2c4cf70, L_0x61eab2c4d820, L_0x61eab2c4dff0;
LS_0x61eab2c50690_0_4 .concat8 [ 1 1 1 1], L_0x61eab2c4e860, L_0x61eab2c4f150, L_0x61eab2c4fa80, L_0x61eab2c50210;
L_0x61eab2c50690 .concat8 [ 4 4 0 0], LS_0x61eab2c50690_0_0, LS_0x61eab2c50690_0_4;
S_0x61eab2b887c0 .scope module, "fa_inst" "full_adder" 4 37, 5 3 0, S_0x61eab2b833b0;
 .timescale -9 -12;
    .port_info 0 /INPUT 1 "a";
    .port_info 1 /INPUT 1 "b";
    .port_info 2 /INPUT 1 "cin";
    .port_info 3 /OUTPUT 1 "sum";
    .port_info 4 /OUTPUT 1 "cout";
L_0x61eab2c4fd70 .functor XOR 1, L_0x74534b7b70a8, L_0x61eab2c4fb90, C4<0>, C4<0>;
L_0x61eab2c4fde0 .functor XOR 1, L_0x61eab2c4fd70, L_0x61eab2c4fc80, C4<0>, C4<0>;
L_0x61eab2c4fea0 .functor AND 1, L_0x74534b7b70a8, L_0x61eab2c4fb90, C4<1>, C4<1>;
L_0x61eab2c50030 .functor AND 1, L_0x61eab2c4fb90, L_0x61eab2c4fc80, C4<1>, C4<1>;
L_0x61eab2c50130 .functor OR 1, L_0x61eab2c4fea0, L_0x61eab2c50030, C4<0>, C4<0>;
L_0x61eab2c501a0 .functor AND 1, L_0x74534b7b70a8, L_0x61eab2c4fc80, C4<1>, C4<1>;
L_0x61eab2c50210 .functor OR 1, L_0x61eab2c50130, L_0x61eab2c501a0, C4<0>, C4<0>;
v0x61eab2b873c0_0 .net *"_ivl_0", 0 0, L_0x61eab2c4fd70;  1 drivers
v0x61eab2b8c750_0 .net *"_ivl_10", 0 0, L_0x61eab2c501a0;  1 drivers
v0x61eab2b8c830_0 .net *"_ivl_4", 0 0, L_0x61eab2c4fea0;  1 drivers
v0x61eab2b8b2d0_0 .net *"_ivl_6", 0 0, L_0x61eab2c50030;  1 drivers
v0x61eab2b8b3b0_0 .net *"_ivl_8", 0 0, L_0x61eab2c50130;  1 drivers
v0x61eab2b90480_0 .net "a", 0 0, L_0x74534b7b70a8;  alias, 1 drivers
v0x61eab2b8ef90_0 .net "b", 0 0, L_0x61eab2c4fb90;  alias, 1 drivers
v0x61eab2b8f050_0 .net "cin", 0 0, L_0x61eab2c4fc80;  alias, 1 drivers
v0x61eab2b94410_0 .net "cout", 0 0, L_0x61eab2c50210;  1 drivers
v0x61eab2b944b0_0 .net "sum", 0 0, L_0x61eab2c4fde0;  1 drivers
S_0x61eab2b96cd0 .scope generate, "gen_csa[4]" "gen_csa[4]" 4 31, 4 31 0, S_0x61eab2bf7400;
 .timescale -9 -12;
P_0x61eab2b9c0e0 .param/l "r" 1 4 31, +C4<0100>;
v0x61eab2b4e450_0 .net *"_ivl_2", 0 0, L_0x61eab2c50a00;  1 drivers
L_0x61eab2c50a00 .part L_0x61eab2c54ea0, 0, 1;
S_0x61eab2b9ac60 .scope generate, "gen_fa[0]" "gen_fa[0]" 4 32, 4 32 0, S_0x61eab2b96cd0;
 .timescale -9 -12;
P_0x61eab2b9c230 .param/l "c" 1 4 32, +C4<00>;
v0x61eab2bafbe0_0 .net "fa_a", 0 0, L_0x61eab2c50aa0;  1 drivers
v0x61eab2bafca0_0 .net "fa_b", 0 0, L_0x61eab2c50b90;  1 drivers
v0x61eab2bae760_0 .net "fa_cin", 0 0, L_0x61eab2c50cd0;  1 drivers
L_0x61eab2c50aa0 .part L_0x61eab2c502d0, 1, 1;
L_0x61eab2c50b90 .part L_0x61eab2c3c940, 0, 1;
L_0x61eab2c50cd0 .part L_0x61eab2c50690, 0, 1;
S_0x61eab2b9ebf0 .scope module, "fa_inst" "full_adder" 4 37, 5 3 0, S_0x61eab2b9ac60;
 .timescale -9 -12;
    .port_info 0 /INPUT 1 "a";
    .port_info 1 /INPUT 1 "b";
    .port_info 2 /INPUT 1 "cin";
    .port_info 3 /OUTPUT 1 "sum";
    .port_info 4 /OUTPUT 1 "cout";
L_0x61eab2c50e10 .functor XOR 1, L_0x61eab2c50aa0, L_0x61eab2c50b90, C4<0>, C4<0>;
L_0x61eab2c50e80 .functor XOR 1, L_0x61eab2c50e10, L_0x61eab2c50cd0, C4<0>, C4<0>;
L_0x61eab2c50f40 .functor AND 1, L_0x61eab2c50aa0, L_0x61eab2c50b90, C4<1>, C4<1>;
L_0x61eab2c510d0 .functor AND 1, L_0x61eab2c50b90, L_0x61eab2c50cd0, C4<1>, C4<1>;
L_0x61eab2c511d0 .functor OR 1, L_0x61eab2c50f40, L_0x61eab2c510d0, C4<0>, C4<0>;
L_0x61eab2c51240 .functor AND 1, L_0x61eab2c50aa0, L_0x61eab2c50cd0, C4<1>, C4<1>;
L_0x61eab2c512b0 .functor OR 1, L_0x61eab2c511d0, L_0x61eab2c51240, C4<0>, C4<0>;
v0x61eab2ba4000_0 .net *"_ivl_0", 0 0, L_0x61eab2c50e10;  1 drivers
v0x61eab2ba4100_0 .net *"_ivl_10", 0 0, L_0x61eab2c51240;  1 drivers
v0x61eab2ba2b80_0 .net *"_ivl_4", 0 0, L_0x61eab2c50f40;  1 drivers
v0x61eab2ba2c70_0 .net *"_ivl_6", 0 0, L_0x61eab2c510d0;  1 drivers
v0x61eab2ba7f90_0 .net *"_ivl_8", 0 0, L_0x61eab2c511d0;  1 drivers
v0x61eab2ba6b10_0 .net "a", 0 0, L_0x61eab2c50aa0;  alias, 1 drivers
v0x61eab2ba6bd0_0 .net "b", 0 0, L_0x61eab2c50b90;  alias, 1 drivers
v0x61eab2babf20_0 .net "cin", 0 0, L_0x61eab2c50cd0;  alias, 1 drivers
v0x61eab2babfc0_0 .net "cout", 0 0, L_0x61eab2c512b0;  1 drivers
v0x61eab2baaaa0_0 .net "sum", 0 0, L_0x61eab2c50e80;  1 drivers
S_0x61eab2bb3be0 .scope generate, "gen_fa[1]" "gen_fa[1]" 4 32, 4 32 0, S_0x61eab2b96cd0;
 .timescale -9 -12;
P_0x61eab2ba80c0 .param/l "c" 1 4 32, +C4<01>;
v0x61eab2bc37d0_0 .net "fa_a", 0 0, L_0x61eab2c51370;  1 drivers
v0x61eab2bc38c0_0 .net "fa_b", 0 0, L_0x61eab2c514f0;  1 drivers
v0x61eab2bc2350_0 .net "fa_cin", 0 0, L_0x61eab2c51590;  1 drivers
L_0x61eab2c51370 .part L_0x61eab2c502d0, 2, 1;
L_0x61eab2c514f0 .part L_0x61eab2c3c940, 1, 1;
L_0x61eab2c51590 .part L_0x61eab2c50690, 1, 1;
S_0x61eab2bb2a80 .scope module, "fa_inst" "full_adder" 4 37, 5 3 0, S_0x61eab2bb3be0;
 .timescale -9 -12;
    .port_info 0 /INPUT 1 "a";
    .port_info 1 /INPUT 1 "b";
    .port_info 2 /INPUT 1 "cin";
    .port_info 3 /OUTPUT 1 "sum";
    .port_info 4 /OUTPUT 1 "cout";
L_0x61eab2c51680 .functor XOR 1, L_0x61eab2c51370, L_0x61eab2c514f0, C4<0>, C4<0>;
L_0x61eab2c516f0 .functor XOR 1, L_0x61eab2c51680, L_0x61eab2c51590, C4<0>, C4<0>;
L_0x61eab2c517b0 .functor AND 1, L_0x61eab2c51370, L_0x61eab2c514f0, C4<1>, C4<1>;
L_0x61eab2c51940 .functor AND 1, L_0x61eab2c514f0, L_0x61eab2c51590, C4<1>, C4<1>;
L_0x61eab2c51a40 .functor OR 1, L_0x61eab2c517b0, L_0x61eab2c51940, C4<0>, C4<0>;
L_0x61eab2c51ab0 .functor AND 1, L_0x61eab2c51370, L_0x61eab2c51590, C4<1>, C4<1>;
L_0x61eab2c51b20 .functor OR 1, L_0x61eab2c51a40, L_0x61eab2c51ab0, C4<0>, C4<0>;
v0x61eab2bb7920_0 .net *"_ivl_0", 0 0, L_0x61eab2c51680;  1 drivers
v0x61eab2bb79e0_0 .net *"_ivl_10", 0 0, L_0x61eab2c51ab0;  1 drivers
v0x61eab2bb64a0_0 .net *"_ivl_4", 0 0, L_0x61eab2c517b0;  1 drivers
v0x61eab2bb6590_0 .net *"_ivl_6", 0 0, L_0x61eab2c51940;  1 drivers
v0x61eab2bbb8b0_0 .net *"_ivl_8", 0 0, L_0x61eab2c51a40;  1 drivers
v0x61eab2bba430_0 .net "a", 0 0, L_0x61eab2c51370;  alias, 1 drivers
v0x61eab2bba4f0_0 .net "b", 0 0, L_0x61eab2c514f0;  alias, 1 drivers
v0x61eab2bbf840_0 .net "cin", 0 0, L_0x61eab2c51590;  alias, 1 drivers
v0x61eab2bbf8e0_0 .net "cout", 0 0, L_0x61eab2c51b20;  1 drivers
v0x61eab2bbe3c0_0 .net "sum", 0 0, L_0x61eab2c516f0;  1 drivers
S_0x61eab2bc7760 .scope generate, "gen_fa[2]" "gen_fa[2]" 4 32, 4 32 0, S_0x61eab2b96cd0;
 .timescale -9 -12;
P_0x61eab2bbb9e0 .param/l "c" 1 4 32, +C4<010>;
v0x61eab2bd7130_0 .net "fa_a", 0 0, L_0x61eab2c51be0;  1 drivers
v0x61eab2bd5c70_0 .net "fa_b", 0 0, L_0x61eab2c51cd0;  1 drivers
v0x61eab2bd5d40_0 .net "fa_cin", 0 0, L_0x61eab2c51e50;  1 drivers
L_0x61eab2c51be0 .part L_0x61eab2c502d0, 3, 1;
L_0x61eab2c51cd0 .part L_0x61eab2c3c940, 2, 1;
L_0x61eab2c51e50 .part L_0x61eab2c50690, 2, 1;
S_0x61eab2bc62e0 .scope module, "fa_inst" "full_adder" 4 37, 5 3 0, S_0x61eab2bc7760;
 .timescale -9 -12;
    .port_info 0 /INPUT 1 "a";
    .port_info 1 /INPUT 1 "b";
    .port_info 2 /INPUT 1 "cin";
    .port_info 3 /OUTPUT 1 "sum";
    .port_info 4 /OUTPUT 1 "cout";
L_0x61eab2c51f80 .functor XOR 1, L_0x61eab2c51be0, L_0x61eab2c51cd0, C4<0>, C4<0>;
L_0x61eab2c51ff0 .functor XOR 1, L_0x61eab2c51f80, L_0x61eab2c51e50, C4<0>, C4<0>;
L_0x61eab2c52060 .functor AND 1, L_0x61eab2c51be0, L_0x61eab2c51cd0, C4<1>, C4<1>;
L_0x61eab2c521f0 .functor AND 1, L_0x61eab2c51cd0, L_0x61eab2c51e50, C4<1>, C4<1>;
L_0x61eab2c522f0 .functor OR 1, L_0x61eab2c52060, L_0x61eab2c521f0, C4<0>, C4<0>;
L_0x61eab2c52360 .functor AND 1, L_0x61eab2c51be0, L_0x61eab2c51e50, C4<1>, C4<1>;
L_0x61eab2c523d0 .functor OR 1, L_0x61eab2c522f0, L_0x61eab2c52360, C4<0>, C4<0>;
v0x61eab2bcb770_0 .net *"_ivl_0", 0 0, L_0x61eab2c51f80;  1 drivers
v0x61eab2bca270_0 .net *"_ivl_10", 0 0, L_0x61eab2c52360;  1 drivers
v0x61eab2bca350_0 .net *"_ivl_4", 0 0, L_0x61eab2c52060;  1 drivers
v0x61eab2bcf3b0_0 .net *"_ivl_6", 0 0, L_0x61eab2c521f0;  1 drivers
v0x61eab2bcf490_0 .net *"_ivl_8", 0 0, L_0x61eab2c522f0;  1 drivers
v0x61eab2bcdf50_0 .net "a", 0 0, L_0x61eab2c51be0;  alias, 1 drivers
v0x61eab2bce010_0 .net "b", 0 0, L_0x61eab2c51cd0;  alias, 1 drivers
v0x61eab2bd33b0_0 .net "cin", 0 0, L_0x61eab2c51e50;  alias, 1 drivers
v0x61eab2bd3470_0 .net "cout", 0 0, L_0x61eab2c523d0;  1 drivers
v0x61eab2bd2300_0 .net "sum", 0 0, L_0x61eab2c51ff0;  1 drivers
S_0x61eab2bdb080 .scope generate, "gen_fa[3]" "gen_fa[3]" 4 32, 4 32 0, S_0x61eab2b96cd0;
 .timescale -9 -12;
P_0x61eab2bd7220 .param/l "c" 1 4 32, +C4<011>;
v0x61eab2be9a40_0 .net "fa_a", 0 0, L_0x61eab2c52490;  1 drivers
v0x61eab2be9b00_0 .net "fa_b", 0 0, L_0x61eab2c52580;  1 drivers
v0x61eab2beeb80_0 .net "fa_cin", 0 0, L_0x61eab2c52670;  1 drivers
L_0x61eab2c52490 .part L_0x61eab2c502d0, 4, 1;
L_0x61eab2c52580 .part L_0x61eab2c3c940, 3, 1;
L_0x61eab2c52670 .part L_0x61eab2c50690, 3, 1;
S_0x61eab2bdf010 .scope module, "fa_inst" "full_adder" 4 37, 5 3 0, S_0x61eab2bdb080;
 .timescale -9 -12;
    .port_info 0 /INPUT 1 "a";
    .port_info 1 /INPUT 1 "b";
    .port_info 2 /INPUT 1 "cin";
    .port_info 3 /OUTPUT 1 "sum";
    .port_info 4 /OUTPUT 1 "cout";
L_0x61eab2c52760 .functor XOR 1, L_0x61eab2c52490, L_0x61eab2c52580, C4<0>, C4<0>;
L_0x61eab2c527d0 .functor XOR 1, L_0x61eab2c52760, L_0x61eab2c52670, C4<0>, C4<0>;
L_0x61eab2c52890 .functor AND 1, L_0x61eab2c52490, L_0x61eab2c52580, C4<1>, C4<1>;
L_0x61eab2c52a20 .functor AND 1, L_0x61eab2c52580, L_0x61eab2c52670, C4<1>, C4<1>;
L_0x61eab2c52b20 .functor OR 1, L_0x61eab2c52890, L_0x61eab2c52a20, C4<0>, C4<0>;
L_0x61eab2c52b90 .functor AND 1, L_0x61eab2c52490, L_0x61eab2c52670, C4<1>, C4<1>;
L_0x61eab2c52c00 .functor OR 1, L_0x61eab2c52b20, L_0x61eab2c52b90, C4<0>, C4<0>;
v0x61eab2bddb90_0 .net *"_ivl_0", 0 0, L_0x61eab2c52760;  1 drivers
v0x61eab2bddc50_0 .net *"_ivl_10", 0 0, L_0x61eab2c52b90;  1 drivers
v0x61eab2be2fa0_0 .net *"_ivl_4", 0 0, L_0x61eab2c52890;  1 drivers
v0x61eab2be3090_0 .net *"_ivl_6", 0 0, L_0x61eab2c52a20;  1 drivers
v0x61eab2be1b20_0 .net *"_ivl_8", 0 0, L_0x61eab2c52b20;  1 drivers
v0x61eab2be6f30_0 .net "a", 0 0, L_0x61eab2c52490;  alias, 1 drivers
v0x61eab2be6ff0_0 .net "b", 0 0, L_0x61eab2c52580;  alias, 1 drivers
v0x61eab2be5ab0_0 .net "cin", 0 0, L_0x61eab2c52670;  alias, 1 drivers
v0x61eab2be5b50_0 .net "cout", 0 0, L_0x61eab2c52c00;  1 drivers
v0x61eab2beaf70_0 .net "sum", 0 0, L_0x61eab2c527d0;  1 drivers
S_0x61eab2bed700 .scope generate, "gen_fa[4]" "gen_fa[4]" 4 32, 4 32 0, S_0x61eab2b96cd0;
 .timescale -9 -12;
P_0x61eab2beec80 .param/l "c" 1 4 32, +C4<0100>;
v0x61eab2b1ee40_0 .net "fa_a", 0 0, L_0x61eab2c52cc0;  1 drivers
v0x61eab2b1ef00_0 .net "fa_b", 0 0, L_0x61eab2c52db0;  1 drivers
v0x61eab2b1efd0_0 .net "fa_cin", 0 0, L_0x61eab2c52ea0;  1 drivers
L_0x61eab2c52cc0 .part L_0x61eab2c502d0, 5, 1;
L_0x61eab2c52db0 .part L_0x61eab2c3c940, 4, 1;
L_0x61eab2c52ea0 .part L_0x61eab2c50690, 4, 1;
S_0x61eab2c06a80 .scope module, "fa_inst" "full_adder" 4 37, 5 3 0, S_0x61eab2bed700;
 .timescale -9 -12;
    .port_info 0 /INPUT 1 "a";
    .port_info 1 /INPUT 1 "b";
    .port_info 2 /INPUT 1 "cin";
    .port_info 3 /OUTPUT 1 "sum";
    .port_info 4 /OUTPUT 1 "cout";
L_0x61eab2c52f90 .functor XOR 1, L_0x61eab2c52cc0, L_0x61eab2c52db0, C4<0>, C4<0>;
L_0x61eab2c53000 .functor XOR 1, L_0x61eab2c52f90, L_0x61eab2c52ea0, C4<0>, C4<0>;
L_0x61eab2c530c0 .functor AND 1, L_0x61eab2c52cc0, L_0x61eab2c52db0, C4<1>, C4<1>;
L_0x61eab2c53250 .functor AND 1, L_0x61eab2c52db0, L_0x61eab2c52ea0, C4<1>, C4<1>;
L_0x61eab2c53350 .functor OR 1, L_0x61eab2c530c0, L_0x61eab2c53250, C4<0>, C4<0>;
L_0x61eab2c533c0 .functor AND 1, L_0x61eab2c52cc0, L_0x61eab2c52ea0, C4<1>, C4<1>;
L_0x61eab2c53470 .functor OR 1, L_0x61eab2c53350, L_0x61eab2c533c0, C4<0>, C4<0>;
v0x61eab2c09b70_0 .net *"_ivl_0", 0 0, L_0x61eab2c52f90;  1 drivers
v0x61eab2c0a350_0 .net *"_ivl_10", 0 0, L_0x61eab2c533c0;  1 drivers
v0x61eab2c0a430_0 .net *"_ivl_4", 0 0, L_0x61eab2c530c0;  1 drivers
v0x61eab2c0af00_0 .net *"_ivl_6", 0 0, L_0x61eab2c53250;  1 drivers
v0x61eab2c035e0_0 .net *"_ivl_8", 0 0, L_0x61eab2c53350;  1 drivers
v0x61eab2c03710_0 .net "a", 0 0, L_0x61eab2c52cc0;  alias, 1 drivers
v0x61eab2b1aeb0_0 .net "b", 0 0, L_0x61eab2c52db0;  alias, 1 drivers
v0x61eab2b1af70_0 .net "cin", 0 0, L_0x61eab2c52ea0;  alias, 1 drivers
v0x61eab2b1b030_0 .net "cout", 0 0, L_0x61eab2c53470;  1 drivers
v0x61eab2b1a9a0_0 .net "sum", 0 0, L_0x61eab2c53000;  1 drivers
S_0x61eab2b1e880 .scope generate, "gen_fa[5]" "gen_fa[5]" 4 32, 4 32 0, S_0x61eab2b96cd0;
 .timescale -9 -12;
P_0x61eab2b1ea10 .param/l "c" 1 4 32, +C4<0101>;
v0x61eab2b2a730_0 .net "fa_a", 0 0, L_0x61eab2c53530;  1 drivers
v0x61eab2b2a7f0_0 .net "fa_b", 0 0, L_0x61eab2c53730;  1 drivers
v0x61eab2b2a8c0_0 .net "fa_cin", 0 0, L_0x61eab2c537d0;  1 drivers
L_0x61eab2c53530 .part L_0x61eab2c502d0, 6, 1;
L_0x61eab2c53730 .part L_0x61eab2c3c940, 5, 1;
L_0x61eab2c537d0 .part L_0x61eab2c50690, 5, 1;
S_0x61eab2b22dd0 .scope module, "fa_inst" "full_adder" 4 37, 5 3 0, S_0x61eab2b1e880;
 .timescale -9 -12;
    .port_info 0 /INPUT 1 "a";
    .port_info 1 /INPUT 1 "b";
    .port_info 2 /INPUT 1 "cin";
    .port_info 3 /OUTPUT 1 "sum";
    .port_info 4 /OUTPUT 1 "cout";
L_0x61eab2c538c0 .functor XOR 1, L_0x61eab2c53530, L_0x61eab2c53730, C4<0>, C4<0>;
L_0x61eab2c53930 .functor XOR 1, L_0x61eab2c538c0, L_0x61eab2c537d0, C4<0>, C4<0>;
L_0x61eab2c539f0 .functor AND 1, L_0x61eab2c53530, L_0x61eab2c53730, C4<1>, C4<1>;
L_0x61eab2c53af0 .functor AND 1, L_0x61eab2c53730, L_0x61eab2c537d0, C4<1>, C4<1>;
L_0x61eab2c53bf0 .functor OR 1, L_0x61eab2c539f0, L_0x61eab2c53af0, C4<0>, C4<0>;
L_0x61eab2c53c60 .functor AND 1, L_0x61eab2c53530, L_0x61eab2c537d0, C4<1>, C4<1>;
L_0x61eab2c53cd0 .functor OR 1, L_0x61eab2c53bf0, L_0x61eab2c53c60, C4<0>, C4<0>;
v0x61eab2b22810_0 .net *"_ivl_0", 0 0, L_0x61eab2c538c0;  1 drivers
v0x61eab2b228d0_0 .net *"_ivl_10", 0 0, L_0x61eab2c53c60;  1 drivers
v0x61eab2b229b0_0 .net *"_ivl_4", 0 0, L_0x61eab2c539f0;  1 drivers
v0x61eab2b26d60_0 .net *"_ivl_6", 0 0, L_0x61eab2c53af0;  1 drivers
v0x61eab2b26e40_0 .net *"_ivl_8", 0 0, L_0x61eab2c53bf0;  1 drivers
v0x61eab2b26f20_0 .net "a", 0 0, L_0x61eab2c53530;  alias, 1 drivers
v0x61eab2b267a0_0 .net "b", 0 0, L_0x61eab2c53730;  alias, 1 drivers
v0x61eab2b26860_0 .net "cin", 0 0, L_0x61eab2c537d0;  alias, 1 drivers
v0x61eab2b26920_0 .net "cout", 0 0, L_0x61eab2c53cd0;  1 drivers
v0x61eab2b2ada0_0 .net "sum", 0 0, L_0x61eab2c53930;  1 drivers
S_0x61eab2b2ec80 .scope generate, "gen_fa[6]" "gen_fa[6]" 4 32, 4 32 0, S_0x61eab2b96cd0;
 .timescale -9 -12;
P_0x61eab2b2a960 .param/l "c" 1 4 32, +C4<0110>;
v0x61eab2b3e610_0 .net "fa_a", 0 0, L_0x61eab2c53de0;  1 drivers
v0x61eab2b3e6b0_0 .net "fa_b", 0 0, L_0x61eab2c53ed0;  1 drivers
v0x61eab2b3e780_0 .net "fa_cin", 0 0, L_0x61eab2c540d0;  1 drivers
L_0x61eab2c53de0 .part L_0x61eab2c502d0, 7, 1;
L_0x61eab2c53ed0 .part L_0x61eab2c3c940, 6, 1;
L_0x61eab2c540d0 .part L_0x61eab2c50690, 6, 1;
S_0x61eab2b2e6c0 .scope module, "fa_inst" "full_adder" 4 37, 5 3 0, S_0x61eab2b2ec80;
 .timescale -9 -12;
    .port_info 0 /INPUT 1 "a";
    .port_info 1 /INPUT 1 "b";
    .port_info 2 /INPUT 1 "cin";
    .port_info 3 /OUTPUT 1 "sum";
    .port_info 4 /OUTPUT 1 "cout";
L_0x61eab2c542d0 .functor XOR 1, L_0x61eab2c53de0, L_0x61eab2c53ed0, C4<0>, C4<0>;
L_0x61eab2c54340 .functor XOR 1, L_0x61eab2c542d0, L_0x61eab2c540d0, C4<0>, C4<0>;
L_0x61eab2c54400 .functor AND 1, L_0x61eab2c53de0, L_0x61eab2c53ed0, C4<1>, C4<1>;
L_0x61eab2c54470 .functor AND 1, L_0x61eab2c53ed0, L_0x61eab2c540d0, C4<1>, C4<1>;
L_0x61eab2c54570 .functor OR 1, L_0x61eab2c54400, L_0x61eab2c54470, C4<0>, C4<0>;
L_0x61eab2c545e0 .functor AND 1, L_0x61eab2c53de0, L_0x61eab2c540d0, C4<1>, C4<1>;
L_0x61eab2c54650 .functor OR 1, L_0x61eab2c54570, L_0x61eab2c545e0, C4<0>, C4<0>;
v0x61eab2b32380_0 .net *"_ivl_0", 0 0, L_0x61eab2c542d0;  1 drivers
v0x61eab2b32440_0 .net *"_ivl_10", 0 0, L_0x61eab2c545e0;  1 drivers
v0x61eab2b32520_0 .net *"_ivl_4", 0 0, L_0x61eab2c54400;  1 drivers
v0x61eab2b362e0_0 .net *"_ivl_6", 0 0, L_0x61eab2c54470;  1 drivers
v0x61eab2b363c0_0 .net *"_ivl_8", 0 0, L_0x61eab2c54570;  1 drivers
v0x61eab2b3a680_0 .net "a", 0 0, L_0x61eab2c53de0;  alias, 1 drivers
v0x61eab2b3a740_0 .net "b", 0 0, L_0x61eab2c53ed0;  alias, 1 drivers
v0x61eab2b3a800_0 .net "cin", 0 0, L_0x61eab2c540d0;  alias, 1 drivers
v0x61eab2b3a0c0_0 .net "cout", 0 0, L_0x61eab2c54650;  1 drivers
v0x61eab2b3a210_0 .net "sum", 0 0, L_0x61eab2c54340;  1 drivers
S_0x61eab2b3e050 .scope generate, "gen_fa[7]" "gen_fa[7]" 4 32, 4 32 0, S_0x61eab2b96cd0;
 .timescale -9 -12;
P_0x61eab2b3e1e0 .param/l "c" 1 4 32, +C4<0111>;
L_0x74534b7b70f0 .functor BUFT 1, C4<0>, C4<0>, C4<0>, C4<0>;
v0x61eab2b49f00_0 .net "fa_a", 0 0, L_0x74534b7b70f0;  1 drivers
v0x61eab2b49fa0_0 .net "fa_b", 0 0, L_0x61eab2c54760;  1 drivers
v0x61eab2b4a070_0 .net "fa_cin", 0 0, L_0x61eab2c54850;  1 drivers
L_0x61eab2c54760 .part L_0x61eab2c3c940, 7, 1;
L_0x61eab2c54850 .part L_0x61eab2c50690, 7, 1;
LS_0x61eab2c54ea0_0_0 .concat8 [ 1 1 1 1], L_0x61eab2c50e80, L_0x61eab2c516f0, L_0x61eab2c51ff0, L_0x61eab2c527d0;
LS_0x61eab2c54ea0_0_4 .concat8 [ 1 1 1 1], L_0x61eab2c53000, L_0x61eab2c53930, L_0x61eab2c54340, L_0x61eab2c549b0;
L_0x61eab2c54ea0 .concat8 [ 4 4 0 0], LS_0x61eab2c54ea0_0_0, LS_0x61eab2c54ea0_0_4;
LS_0x61eab2c55260_0_0 .concat8 [ 1 1 1 1], L_0x61eab2c512b0, L_0x61eab2c51b20, L_0x61eab2c523d0, L_0x61eab2c52c00;
LS_0x61eab2c55260_0_4 .concat8 [ 1 1 1 1], L_0x61eab2c53470, L_0x61eab2c53cd0, L_0x61eab2c54650, L_0x61eab2c54de0;
L_0x61eab2c55260 .concat8 [ 4 4 0 0], LS_0x61eab2c55260_0_0, LS_0x61eab2c55260_0_4;
S_0x61eab2b425a0 .scope module, "fa_inst" "full_adder" 4 37, 5 3 0, S_0x61eab2b3e050;
 .timescale -9 -12;
    .port_info 0 /INPUT 1 "a";
    .port_info 1 /INPUT 1 "b";
    .port_info 2 /INPUT 1 "cin";
    .port_info 3 /OUTPUT 1 "sum";
    .port_info 4 /OUTPUT 1 "cout";
L_0x61eab2c54940 .functor XOR 1, L_0x74534b7b70f0, L_0x61eab2c54760, C4<0>, C4<0>;
L_0x61eab2c549b0 .functor XOR 1, L_0x61eab2c54940, L_0x61eab2c54850, C4<0>, C4<0>;
L_0x61eab2c54a70 .functor AND 1, L_0x74534b7b70f0, L_0x61eab2c54760, C4<1>, C4<1>;
L_0x61eab2c54c00 .functor AND 1, L_0x61eab2c54760, L_0x61eab2c54850, C4<1>, C4<1>;
L_0x61eab2c54d00 .functor OR 1, L_0x61eab2c54a70, L_0x61eab2c54c00, C4<0>, C4<0>;
L_0x61eab2c54d70 .functor AND 1, L_0x74534b7b70f0, L_0x61eab2c54850, C4<1>, C4<1>;
L_0x61eab2c54de0 .functor OR 1, L_0x61eab2c54d00, L_0x61eab2c54d70, C4<0>, C4<0>;
v0x61eab2b41fe0_0 .net *"_ivl_0", 0 0, L_0x61eab2c54940;  1 drivers
v0x61eab2b420c0_0 .net *"_ivl_10", 0 0, L_0x61eab2c54d70;  1 drivers
v0x61eab2b421a0_0 .net *"_ivl_4", 0 0, L_0x61eab2c54a70;  1 drivers
v0x61eab2b46530_0 .net *"_ivl_6", 0 0, L_0x61eab2c54c00;  1 drivers
v0x61eab2b46610_0 .net *"_ivl_8", 0 0, L_0x61eab2c54d00;  1 drivers
v0x61eab2b45f70_0 .net "a", 0 0, L_0x74534b7b70f0;  alias, 1 drivers
v0x61eab2b46030_0 .net "b", 0 0, L_0x61eab2c54760;  alias, 1 drivers
v0x61eab2b460f0_0 .net "cin", 0 0, L_0x61eab2c54850;  alias, 1 drivers
v0x61eab2b4a4c0_0 .net "cout", 0 0, L_0x61eab2c54de0;  1 drivers
v0x61eab2b4a610_0 .net "sum", 0 0, L_0x61eab2c549b0;  1 drivers
S_0x61eab2b4e4f0 .scope generate, "gen_csa[5]" "gen_csa[5]" 4 31, 4 31 0, S_0x61eab2bf7400;
 .timescale -9 -12;
P_0x61eab2b4e680 .param/l "r" 1 4 31, +C4<0101>;
v0x61eab2bcbdd0_0 .net *"_ivl_2", 0 0, L_0x61eab2c555d0;  1 drivers
L_0x61eab2c555d0 .part L_0x61eab2c59b40, 0, 1;
S_0x61eab2b4de90 .scope generate, "gen_fa[0]" "gen_fa[0]" 4 32, 4 32 0, S_0x61eab2b4e4f0;
 .timescale -9 -12;
P_0x61eab2b4e070 .param/l "c" 1 4 32, +C4<00>;
v0x61eab2b5d820_0 .net "fa_a", 0 0, L_0x61eab2c55670;  1 drivers
v0x61eab2b5d8e0_0 .net "fa_b", 0 0, L_0x61eab2c55760;  1 drivers
v0x61eab2b5d9b0_0 .net "fa_cin", 0 0, L_0x61eab2c558a0;  1 drivers
L_0x61eab2c55670 .part L_0x61eab2c54ea0, 1, 1;
L_0x61eab2c55760 .part L_0x61eab2c3e060, 0, 1;
L_0x61eab2c558a0 .part L_0x61eab2c55260, 0, 1;
S_0x61eab2b51b50 .scope module, "fa_inst" "full_adder" 4 37, 5 3 0, S_0x61eab2b4de90;
 .timescale -9 -12;
    .port_info 0 /INPUT 1 "a";
    .port_info 1 /INPUT 1 "b";
    .port_info 2 /INPUT 1 "cin";
    .port_info 3 /OUTPUT 1 "sum";
    .port_info 4 /OUTPUT 1 "cout";
L_0x61eab2c559e0 .functor XOR 1, L_0x61eab2c55670, L_0x61eab2c55760, C4<0>, C4<0>;
L_0x61eab2c55a50 .functor XOR 1, L_0x61eab2c559e0, L_0x61eab2c558a0, C4<0>, C4<0>;
L_0x61eab2c55b10 .functor AND 1, L_0x61eab2c55670, L_0x61eab2c55760, C4<1>, C4<1>;
L_0x61eab2c55ca0 .functor AND 1, L_0x61eab2c55760, L_0x61eab2c558a0, C4<1>, C4<1>;
L_0x61eab2c55da0 .functor OR 1, L_0x61eab2c55b10, L_0x61eab2c55ca0, C4<0>, C4<0>;
L_0x61eab2c55e10 .functor AND 1, L_0x61eab2c55670, L_0x61eab2c558a0, C4<1>, C4<1>;
L_0x61eab2c55ec0 .functor OR 1, L_0x61eab2c55da0, L_0x61eab2c55e10, C4<0>, C4<0>;
v0x61eab2b55ab0_0 .net *"_ivl_0", 0 0, L_0x61eab2c559e0;  1 drivers
v0x61eab2b55b90_0 .net *"_ivl_10", 0 0, L_0x61eab2c55e10;  1 drivers
v0x61eab2b55c70_0 .net *"_ivl_4", 0 0, L_0x61eab2c55b10;  1 drivers
v0x61eab2b59e50_0 .net *"_ivl_6", 0 0, L_0x61eab2c55ca0;  1 drivers
v0x61eab2b59f30_0 .net *"_ivl_8", 0 0, L_0x61eab2c55da0;  1 drivers
v0x61eab2b59890_0 .net "a", 0 0, L_0x61eab2c55670;  alias, 1 drivers
v0x61eab2b59950_0 .net "b", 0 0, L_0x61eab2c55760;  alias, 1 drivers
v0x61eab2b59a10_0 .net "cin", 0 0, L_0x61eab2c558a0;  alias, 1 drivers
v0x61eab2b5dde0_0 .net "cout", 0 0, L_0x61eab2c55ec0;  1 drivers
v0x61eab2b5df30_0 .net "sum", 0 0, L_0x61eab2c55a50;  1 drivers
S_0x61eab2b61d70 .scope generate, "gen_fa[1]" "gen_fa[1]" 4 32, 4 32 0, S_0x61eab2b4e4f0;
 .timescale -9 -12;
P_0x61eab2b61f00 .param/l "c" 1 4 32, +C4<01>;
v0x61eab2b6dc20_0 .net "fa_a", 0 0, L_0x61eab2c55f80;  1 drivers
v0x61eab2b6dce0_0 .net "fa_b", 0 0, L_0x61eab2c56100;  1 drivers
v0x61eab2b6dd80_0 .net "fa_cin", 0 0, L_0x61eab2c561a0;  1 drivers
L_0x61eab2c55f80 .part L_0x61eab2c54ea0, 2, 1;
L_0x61eab2c56100 .part L_0x61eab2c3e060, 1, 1;
L_0x61eab2c561a0 .part L_0x61eab2c55260, 1, 1;
S_0x61eab2b617b0 .scope module, "fa_inst" "full_adder" 4 37, 5 3 0, S_0x61eab2b61d70;
 .timescale -9 -12;
    .port_info 0 /INPUT 1 "a";
    .port_info 1 /INPUT 1 "b";
    .port_info 2 /INPUT 1 "cin";
    .port_info 3 /OUTPUT 1 "sum";
    .port_info 4 /OUTPUT 1 "cout";
L_0x61eab2c56290 .functor XOR 1, L_0x61eab2c55f80, L_0x61eab2c56100, C4<0>, C4<0>;
L_0x61eab2c56300 .functor XOR 1, L_0x61eab2c56290, L_0x61eab2c561a0, C4<0>, C4<0>;
L_0x61eab2c563c0 .functor AND 1, L_0x61eab2c55f80, L_0x61eab2c56100, C4<1>, C4<1>;
L_0x61eab2c56550 .functor AND 1, L_0x61eab2c56100, L_0x61eab2c561a0, C4<1>, C4<1>;
L_0x61eab2c56650 .functor OR 1, L_0x61eab2c563c0, L_0x61eab2c56550, C4<0>, C4<0>;
L_0x61eab2c566c0 .functor AND 1, L_0x61eab2c55f80, L_0x61eab2c561a0, C4<1>, C4<1>;
L_0x61eab2c56730 .functor OR 1, L_0x61eab2c56650, L_0x61eab2c566c0, C4<0>, C4<0>;
v0x61eab2b65d00_0 .net *"_ivl_0", 0 0, L_0x61eab2c56290;  1 drivers
v0x61eab2b65dc0_0 .net *"_ivl_10", 0 0, L_0x61eab2c566c0;  1 drivers
v0x61eab2b65ea0_0 .net *"_ivl_4", 0 0, L_0x61eab2c563c0;  1 drivers
v0x61eab2b65740_0 .net *"_ivl_6", 0 0, L_0x61eab2c56550;  1 drivers
v0x61eab2b65800_0 .net *"_ivl_8", 0 0, L_0x61eab2c56650;  1 drivers
v0x61eab2b69c90_0 .net "a", 0 0, L_0x61eab2c55f80;  alias, 1 drivers
v0x61eab2b69d50_0 .net "b", 0 0, L_0x61eab2c56100;  alias, 1 drivers
v0x61eab2b69e10_0 .net "cin", 0 0, L_0x61eab2c561a0;  alias, 1 drivers
v0x61eab2b696d0_0 .net "cout", 0 0, L_0x61eab2c56730;  1 drivers
v0x61eab2b69790_0 .net "sum", 0 0, L_0x61eab2c56300;  1 drivers
S_0x61eab2b6d660 .scope generate, "gen_fa[2]" "gen_fa[2]" 4 32, 4 32 0, S_0x61eab2b4e4f0;
 .timescale -9 -12;
P_0x61eab2b6de50 .param/l "c" 1 4 32, +C4<010>;
v0x61eab2b7cff0_0 .net "fa_a", 0 0, L_0x61eab2c567f0;  1 drivers
v0x61eab2b7d0b0_0 .net "fa_b", 0 0, L_0x61eab2c568e0;  1 drivers
v0x61eab2b7d180_0 .net "fa_cin", 0 0, L_0x61eab2c56a60;  1 drivers
L_0x61eab2c567f0 .part L_0x61eab2c54ea0, 3, 1;
L_0x61eab2c568e0 .part L_0x61eab2c3e060, 2, 1;
L_0x61eab2c56a60 .part L_0x61eab2c55260, 2, 1;
S_0x61eab2b71320 .scope module, "fa_inst" "full_adder" 4 37, 5 3 0, S_0x61eab2b6d660;
 .timescale -9 -12;
    .port_info 0 /INPUT 1 "a";
    .port_info 1 /INPUT 1 "b";
    .port_info 2 /INPUT 1 "cin";
    .port_info 3 /OUTPUT 1 "sum";
    .port_info 4 /OUTPUT 1 "cout";
L_0x61eab2c56b90 .functor XOR 1, L_0x61eab2c567f0, L_0x61eab2c568e0, C4<0>, C4<0>;
L_0x61eab2c56c00 .functor XOR 1, L_0x61eab2c56b90, L_0x61eab2c56a60, C4<0>, C4<0>;
L_0x61eab2c56c70 .functor AND 1, L_0x61eab2c567f0, L_0x61eab2c568e0, C4<1>, C4<1>;
L_0x61eab2c56e00 .functor AND 1, L_0x61eab2c568e0, L_0x61eab2c56a60, C4<1>, C4<1>;
L_0x61eab2c56f00 .functor OR 1, L_0x61eab2c56c70, L_0x61eab2c56e00, C4<0>, C4<0>;
L_0x61eab2c56f70 .functor AND 1, L_0x61eab2c567f0, L_0x61eab2c56a60, C4<1>, C4<1>;
L_0x61eab2c57020 .functor OR 1, L_0x61eab2c56f00, L_0x61eab2c56f70, C4<0>, C4<0>;
v0x61eab2b75300_0 .net *"_ivl_0", 0 0, L_0x61eab2c56b90;  1 drivers
v0x61eab2b753c0_0 .net *"_ivl_10", 0 0, L_0x61eab2c56f70;  1 drivers
v0x61eab2b79620_0 .net *"_ivl_4", 0 0, L_0x61eab2c56c70;  1 drivers
v0x61eab2b79710_0 .net *"_ivl_6", 0 0, L_0x61eab2c56e00;  1 drivers
v0x61eab2b797f0_0 .net *"_ivl_8", 0 0, L_0x61eab2c56f00;  1 drivers
v0x61eab2b79060_0 .net "a", 0 0, L_0x61eab2c567f0;  alias, 1 drivers
v0x61eab2b79120_0 .net "b", 0 0, L_0x61eab2c568e0;  alias, 1 drivers
v0x61eab2b791e0_0 .net "cin", 0 0, L_0x61eab2c56a60;  alias, 1 drivers
v0x61eab2b7d5b0_0 .net "cout", 0 0, L_0x61eab2c57020;  1 drivers
v0x61eab2b7d700_0 .net "sum", 0 0, L_0x61eab2c56c00;  1 drivers
S_0x61eab2b81540 .scope generate, "gen_fa[3]" "gen_fa[3]" 4 32, 4 32 0, S_0x61eab2b4e4f0;
 .timescale -9 -12;
P_0x61eab2b81720 .param/l "c" 1 4 32, +C4<011>;
v0x61eab2b8d3f0_0 .net "fa_a", 0 0, L_0x61eab2c570e0;  1 drivers
v0x61eab2b8d4b0_0 .net "fa_b", 0 0, L_0x61eab2c571d0;  1 drivers
v0x61eab2b8d580_0 .net "fa_cin", 0 0, L_0x61eab2c572c0;  1 drivers
L_0x61eab2c570e0 .part L_0x61eab2c54ea0, 4, 1;
L_0x61eab2c571d0 .part L_0x61eab2c3e060, 3, 1;
L_0x61eab2c572c0 .part L_0x61eab2c55260, 3, 1;
S_0x61eab2b80f80 .scope module, "fa_inst" "full_adder" 4 37, 5 3 0, S_0x61eab2b81540;
 .timescale -9 -12;
    .port_info 0 /INPUT 1 "a";
    .port_info 1 /INPUT 1 "b";
    .port_info 2 /INPUT 1 "cin";
    .port_info 3 /OUTPUT 1 "sum";
    .port_info 4 /OUTPUT 1 "cout";
L_0x61eab2c573b0 .functor XOR 1, L_0x61eab2c570e0, L_0x61eab2c571d0, C4<0>, C4<0>;
L_0x61eab2c57420 .functor XOR 1, L_0x61eab2c573b0, L_0x61eab2c572c0, C4<0>, C4<0>;
L_0x61eab2c574e0 .functor AND 1, L_0x61eab2c570e0, L_0x61eab2c571d0, C4<1>, C4<1>;
L_0x61eab2c57670 .functor AND 1, L_0x61eab2c571d0, L_0x61eab2c572c0, C4<1>, C4<1>;
L_0x61eab2c57770 .functor OR 1, L_0x61eab2c574e0, L_0x61eab2c57670, C4<0>, C4<0>;
L_0x61eab2c577e0 .functor AND 1, L_0x61eab2c570e0, L_0x61eab2c572c0, C4<1>, C4<1>;
L_0x61eab2c57890 .functor OR 1, L_0x61eab2c57770, L_0x61eab2c577e0, C4<0>, C4<0>;
v0x61eab2b85550_0 .net *"_ivl_0", 0 0, L_0x61eab2c573b0;  1 drivers
v0x61eab2b85610_0 .net *"_ivl_10", 0 0, L_0x61eab2c577e0;  1 drivers
v0x61eab2b84f10_0 .net *"_ivl_4", 0 0, L_0x61eab2c574e0;  1 drivers
v0x61eab2b85000_0 .net *"_ivl_6", 0 0, L_0x61eab2c57670;  1 drivers
v0x61eab2b850e0_0 .net *"_ivl_8", 0 0, L_0x61eab2c57770;  1 drivers
v0x61eab2b89460_0 .net "a", 0 0, L_0x61eab2c570e0;  alias, 1 drivers
v0x61eab2b89520_0 .net "b", 0 0, L_0x61eab2c571d0;  alias, 1 drivers
v0x61eab2b895e0_0 .net "cin", 0 0, L_0x61eab2c572c0;  alias, 1 drivers
v0x61eab2b88ea0_0 .net "cout", 0 0, L_0x61eab2c57890;  1 drivers
v0x61eab2b88ff0_0 .net "sum", 0 0, L_0x61eab2c57420;  1 drivers
S_0x61eab2b8ce30 .scope generate, "gen_fa[4]" "gen_fa[4]" 4 32, 4 32 0, S_0x61eab2b4e4f0;
 .timescale -9 -12;
P_0x61eab2b8d060 .param/l "c" 1 4 32, +C4<0100>;
v0x61eab2b9c7c0_0 .net "fa_a", 0 0, L_0x61eab2c57950;  1 drivers
v0x61eab2b9c860_0 .net "fa_b", 0 0, L_0x61eab2c57a40;  1 drivers
v0x61eab2b9c930_0 .net "fa_cin", 0 0, L_0x61eab2c57b30;  1 drivers
L_0x61eab2c57950 .part L_0x61eab2c54ea0, 5, 1;
L_0x61eab2c57a40 .part L_0x61eab2c3e060, 4, 1;
L_0x61eab2c57b30 .part L_0x61eab2c55260, 4, 1;
S_0x61eab2b90af0 .scope module, "fa_inst" "full_adder" 4 37, 5 3 0, S_0x61eab2b8ce30;
 .timescale -9 -12;
    .port_info 0 /INPUT 1 "a";
    .port_info 1 /INPUT 1 "b";
    .port_info 2 /INPUT 1 "cin";
    .port_info 3 /OUTPUT 1 "sum";
    .port_info 4 /OUTPUT 1 "cout";
L_0x61eab2c57c20 .functor XOR 1, L_0x61eab2c57950, L_0x61eab2c57a40, C4<0>, C4<0>;
L_0x61eab2c57c90 .functor XOR 1, L_0x61eab2c57c20, L_0x61eab2c57b30, C4<0>, C4<0>;
L_0x61eab2c57d50 .functor AND 1, L_0x61eab2c57950, L_0x61eab2c57a40, C4<1>, C4<1>;
L_0x61eab2c57ee0 .functor AND 1, L_0x61eab2c57a40, L_0x61eab2c57b30, C4<1>, C4<1>;
L_0x61eab2c57fe0 .functor OR 1, L_0x61eab2c57d50, L_0x61eab2c57ee0, C4<0>, C4<0>;
L_0x61eab2c58050 .functor AND 1, L_0x61eab2c57950, L_0x61eab2c57b30, C4<1>, C4<1>;
L_0x61eab2c580c0 .functor OR 1, L_0x61eab2c57fe0, L_0x61eab2c58050, C4<0>, C4<0>;
v0x61eab2b94a50_0 .net *"_ivl_0", 0 0, L_0x61eab2c57c20;  1 drivers
v0x61eab2b94af0_0 .net *"_ivl_10", 0 0, L_0x61eab2c58050;  1 drivers
v0x61eab2b94bb0_0 .net *"_ivl_4", 0 0, L_0x61eab2c57d50;  1 drivers
v0x61eab2b98df0_0 .net *"_ivl_6", 0 0, L_0x61eab2c57ee0;  1 drivers
v0x61eab2b98ed0_0 .net *"_ivl_8", 0 0, L_0x61eab2c57fe0;  1 drivers
v0x61eab2b98830_0 .net "a", 0 0, L_0x61eab2c57950;  alias, 1 drivers
v0x61eab2b988f0_0 .net "b", 0 0, L_0x61eab2c57a40;  alias, 1 drivers
v0x61eab2b989b0_0 .net "cin", 0 0, L_0x61eab2c57b30;  alias, 1 drivers
v0x61eab2b9cd80_0 .net "cout", 0 0, L_0x61eab2c580c0;  1 drivers
v0x61eab2b9ced0_0 .net "sum", 0 0, L_0x61eab2c57c90;  1 drivers
S_0x61eab2ba0d10 .scope generate, "gen_fa[5]" "gen_fa[5]" 4 32, 4 32 0, S_0x61eab2b4e4f0;
 .timescale -9 -12;
P_0x61eab2ba0ea0 .param/l "c" 1 4 32, +C4<0101>;
v0x61eab2bacbc0_0 .net "fa_a", 0 0, L_0x61eab2c58180;  1 drivers
v0x61eab2bacc60_0 .net "fa_b", 0 0, L_0x61eab2c58380;  1 drivers
v0x61eab2bacd30_0 .net "fa_cin", 0 0, L_0x61eab2c58470;  1 drivers
L_0x61eab2c58180 .part L_0x61eab2c54ea0, 6, 1;
L_0x61eab2c58380 .part L_0x61eab2c3e060, 5, 1;
L_0x61eab2c58470 .part L_0x61eab2c55260, 5, 1;
S_0x61eab2ba0750 .scope module, "fa_inst" "full_adder" 4 37, 5 3 0, S_0x61eab2ba0d10;
 .timescale -9 -12;
    .port_info 0 /INPUT 1 "a";
    .port_info 1 /INPUT 1 "b";
    .port_info 2 /INPUT 1 "cin";
    .port_info 3 /OUTPUT 1 "sum";
    .port_info 4 /OUTPUT 1 "cout";
L_0x61eab2c58560 .functor XOR 1, L_0x61eab2c58180, L_0x61eab2c58380, C4<0>, C4<0>;
L_0x61eab2c585d0 .functor XOR 1, L_0x61eab2c58560, L_0x61eab2c58470, C4<0>, C4<0>;
L_0x61eab2c58690 .functor AND 1, L_0x61eab2c58180, L_0x61eab2c58380, C4<1>, C4<1>;
L_0x61eab2c58790 .functor AND 1, L_0x61eab2c58380, L_0x61eab2c58470, C4<1>, C4<1>;
L_0x61eab2c58890 .functor OR 1, L_0x61eab2c58690, L_0x61eab2c58790, C4<0>, C4<0>;
L_0x61eab2c58900 .functor AND 1, L_0x61eab2c58180, L_0x61eab2c58470, C4<1>, C4<1>;
L_0x61eab2c58970 .functor OR 1, L_0x61eab2c58890, L_0x61eab2c58900, C4<0>, C4<0>;
v0x61eab2ba4ca0_0 .net *"_ivl_0", 0 0, L_0x61eab2c58560;  1 drivers
v0x61eab2ba4d80_0 .net *"_ivl_10", 0 0, L_0x61eab2c58900;  1 drivers
v0x61eab2ba4e60_0 .net *"_ivl_4", 0 0, L_0x61eab2c58690;  1 drivers
v0x61eab2ba46e0_0 .net *"_ivl_6", 0 0, L_0x61eab2c58790;  1 drivers
v0x61eab2ba47c0_0 .net *"_ivl_8", 0 0, L_0x61eab2c58890;  1 drivers
v0x61eab2ba8c30_0 .net "a", 0 0, L_0x61eab2c58180;  alias, 1 drivers
v0x61eab2ba8cf0_0 .net "b", 0 0, L_0x61eab2c58380;  alias, 1 drivers
v0x61eab2ba8db0_0 .net "cin", 0 0, L_0x61eab2c58470;  alias, 1 drivers
v0x61eab2ba8670_0 .net "cout", 0 0, L_0x61eab2c58970;  1 drivers
v0x61eab2ba87c0_0 .net "sum", 0 0, L_0x61eab2c585d0;  1 drivers
S_0x61eab2bac600 .scope generate, "gen_fa[6]" "gen_fa[6]" 4 32, 4 32 0, S_0x61eab2b4e4f0;
 .timescale -9 -12;
P_0x61eab2bac790 .param/l "c" 1 4 32, +C4<0110>;
v0x61eab2bbbf90_0 .net "fa_a", 0 0, L_0x61eab2c58a30;  1 drivers
v0x61eab2bbc030_0 .net "fa_b", 0 0, L_0x61eab2c58b20;  1 drivers
v0x61eab2bbc100_0 .net "fa_cin", 0 0, L_0x61eab2c58d20;  1 drivers
L_0x61eab2c58a30 .part L_0x61eab2c54ea0, 7, 1;
L_0x61eab2c58b20 .part L_0x61eab2c3e060, 6, 1;
L_0x61eab2c58d20 .part L_0x61eab2c55260, 6, 1;
S_0x61eab2bb02c0 .scope module, "fa_inst" "full_adder" 4 37, 5 3 0, S_0x61eab2bac600;
 .timescale -9 -12;
    .port_info 0 /INPUT 1 "a";
    .port_info 1 /INPUT 1 "b";
    .port_info 2 /INPUT 1 "cin";
    .port_info 3 /OUTPUT 1 "sum";
    .port_info 4 /OUTPUT 1 "cout";
L_0x61eab2c58f20 .functor XOR 1, L_0x61eab2c58a30, L_0x61eab2c58b20, C4<0>, C4<0>;
L_0x61eab2c58f90 .functor XOR 1, L_0x61eab2c58f20, L_0x61eab2c58d20, C4<0>, C4<0>;
L_0x61eab2c59050 .functor AND 1, L_0x61eab2c58a30, L_0x61eab2c58b20, C4<1>, C4<1>;
L_0x61eab2c590c0 .functor AND 1, L_0x61eab2c58b20, L_0x61eab2c58d20, C4<1>, C4<1>;
L_0x61eab2c591c0 .functor OR 1, L_0x61eab2c59050, L_0x61eab2c590c0, C4<0>, C4<0>;
L_0x61eab2c59230 .functor AND 1, L_0x61eab2c58a30, L_0x61eab2c58d20, C4<1>, C4<1>;
L_0x61eab2c592a0 .functor OR 1, L_0x61eab2c591c0, L_0x61eab2c59230, C4<0>, C4<0>;
v0x61eab2bb4220_0 .net *"_ivl_0", 0 0, L_0x61eab2c58f20;  1 drivers
v0x61eab2bb4300_0 .net *"_ivl_10", 0 0, L_0x61eab2c59230;  1 drivers
v0x61eab2bb43e0_0 .net *"_ivl_4", 0 0, L_0x61eab2c59050;  1 drivers
v0x61eab2bb85c0_0 .net *"_ivl_6", 0 0, L_0x61eab2c590c0;  1 drivers
v0x61eab2bb86a0_0 .net *"_ivl_8", 0 0, L_0x61eab2c591c0;  1 drivers
v0x61eab2bb8000_0 .net "a", 0 0, L_0x61eab2c58a30;  alias, 1 drivers
v0x61eab2bb80c0_0 .net "b", 0 0, L_0x61eab2c58b20;  alias, 1 drivers
v0x61eab2bb8180_0 .net "cin", 0 0, L_0x61eab2c58d20;  alias, 1 drivers
v0x61eab2bbc550_0 .net "cout", 0 0, L_0x61eab2c592a0;  1 drivers
v0x61eab2bbc6a0_0 .net "sum", 0 0, L_0x61eab2c58f90;  1 drivers
S_0x61eab2bc04e0 .scope generate, "gen_fa[7]" "gen_fa[7]" 4 32, 4 32 0, S_0x61eab2b4e4f0;
 .timescale -9 -12;
P_0x61eab2bc0670 .param/l "c" 1 4 32, +C4<0111>;
L_0x74534b7b7138 .functor BUFT 1, C4<0>, C4<0>, C4<0>, C4<0>;
v0x61eab2bcc390_0 .net "fa_a", 0 0, L_0x74534b7b7138;  1 drivers
v0x61eab2bcc430_0 .net "fa_b", 0 0, L_0x61eab2c59400;  1 drivers
v0x61eab2bcc500_0 .net "fa_cin", 0 0, L_0x61eab2c594f0;  1 drivers
L_0x61eab2c59400 .part L_0x61eab2c3e060, 7, 1;
L_0x61eab2c594f0 .part L_0x61eab2c55260, 7, 1;
LS_0x61eab2c59b40_0_0 .concat8 [ 1 1 1 1], L_0x61eab2c55a50, L_0x61eab2c56300, L_0x61eab2c56c00, L_0x61eab2c57420;
LS_0x61eab2c59b40_0_4 .concat8 [ 1 1 1 1], L_0x61eab2c57c90, L_0x61eab2c585d0, L_0x61eab2c58f90, L_0x61eab2c59650;
L_0x61eab2c59b40 .concat8 [ 4 4 0 0], LS_0x61eab2c59b40_0_0, LS_0x61eab2c59b40_0_4;
LS_0x61eab2c59f00_0_0 .concat8 [ 1 1 1 1], L_0x61eab2c55ec0, L_0x61eab2c56730, L_0x61eab2c57020, L_0x61eab2c57890;
LS_0x61eab2c59f00_0_4 .concat8 [ 1 1 1 1], L_0x61eab2c580c0, L_0x61eab2c58970, L_0x61eab2c592a0, L_0x61eab2c59a80;
L_0x61eab2c59f00 .concat8 [ 4 4 0 0], LS_0x61eab2c59f00_0_0, LS_0x61eab2c59f00_0_4;
S_0x61eab2bbff20 .scope module, "fa_inst" "full_adder" 4 37, 5 3 0, S_0x61eab2bc04e0;
 .timescale -9 -12;
    .port_info 0 /INPUT 1 "a";
    .port_info 1 /INPUT 1 "b";
    .port_info 2 /INPUT 1 "cin";
    .port_info 3 /OUTPUT 1 "sum";
    .port_info 4 /OUTPUT 1 "cout";
L_0x61eab2c595e0 .functor XOR 1, L_0x74534b7b7138, L_0x61eab2c59400, C4<0>, C4<0>;
L_0x61eab2c59650 .functor XOR 1, L_0x61eab2c595e0, L_0x61eab2c594f0, C4<0>, C4<0>;
L_0x61eab2c59710 .functor AND 1, L_0x74534b7b7138, L_0x61eab2c59400, C4<1>, C4<1>;
L_0x61eab2c598a0 .functor AND 1, L_0x61eab2c59400, L_0x61eab2c594f0, C4<1>, C4<1>;
L_0x61eab2c599a0 .functor OR 1, L_0x61eab2c59710, L_0x61eab2c598a0, C4<0>, C4<0>;
L_0x61eab2c59a10 .functor AND 1, L_0x74534b7b7138, L_0x61eab2c594f0, C4<1>, C4<1>;
L_0x61eab2c59a80 .functor OR 1, L_0x61eab2c599a0, L_0x61eab2c59a10, C4<0>, C4<0>;
v0x61eab2bc4470_0 .net *"_ivl_0", 0 0, L_0x61eab2c595e0;  1 drivers
v0x61eab2bc4550_0 .net *"_ivl_10", 0 0, L_0x61eab2c59a10;  1 drivers
v0x61eab2bc4630_0 .net *"_ivl_4", 0 0, L_0x61eab2c59710;  1 drivers
v0x61eab2bc3eb0_0 .net *"_ivl_6", 0 0, L_0x61eab2c598a0;  1 drivers
v0x61eab2bc3f90_0 .net *"_ivl_8", 0 0, L_0x61eab2c599a0;  1 drivers
v0x61eab2bc8400_0 .net "a", 0 0, L_0x74534b7b7138;  alias, 1 drivers
v0x61eab2bc84c0_0 .net "b", 0 0, L_0x61eab2c59400;  alias, 1 drivers
v0x61eab2bc8580_0 .net "cin", 0 0, L_0x61eab2c594f0;  alias, 1 drivers
v0x61eab2bc7e40_0 .net "cout", 0 0, L_0x61eab2c59a80;  1 drivers
v0x61eab2bc7f90_0 .net "sum", 0 0, L_0x61eab2c59650;  1 drivers
S_0x61eab2bcbe70 .scope generate, "gen_csa[6]" "gen_csa[6]" 4 31, 4 31 0, S_0x61eab2bf7400;
 .timescale -9 -12;
P_0x61eab2bcc000 .param/l "r" 1 4 31, +C4<0110>;
v0x61eab2c138e0_0 .net *"_ivl_2", 0 0, L_0x61eab2c5a270;  1 drivers
L_0x61eab2c5a270 .part L_0x61eab2c5e810, 0, 1;
S_0x61eab2bcfa90 .scope generate, "gen_fa[0]" "gen_fa[0]" 4 32, 4 32 0, S_0x61eab2bcbe70;
 .timescale -9 -12;
P_0x61eab2bcfc70 .param/l "c" 1 4 32, +C4<00>;
v0x61eab2bdfcb0_0 .net "fa_a", 0 0, L_0x61eab2c5a310;  1 drivers
v0x61eab2bdfd70_0 .net "fa_b", 0 0, L_0x61eab2c5a400;  1 drivers
v0x61eab2bdfe40_0 .net "fa_cin", 0 0, L_0x61eab2c5a540;  1 drivers
L_0x61eab2c5a310 .part L_0x61eab2c59b40, 1, 1;
L_0x61eab2c5a400 .part L_0x61eab2c3fc20, 0, 1;
L_0x61eab2c5a540 .part L_0x61eab2c59f00, 0, 1;
S_0x61eab2bd39f0 .scope module, "fa_inst" "full_adder" 4 37, 5 3 0, S_0x61eab2bcfa90;
 .timescale -9 -12;
    .port_info 0 /INPUT 1 "a";
    .port_info 1 /INPUT 1 "b";
    .port_info 2 /INPUT 1 "cin";
    .port_info 3 /OUTPUT 1 "sum";
    .port_info 4 /OUTPUT 1 "cout";
L_0x61eab2c5a680 .functor XOR 1, L_0x61eab2c5a310, L_0x61eab2c5a400, C4<0>, C4<0>;
L_0x61eab2c5a6f0 .functor XOR 1, L_0x61eab2c5a680, L_0x61eab2c5a540, C4<0>, C4<0>;
L_0x61eab2c5a7b0 .functor AND 1, L_0x61eab2c5a310, L_0x61eab2c5a400, C4<1>, C4<1>;
L_0x61eab2c5a940 .functor AND 1, L_0x61eab2c5a400, L_0x61eab2c5a540, C4<1>, C4<1>;
L_0x61eab2c5aa40 .functor OR 1, L_0x61eab2c5a7b0, L_0x61eab2c5a940, C4<0>, C4<0>;
L_0x61eab2c5aab0 .functor AND 1, L_0x61eab2c5a310, L_0x61eab2c5a540, C4<1>, C4<1>;
L_0x61eab2c5ab60 .functor OR 1, L_0x61eab2c5aa40, L_0x61eab2c5aab0, C4<0>, C4<0>;
v0x61eab2bd7d90_0 .net *"_ivl_0", 0 0, L_0x61eab2c5a680;  1 drivers
v0x61eab2bd7e70_0 .net *"_ivl_10", 0 0, L_0x61eab2c5aab0;  1 drivers
v0x61eab2bd7f50_0 .net *"_ivl_4", 0 0, L_0x61eab2c5a7b0;  1 drivers
v0x61eab2bd77d0_0 .net *"_ivl_6", 0 0, L_0x61eab2c5a940;  1 drivers
v0x61eab2bd78b0_0 .net *"_ivl_8", 0 0, L_0x61eab2c5aa40;  1 drivers
v0x61eab2bdbd20_0 .net "a", 0 0, L_0x61eab2c5a310;  alias, 1 drivers
v0x61eab2bdbde0_0 .net "b", 0 0, L_0x61eab2c5a400;  alias, 1 drivers
v0x61eab2bdbea0_0 .net "cin", 0 0, L_0x61eab2c5a540;  alias, 1 drivers
v0x61eab2bdb760_0 .net "cout", 0 0, L_0x61eab2c5ab60;  1 drivers
v0x61eab2bdb8b0_0 .net "sum", 0 0, L_0x61eab2c5a6f0;  1 drivers
S_0x61eab2bdf6f0 .scope generate, "gen_fa[1]" "gen_fa[1]" 4 32, 4 32 0, S_0x61eab2bcbe70;
 .timescale -9 -12;
P_0x61eab2bdf880 .param/l "c" 1 4 32, +C4<01>;
v0x61eab2beb5a0_0 .net "fa_a", 0 0, L_0x61eab2c5ac20;  1 drivers
v0x61eab2beb660_0 .net "fa_b", 0 0, L_0x61eab2c5ada0;  1 drivers
v0x61eab2beb700_0 .net "fa_cin", 0 0, L_0x61eab2c5ae40;  1 drivers
L_0x61eab2c5ac20 .part L_0x61eab2c59b40, 2, 1;
L_0x61eab2c5ada0 .part L_0x61eab2c3fc20, 1, 1;
L_0x61eab2c5ae40 .part L_0x61eab2c59f00, 1, 1;
S_0x61eab2be3c40 .scope module, "fa_inst" "full_adder" 4 37, 5 3 0, S_0x61eab2bdf6f0;
 .timescale -9 -12;
    .port_info 0 /INPUT 1 "a";
    .port_info 1 /INPUT 1 "b";
    .port_info 2 /INPUT 1 "cin";
    .port_info 3 /OUTPUT 1 "sum";
    .port_info 4 /OUTPUT 1 "cout";
L_0x61eab2c5af30 .functor XOR 1, L_0x61eab2c5ac20, L_0x61eab2c5ada0, C4<0>, C4<0>;
L_0x61eab2c5afa0 .functor XOR 1, L_0x61eab2c5af30, L_0x61eab2c5ae40, C4<0>, C4<0>;
L_0x61eab2c5b060 .functor AND 1, L_0x61eab2c5ac20, L_0x61eab2c5ada0, C4<1>, C4<1>;
L_0x61eab2c5b1f0 .functor AND 1, L_0x61eab2c5ada0, L_0x61eab2c5ae40, C4<1>, C4<1>;
L_0x61eab2c5b2f0 .functor OR 1, L_0x61eab2c5b060, L_0x61eab2c5b1f0, C4<0>, C4<0>;
L_0x61eab2c5b360 .functor AND 1, L_0x61eab2c5ac20, L_0x61eab2c5ae40, C4<1>, C4<1>;
L_0x61eab2c5b3d0 .functor OR 1, L_0x61eab2c5b2f0, L_0x61eab2c5b360, C4<0>, C4<0>;
v0x61eab2be3680_0 .net *"_ivl_0", 0 0, L_0x61eab2c5af30;  1 drivers
v0x61eab2be3740_0 .net *"_ivl_10", 0 0, L_0x61eab2c5b360;  1 drivers
v0x61eab2be3820_0 .net *"_ivl_4", 0 0, L_0x61eab2c5b060;  1 drivers
v0x61eab2be7bd0_0 .net *"_ivl_6", 0 0, L_0x61eab2c5b1f0;  1 drivers
v0x61eab2be7c90_0 .net *"_ivl_8", 0 0, L_0x61eab2c5b2f0;  1 drivers
v0x61eab2be7610_0 .net "a", 0 0, L_0x61eab2c5ac20;  alias, 1 drivers
v0x61eab2be76d0_0 .net "b", 0 0, L_0x61eab2c5ada0;  alias, 1 drivers
v0x61eab2be7790_0 .net "cin", 0 0, L_0x61eab2c5ae40;  alias, 1 drivers
v0x61eab2bebb60_0 .net "cout", 0 0, L_0x61eab2c5b3d0;  1 drivers
v0x61eab2bebc20_0 .net "sum", 0 0, L_0x61eab2c5afa0;  1 drivers
S_0x61eab2bef8b0 .scope generate, "gen_fa[2]" "gen_fa[2]" 4 32, 4 32 0, S_0x61eab2bcbe70;
 .timescale -9 -12;
P_0x61eab2beb7d0 .param/l "c" 1 4 32, +C4<010>;
v0x61eab2b757a0_0 .net "fa_a", 0 0, L_0x61eab2c5b490;  1 drivers
v0x61eab2b75860_0 .net "fa_b", 0 0, L_0x61eab2c5b580;  1 drivers
v0x61eab2b75930_0 .net "fa_cin", 0 0, L_0x61eab2c5b700;  1 drivers
L_0x61eab2c5b490 .part L_0x61eab2c59b40, 3, 1;
L_0x61eab2c5b580 .part L_0x61eab2c3fc20, 2, 1;
L_0x61eab2c5b700 .part L_0x61eab2c59f00, 2, 1;
S_0x61eab2bef260 .scope module, "fa_inst" "full_adder" 4 37, 5 3 0, S_0x61eab2bef8b0;
 .timescale -9 -12;
    .port_info 0 /INPUT 1 "a";
    .port_info 1 /INPUT 1 "b";
    .port_info 2 /INPUT 1 "cin";
    .port_info 3 /OUTPUT 1 "sum";
    .port_info 4 /OUTPUT 1 "cout";
L_0x61eab2c5b830 .functor XOR 1, L_0x61eab2c5b490, L_0x61eab2c5b580, C4<0>, C4<0>;
L_0x61eab2c5b8a0 .functor XOR 1, L_0x61eab2c5b830, L_0x61eab2c5b700, C4<0>, C4<0>;
L_0x61eab2c5b910 .functor AND 1, L_0x61eab2c5b490, L_0x61eab2c5b580, C4<1>, C4<1>;
L_0x61eab2c5baa0 .functor AND 1, L_0x61eab2c5b580, L_0x61eab2c5b700, C4<1>, C4<1>;
L_0x61eab2c5bba0 .functor OR 1, L_0x61eab2c5b910, L_0x61eab2c5baa0, C4<0>, C4<0>;
L_0x61eab2c5bc10 .functor AND 1, L_0x61eab2c5b490, L_0x61eab2c5b700, C4<1>, C4<1>;
L_0x61eab2c5bc80 .functor OR 1, L_0x61eab2c5bba0, L_0x61eab2c5bc10, C4<0>, C4<0>;
v0x61eab2b36880_0 .net *"_ivl_0", 0 0, L_0x61eab2c5b830;  1 drivers
v0x61eab2b36940_0 .net *"_ivl_10", 0 0, L_0x61eab2c5bc10;  1 drivers
v0x61eab2b329d0_0 .net *"_ivl_4", 0 0, L_0x61eab2c5b910;  1 drivers
v0x61eab2b32ac0_0 .net *"_ivl_6", 0 0, L_0x61eab2c5baa0;  1 drivers
v0x61eab2b32ba0_0 .net *"_ivl_8", 0 0, L_0x61eab2c5bba0;  1 drivers
v0x61eab2b55fd0_0 .net "a", 0 0, L_0x61eab2c5b490;  alias, 1 drivers
v0x61eab2b56070_0 .net "b", 0 0, L_0x61eab2c5b580;  alias, 1 drivers
v0x61eab2b56130_0 .net "cin", 0 0, L_0x61eab2c5b700;  alias, 1 drivers
v0x61eab2b521a0_0 .net "cout", 0 0, L_0x61eab2c5bc80;  1 drivers
v0x61eab2b52260_0 .net "sum", 0 0, L_0x61eab2c5b8a0;  1 drivers
S_0x61eab2b71970 .scope generate, "gen_fa[3]" "gen_fa[3]" 4 32, 4 32 0, S_0x61eab2bcbe70;
 .timescale -9 -12;
P_0x61eab2b75a00 .param/l "c" 1 4 32, +C4<011>;
v0x61eab2bd3f10_0 .net "fa_a", 0 0, L_0x61eab2c5bd40;  1 drivers
v0x61eab2bd3fd0_0 .net "fa_b", 0 0, L_0x61eab2c5be30;  1 drivers
v0x61eab2bd4070_0 .net "fa_cin", 0 0, L_0x61eab2c5bf20;  1 drivers
L_0x61eab2c5bd40 .part L_0x61eab2c59b40, 4, 1;
L_0x61eab2c5be30 .part L_0x61eab2c3fc20, 3, 1;
L_0x61eab2c5bf20 .part L_0x61eab2c59f00, 3, 1;
S_0x61eab2b94f70 .scope module, "fa_inst" "full_adder" 4 37, 5 3 0, S_0x61eab2b71970;
 .timescale -9 -12;
    .port_info 0 /INPUT 1 "a";
    .port_info 1 /INPUT 1 "b";
    .port_info 2 /INPUT 1 "cin";
    .port_info 3 /OUTPUT 1 "sum";
    .port_info 4 /OUTPUT 1 "cout";
L_0x61eab2c5c010 .functor XOR 1, L_0x61eab2c5bd40, L_0x61eab2c5be30, C4<0>, C4<0>;
L_0x61eab2c5c080 .functor XOR 1, L_0x61eab2c5c010, L_0x61eab2c5bf20, C4<0>, C4<0>;
L_0x61eab2c5c140 .functor AND 1, L_0x61eab2c5bd40, L_0x61eab2c5be30, C4<1>, C4<1>;
L_0x61eab2c5c2d0 .functor AND 1, L_0x61eab2c5be30, L_0x61eab2c5bf20, C4<1>, C4<1>;
L_0x61eab2c5c3d0 .functor OR 1, L_0x61eab2c5c140, L_0x61eab2c5c2d0, C4<0>, C4<0>;
L_0x61eab2c5c440 .functor AND 1, L_0x61eab2c5bd40, L_0x61eab2c5bf20, C4<1>, C4<1>;
L_0x61eab2c5c4b0 .functor OR 1, L_0x61eab2c5c3d0, L_0x61eab2c5c440, C4<0>, C4<0>;
v0x61eab2b95180_0 .net *"_ivl_0", 0 0, L_0x61eab2c5c010;  1 drivers
v0x61eab2b71b50_0 .net *"_ivl_10", 0 0, L_0x61eab2c5c440;  1 drivers
v0x61eab2b91140_0 .net *"_ivl_4", 0 0, L_0x61eab2c5c140;  1 drivers
v0x61eab2b91250_0 .net *"_ivl_6", 0 0, L_0x61eab2c5c2d0;  1 drivers
v0x61eab2b91330_0 .net *"_ivl_8", 0 0, L_0x61eab2c5c3d0;  1 drivers
v0x61eab2bb4740_0 .net "a", 0 0, L_0x61eab2c5bd40;  alias, 1 drivers
v0x61eab2bb4800_0 .net "b", 0 0, L_0x61eab2c5be30;  alias, 1 drivers
v0x61eab2bb48c0_0 .net "cin", 0 0, L_0x61eab2c5bf20;  alias, 1 drivers
v0x61eab2bb0910_0 .net "cout", 0 0, L_0x61eab2c5c4b0;  1 drivers
v0x61eab2bb09d0_0 .net "sum", 0 0, L_0x61eab2c5c080;  1 drivers
S_0x61eab2bd00e0 .scope generate, "gen_fa[4]" "gen_fa[4]" 4 32, 4 32 0, S_0x61eab2bcbe70;
 .timescale -9 -12;
P_0x61eab2bd0270 .param/l "c" 1 4 32, +C4<0100>;
v0x61eab2a6b9f0_0 .net "fa_a", 0 0, L_0x61eab2c5c570;  1 drivers
v0x61eab2a616f0_0 .net "fa_b", 0 0, L_0x61eab2c5c660;  1 drivers
v0x61eab2a617c0_0 .net "fa_cin", 0 0, L_0x61eab2c5c750;  1 drivers
L_0x61eab2c5c570 .part L_0x61eab2c59b40, 5, 1;
L_0x61eab2c5c660 .part L_0x61eab2c3fc20, 4, 1;
L_0x61eab2c5c750 .part L_0x61eab2c59f00, 4, 1;
S_0x61eab2c071b0 .scope module, "fa_inst" "full_adder" 4 37, 5 3 0, S_0x61eab2bd00e0;
 .timescale -9 -12;
    .port_info 0 /INPUT 1 "a";
    .port_info 1 /INPUT 1 "b";
    .port_info 2 /INPUT 1 "cin";
    .port_info 3 /OUTPUT 1 "sum";
    .port_info 4 /OUTPUT 1 "cout";
L_0x61eab2c5c840 .functor XOR 1, L_0x61eab2c5c570, L_0x61eab2c5c660, C4<0>, C4<0>;
L_0x61eab2c5c8b0 .functor XOR 1, L_0x61eab2c5c840, L_0x61eab2c5c750, C4<0>, C4<0>;
L_0x61eab2c5c970 .functor AND 1, L_0x61eab2c5c570, L_0x61eab2c5c660, C4<1>, C4<1>;
L_0x61eab2c5cb00 .functor AND 1, L_0x61eab2c5c660, L_0x61eab2c5c750, C4<1>, C4<1>;
L_0x61eab2c5cc00 .functor OR 1, L_0x61eab2c5c970, L_0x61eab2c5cb00, C4<0>, C4<0>;
L_0x61eab2c5cc70 .functor AND 1, L_0x61eab2c5c570, L_0x61eab2c5c750, C4<1>, C4<1>;
L_0x61eab2c5cd20 .functor OR 1, L_0x61eab2c5cc00, L_0x61eab2c5cc70, C4<0>, C4<0>;
v0x61eab2c07390_0 .net *"_ivl_0", 0 0, L_0x61eab2c5c840;  1 drivers
v0x61eab2a27500_0 .net *"_ivl_10", 0 0, L_0x61eab2c5cc70;  1 drivers
v0x61eab2a275e0_0 .net *"_ivl_4", 0 0, L_0x61eab2c5c970;  1 drivers
v0x61eab2a276d0_0 .net *"_ivl_6", 0 0, L_0x61eab2c5cb00;  1 drivers
v0x61eab2a277b0_0 .net *"_ivl_8", 0 0, L_0x61eab2c5cc00;  1 drivers
v0x61eab2a278e0_0 .net "a", 0 0, L_0x61eab2c5c570;  alias, 1 drivers
v0x61eab2a6b650_0 .net "b", 0 0, L_0x61eab2c5c660;  alias, 1 drivers
v0x61eab2a6b710_0 .net "cin", 0 0, L_0x61eab2c5c750;  alias, 1 drivers
v0x61eab2a6b7d0_0 .net "cout", 0 0, L_0x61eab2c5cd20;  1 drivers
v0x61eab2a6b890_0 .net "sum", 0 0, L_0x61eab2c5c8b0;  1 drivers
S_0x61eab2a618c0 .scope generate, "gen_fa[5]" "gen_fa[5]" 4 32, 4 32 0, S_0x61eab2bcbe70;
 .timescale -9 -12;
P_0x61eab2a61a50 .param/l "c" 1 4 32, +C4<0101>;
v0x61eab2c11490_0 .net "fa_a", 0 0, L_0x61eab2c5cde0;  1 drivers
v0x61eab2c11530_0 .net "fa_b", 0 0, L_0x61eab2c5cfe0;  1 drivers
v0x61eab2c115d0_0 .net "fa_cin", 0 0, L_0x61eab2c5d0d0;  1 drivers
L_0x61eab2c5cde0 .part L_0x61eab2c59b40, 6, 1;
L_0x61eab2c5cfe0 .part L_0x61eab2c3fc20, 5, 1;
L_0x61eab2c5d0d0 .part L_0x61eab2c59f00, 5, 1;
S_0x61eab2c0f3f0 .scope module, "fa_inst" "full_adder" 4 37, 5 3 0, S_0x61eab2a618c0;
 .timescale -9 -12;
    .port_info 0 /INPUT 1 "a";
    .port_info 1 /INPUT 1 "b";
    .port_info 2 /INPUT 1 "cin";
    .port_info 3 /OUTPUT 1 "sum";
    .port_info 4 /OUTPUT 1 "cout";
L_0x61eab2c5d1c0 .functor XOR 1, L_0x61eab2c5cde0, L_0x61eab2c5cfe0, C4<0>, C4<0>;
L_0x61eab2c5d230 .functor XOR 1, L_0x61eab2c5d1c0, L_0x61eab2c5d0d0, C4<0>, C4<0>;
L_0x61eab2c5d2f0 .functor AND 1, L_0x61eab2c5cde0, L_0x61eab2c5cfe0, C4<1>, C4<1>;
L_0x61eab2c5d3f0 .functor AND 1, L_0x61eab2c5cfe0, L_0x61eab2c5d0d0, C4<1>, C4<1>;
L_0x61eab2c5d4f0 .functor OR 1, L_0x61eab2c5d2f0, L_0x61eab2c5d3f0, C4<0>, C4<0>;
L_0x61eab2c5d560 .functor AND 1, L_0x61eab2c5cde0, L_0x61eab2c5d0d0, C4<1>, C4<1>;
L_0x61eab2c5d610 .functor OR 1, L_0x61eab2c5d4f0, L_0x61eab2c5d560, C4<0>, C4<0>;
v0x61eab2c0f600_0 .net *"_ivl_0", 0 0, L_0x61eab2c5d1c0;  1 drivers
v0x61eab2c0f6c0_0 .net *"_ivl_10", 0 0, L_0x61eab2c5d560;  1 drivers
v0x61eab2c0f7a0_0 .net *"_ivl_4", 0 0, L_0x61eab2c5d2f0;  1 drivers
v0x61eab2c10fa0_0 .net *"_ivl_6", 0 0, L_0x61eab2c5d3f0;  1 drivers
v0x61eab2c11040_0 .net *"_ivl_8", 0 0, L_0x61eab2c5d4f0;  1 drivers
v0x61eab2c110e0_0 .net "a", 0 0, L_0x61eab2c5cde0;  alias, 1 drivers
v0x61eab2c11180_0 .net "b", 0 0, L_0x61eab2c5cfe0;  alias, 1 drivers
v0x61eab2c11220_0 .net "cin", 0 0, L_0x61eab2c5d0d0;  alias, 1 drivers
v0x61eab2c112c0_0 .net "cout", 0 0, L_0x61eab2c5d610;  1 drivers
v0x61eab2c113f0_0 .net "sum", 0 0, L_0x61eab2c5d230;  1 drivers
S_0x61eab2c116d0 .scope generate, "gen_fa[6]" "gen_fa[6]" 4 32, 4 32 0, S_0x61eab2bcbe70;
 .timescale -9 -12;
P_0x61eab2c11860 .param/l "c" 1 4 32, +C4<0110>;
v0x61eab2c12550_0 .net "fa_a", 0 0, L_0x61eab2c5d6d0;  1 drivers
v0x61eab2c12610_0 .net "fa_b", 0 0, L_0x61eab2c5d7c0;  1 drivers
v0x61eab2c126e0_0 .net "fa_cin", 0 0, L_0x61eab2c5d9c0;  1 drivers
L_0x61eab2c5d6d0 .part L_0x61eab2c59b40, 7, 1;
L_0x61eab2c5d7c0 .part L_0x61eab2c3fc20, 6, 1;
L_0x61eab2c5d9c0 .part L_0x61eab2c59f00, 6, 1;
S_0x61eab2c11920 .scope module, "fa_inst" "full_adder" 4 37, 5 3 0, S_0x61eab2c116d0;
 .timescale -9 -12;
    .port_info 0 /INPUT 1 "a";
    .port_info 1 /INPUT 1 "b";
    .port_info 2 /INPUT 1 "cin";
    .port_info 3 /OUTPUT 1 "sum";
    .port_info 4 /OUTPUT 1 "cout";
L_0x61eab2c5dbc0 .functor XOR 1, L_0x61eab2c5d6d0, L_0x61eab2c5d7c0, C4<0>, C4<0>;
L_0x61eab2c5dc30 .functor XOR 1, L_0x61eab2c5dbc0, L_0x61eab2c5d9c0, C4<0>, C4<0>;
L_0x61eab2c5dcf0 .functor AND 1, L_0x61eab2c5d6d0, L_0x61eab2c5d7c0, C4<1>, C4<1>;
L_0x61eab2c5dd60 .functor AND 1, L_0x61eab2c5d7c0, L_0x61eab2c5d9c0, C4<1>, C4<1>;
L_0x61eab2c5de60 .functor OR 1, L_0x61eab2c5dcf0, L_0x61eab2c5dd60, C4<0>, C4<0>;
L_0x61eab2c5ded0 .functor AND 1, L_0x61eab2c5d6d0, L_0x61eab2c5d9c0, C4<1>, C4<1>;
L_0x61eab2c5df80 .functor OR 1, L_0x61eab2c5de60, L_0x61eab2c5ded0, C4<0>, C4<0>;
v0x61eab2c11b80_0 .net *"_ivl_0", 0 0, L_0x61eab2c5dbc0;  1 drivers
v0x61eab2c11c80_0 .net *"_ivl_10", 0 0, L_0x61eab2c5ded0;  1 drivers
v0x61eab2c11d60_0 .net *"_ivl_4", 0 0, L_0x61eab2c5dcf0;  1 drivers
v0x61eab2c11e50_0 .net *"_ivl_6", 0 0, L_0x61eab2c5dd60;  1 drivers
v0x61eab2c11f30_0 .net *"_ivl_8", 0 0, L_0x61eab2c5de60;  1 drivers
v0x61eab2c12060_0 .net "a", 0 0, L_0x61eab2c5d6d0;  alias, 1 drivers
v0x61eab2c12120_0 .net "b", 0 0, L_0x61eab2c5d7c0;  alias, 1 drivers
v0x61eab2c121e0_0 .net "cin", 0 0, L_0x61eab2c5d9c0;  alias, 1 drivers
v0x61eab2c122a0_0 .net "cout", 0 0, L_0x61eab2c5df80;  1 drivers
v0x61eab2c123f0_0 .net "sum", 0 0, L_0x61eab2c5dc30;  1 drivers
S_0x61eab2c127e0 .scope generate, "gen_fa[7]" "gen_fa[7]" 4 32, 4 32 0, S_0x61eab2bcbe70;
 .timescale -9 -12;
P_0x61eab2c12970 .param/l "c" 1 4 32, +C4<0111>;
L_0x74534b7b7180 .functor BUFT 1, C4<0>, C4<0>, C4<0>, C4<0>;
v0x61eab2c13650_0 .net "fa_a", 0 0, L_0x74534b7b7180;  1 drivers
v0x61eab2c13710_0 .net "fa_b", 0 0, L_0x61eab2c5e090;  1 drivers
v0x61eab2c137e0_0 .net "fa_cin", 0 0, L_0x61eab2c5e180;  1 drivers
L_0x61eab2c5e090 .part L_0x61eab2c3fc20, 7, 1;
L_0x61eab2c5e180 .part L_0x61eab2c59f00, 7, 1;
LS_0x61eab2c5e810_0_0 .concat8 [ 1 1 1 1], L_0x61eab2c5a6f0, L_0x61eab2c5afa0, L_0x61eab2c5b8a0, L_0x61eab2c5c080;
LS_0x61eab2c5e810_0_4 .concat8 [ 1 1 1 1], L_0x61eab2c5c8b0, L_0x61eab2c5d230, L_0x61eab2c5dc30, L_0x61eab2c5e2e0;
L_0x61eab2c5e810 .concat8 [ 4 4 0 0], LS_0x61eab2c5e810_0_0, LS_0x61eab2c5e810_0_4;
LS_0x61eab2c5ebd0_0_0 .concat8 [ 1 1 1 1], L_0x61eab2c5ab60, L_0x61eab2c5b3d0, L_0x61eab2c5bc80, L_0x61eab2c5c4b0;
LS_0x61eab2c5ebd0_0_4 .concat8 [ 1 1 1 1], L_0x61eab2c5cd20, L_0x61eab2c5d610, L_0x61eab2c5df80, L_0x61eab2c5e750;
L_0x61eab2c5ebd0 .concat8 [ 4 4 0 0], LS_0x61eab2c5ebd0_0_0, LS_0x61eab2c5ebd0_0_4;
S_0x61eab2c12a10 .scope module, "fa_inst" "full_adder" 4 37, 5 3 0, S_0x61eab2c127e0;
 .timescale -9 -12;
    .port_info 0 /INPUT 1 "a";
    .port_info 1 /INPUT 1 "b";
    .port_info 2 /INPUT 1 "cin";
    .port_info 3 /OUTPUT 1 "sum";
    .port_info 4 /OUTPUT 1 "cout";
L_0x61eab2c5e270 .functor XOR 1, L_0x74534b7b7180, L_0x61eab2c5e090, C4<0>, C4<0>;
L_0x61eab2c5e2e0 .functor XOR 1, L_0x61eab2c5e270, L_0x61eab2c5e180, C4<0>, C4<0>;
L_0x61eab2c5e3a0 .functor AND 1, L_0x74534b7b7180, L_0x61eab2c5e090, C4<1>, C4<1>;
L_0x61eab2c5e530 .functor AND 1, L_0x61eab2c5e090, L_0x61eab2c5e180, C4<1>, C4<1>;
L_0x61eab2c5e630 .functor OR 1, L_0x61eab2c5e3a0, L_0x61eab2c5e530, C4<0>, C4<0>;
L_0x61eab2c5e6a0 .functor AND 1, L_0x74534b7b7180, L_0x61eab2c5e180, C4<1>, C4<1>;
L_0x61eab2c5e750 .functor OR 1, L_0x61eab2c5e630, L_0x61eab2c5e6a0, C4<0>, C4<0>;
v0x61eab2c12ca0_0 .net *"_ivl_0", 0 0, L_0x61eab2c5e270;  1 drivers
v0x61eab2c12d80_0 .net *"_ivl_10", 0 0, L_0x61eab2c5e6a0;  1 drivers
v0x61eab2c12e60_0 .net *"_ivl_4", 0 0, L_0x61eab2c5e3a0;  1 drivers
v0x61eab2c12f50_0 .net *"_ivl_6", 0 0, L_0x61eab2c5e530;  1 drivers
v0x61eab2c13030_0 .net *"_ivl_8", 0 0, L_0x61eab2c5e630;  1 drivers
v0x61eab2c13160_0 .net "a", 0 0, L_0x74534b7b7180;  alias, 1 drivers
v0x61eab2c13220_0 .net "b", 0 0, L_0x61eab2c5e090;  alias, 1 drivers
v0x61eab2c132e0_0 .net "cin", 0 0, L_0x61eab2c5e180;  alias, 1 drivers
v0x61eab2c133a0_0 .net "cout", 0 0, L_0x61eab2c5e750;  1 drivers
v0x61eab2c134f0_0 .net "sum", 0 0, L_0x61eab2c5e2e0;  1 drivers
S_0x61eab2c13980 .scope generate, "gen_csa[7]" "gen_csa[7]" 4 31, 4 31 0, S_0x61eab2bf7400;
 .timescale -9 -12;
P_0x61eab2c13b10 .param/l "r" 1 4 31, +C4<0111>;
v0x61eab2c1c4f0_0 .net *"_ivl_2", 0 0, L_0x61eab2c5ef40;  1 drivers
L_0x61eab2c5ef40 .part L_0x61eab2c63560, 0, 1;
S_0x61eab2c13bf0 .scope generate, "gen_fa[0]" "gen_fa[0]" 4 32, 4 32 0, S_0x61eab2c13980;
 .timescale -9 -12;
P_0x61eab2c13df0 .param/l "c" 1 4 32, +C4<00>;
v0x61eab2c14b30_0 .net "fa_a", 0 0, L_0x61eab2c5efe0;  1 drivers
v0x61eab2c14bf0_0 .net "fa_b", 0 0, L_0x61eab2c5f0d0;  1 drivers
v0x61eab2c14cc0_0 .net "fa_cin", 0 0, L_0x61eab2c5f210;  1 drivers
L_0x61eab2c5efe0 .part L_0x61eab2c5e810, 1, 1;
L_0x61eab2c5f0d0 .part L_0x61eab2c40fd0, 0, 1;
L_0x61eab2c5f210 .part L_0x61eab2c5ebd0, 0, 1;
S_0x61eab2c13ed0 .scope module, "fa_inst" "full_adder" 4 37, 5 3 0, S_0x61eab2c13bf0;
 .timescale -9 -12;
    .port_info 0 /INPUT 1 "a";
    .port_info 1 /INPUT 1 "b";
    .port_info 2 /INPUT 1 "cin";
    .port_info 3 /OUTPUT 1 "sum";
    .port_info 4 /OUTPUT 1 "cout";
L_0x61eab2c5f350 .functor XOR 1, L_0x61eab2c5efe0, L_0x61eab2c5f0d0, C4<0>, C4<0>;
L_0x61eab2c5f3c0 .functor XOR 1, L_0x61eab2c5f350, L_0x61eab2c5f210, C4<0>, C4<0>;
L_0x61eab2c5f480 .functor AND 1, L_0x61eab2c5efe0, L_0x61eab2c5f0d0, C4<1>, C4<1>;
L_0x61eab2c5f610 .functor AND 1, L_0x61eab2c5f0d0, L_0x61eab2c5f210, C4<1>, C4<1>;
L_0x61eab2c5f710 .functor OR 1, L_0x61eab2c5f480, L_0x61eab2c5f610, C4<0>, C4<0>;
L_0x61eab2c5f780 .functor AND 1, L_0x61eab2c5efe0, L_0x61eab2c5f210, C4<1>, C4<1>;
L_0x61eab2c5f7f0 .functor OR 1, L_0x61eab2c5f710, L_0x61eab2c5f780, C4<0>, C4<0>;
v0x61eab2c14160_0 .net *"_ivl_0", 0 0, L_0x61eab2c5f350;  1 drivers
v0x61eab2c14260_0 .net *"_ivl_10", 0 0, L_0x61eab2c5f780;  1 drivers
v0x61eab2c14340_0 .net *"_ivl_4", 0 0, L_0x61eab2c5f480;  1 drivers
v0x61eab2c14430_0 .net *"_ivl_6", 0 0, L_0x61eab2c5f610;  1 drivers
v0x61eab2c14510_0 .net *"_ivl_8", 0 0, L_0x61eab2c5f710;  1 drivers
v0x61eab2c14640_0 .net "a", 0 0, L_0x61eab2c5efe0;  alias, 1 drivers
v0x61eab2c14700_0 .net "b", 0 0, L_0x61eab2c5f0d0;  alias, 1 drivers
v0x61eab2c147c0_0 .net "cin", 0 0, L_0x61eab2c5f210;  alias, 1 drivers
v0x61eab2c14880_0 .net "cout", 0 0, L_0x61eab2c5f7f0;  1 drivers
v0x61eab2c149d0_0 .net "sum", 0 0, L_0x61eab2c5f3c0;  1 drivers
S_0x61eab2c14dc0 .scope generate, "gen_fa[1]" "gen_fa[1]" 4 32, 4 32 0, S_0x61eab2c13980;
 .timescale -9 -12;
P_0x61eab2c14f50 .param/l "c" 1 4 32, +C4<01>;
v0x61eab2c15c30_0 .net "fa_a", 0 0, L_0x61eab2c5f8b0;  1 drivers
v0x61eab2c15cf0_0 .net "fa_b", 0 0, L_0x61eab2c5fa30;  1 drivers
v0x61eab2c15dc0_0 .net "fa_cin", 0 0, L_0x61eab2c5fad0;  1 drivers
L_0x61eab2c5f8b0 .part L_0x61eab2c5e810, 2, 1;
L_0x61eab2c5fa30 .part L_0x61eab2c40fd0, 1, 1;
L_0x61eab2c5fad0 .part L_0x61eab2c5ebd0, 1, 1;
S_0x61eab2c14ff0 .scope module, "fa_inst" "full_adder" 4 37, 5 3 0, S_0x61eab2c14dc0;
 .timescale -9 -12;
    .port_info 0 /INPUT 1 "a";
    .port_info 1 /INPUT 1 "b";
    .port_info 2 /INPUT 1 "cin";
    .port_info 3 /OUTPUT 1 "sum";
    .port_info 4 /OUTPUT 1 "cout";
L_0x61eab2c5fbc0 .functor XOR 1, L_0x61eab2c5f8b0, L_0x61eab2c5fa30, C4<0>, C4<0>;
L_0x61eab2c5fc30 .functor XOR 1, L_0x61eab2c5fbc0, L_0x61eab2c5fad0, C4<0>, C4<0>;
L_0x61eab2c5fcf0 .functor AND 1, L_0x61eab2c5f8b0, L_0x61eab2c5fa30, C4<1>, C4<1>;
L_0x61eab2c5fe80 .functor AND 1, L_0x61eab2c5fa30, L_0x61eab2c5fad0, C4<1>, C4<1>;
L_0x61eab2c5ff80 .functor OR 1, L_0x61eab2c5fcf0, L_0x61eab2c5fe80, C4<0>, C4<0>;
L_0x61eab2c5fff0 .functor AND 1, L_0x61eab2c5f8b0, L_0x61eab2c5fad0, C4<1>, C4<1>;
L_0x61eab2c600a0 .functor OR 1, L_0x61eab2c5ff80, L_0x61eab2c5fff0, C4<0>, C4<0>;
v0x61eab2c15280_0 .net *"_ivl_0", 0 0, L_0x61eab2c5fbc0;  1 drivers
v0x61eab2c15360_0 .net *"_ivl_10", 0 0, L_0x61eab2c5fff0;  1 drivers
v0x61eab2c15440_0 .net *"_ivl_4", 0 0, L_0x61eab2c5fcf0;  1 drivers
v0x61eab2c15530_0 .net *"_ivl_6", 0 0, L_0x61eab2c5fe80;  1 drivers
v0x61eab2c15610_0 .net *"_ivl_8", 0 0, L_0x61eab2c5ff80;  1 drivers
v0x61eab2c15740_0 .net "a", 0 0, L_0x61eab2c5f8b0;  alias, 1 drivers
v0x61eab2c15800_0 .net "b", 0 0, L_0x61eab2c5fa30;  alias, 1 drivers
v0x61eab2c158c0_0 .net "cin", 0 0, L_0x61eab2c5fad0;  alias, 1 drivers
v0x61eab2c15980_0 .net "cout", 0 0, L_0x61eab2c600a0;  1 drivers
v0x61eab2c15ad0_0 .net "sum", 0 0, L_0x61eab2c5fc30;  1 drivers
S_0x61eab2c15ec0 .scope generate, "gen_fa[2]" "gen_fa[2]" 4 32, 4 32 0, S_0x61eab2c13980;
 .timescale -9 -12;
P_0x61eab2c16080 .param/l "c" 1 4 32, +C4<010>;
v0x61eab2c16d40_0 .net "fa_a", 0 0, L_0x61eab2c60160;  1 drivers
v0x61eab2c16e00_0 .net "fa_b", 0 0, L_0x61eab2c60250;  1 drivers
v0x61eab2c16ed0_0 .net "fa_cin", 0 0, L_0x61eab2c603d0;  1 drivers
L_0x61eab2c60160 .part L_0x61eab2c5e810, 3, 1;
L_0x61eab2c60250 .part L_0x61eab2c40fd0, 2, 1;
L_0x61eab2c603d0 .part L_0x61eab2c5ebd0, 2, 1;
S_0x61eab2c16120 .scope module, "fa_inst" "full_adder" 4 37, 5 3 0, S_0x61eab2c15ec0;
 .timescale -9 -12;
    .port_info 0 /INPUT 1 "a";
    .port_info 1 /INPUT 1 "b";
    .port_info 2 /INPUT 1 "cin";
    .port_info 3 /OUTPUT 1 "sum";
    .port_info 4 /OUTPUT 1 "cout";
L_0x61eab2c60500 .functor XOR 1, L_0x61eab2c60160, L_0x61eab2c60250, C4<0>, C4<0>;
L_0x61eab2c60570 .functor XOR 1, L_0x61eab2c60500, L_0x61eab2c603d0, C4<0>, C4<0>;
L_0x61eab2c605e0 .functor AND 1, L_0x61eab2c60160, L_0x61eab2c60250, C4<1>, C4<1>;
L_0x61eab2c60770 .functor AND 1, L_0x61eab2c60250, L_0x61eab2c603d0, C4<1>, C4<1>;
L_0x61eab2c60870 .functor OR 1, L_0x61eab2c605e0, L_0x61eab2c60770, C4<0>, C4<0>;
L_0x61eab2c608e0 .functor AND 1, L_0x61eab2c60160, L_0x61eab2c603d0, C4<1>, C4<1>;
L_0x61eab2c60990 .functor OR 1, L_0x61eab2c60870, L_0x61eab2c608e0, C4<0>, C4<0>;
v0x61eab2c163b0_0 .net *"_ivl_0", 0 0, L_0x61eab2c60500;  1 drivers
v0x61eab2c16470_0 .net *"_ivl_10", 0 0, L_0x61eab2c608e0;  1 drivers
v0x61eab2c16550_0 .net *"_ivl_4", 0 0, L_0x61eab2c605e0;  1 drivers
v0x61eab2c16640_0 .net *"_ivl_6", 0 0, L_0x61eab2c60770;  1 drivers
v0x61eab2c16720_0 .net *"_ivl_8", 0 0, L_0x61eab2c60870;  1 drivers
v0x61eab2c16850_0 .net "a", 0 0, L_0x61eab2c60160;  alias, 1 drivers
v0x61eab2c16910_0 .net "b", 0 0, L_0x61eab2c60250;  alias, 1 drivers
v0x61eab2c169d0_0 .net "cin", 0 0, L_0x61eab2c603d0;  alias, 1 drivers
v0x61eab2c16a90_0 .net "cout", 0 0, L_0x61eab2c60990;  1 drivers
v0x61eab2c16be0_0 .net "sum", 0 0, L_0x61eab2c60570;  1 drivers
S_0x61eab2c16fd0 .scope generate, "gen_fa[3]" "gen_fa[3]" 4 32, 4 32 0, S_0x61eab2c13980;
 .timescale -9 -12;
P_0x61eab2c17160 .param/l "c" 1 4 32, +C4<011>;
v0x61eab2c17e40_0 .net "fa_a", 0 0, L_0x61eab2c60a50;  1 drivers
v0x61eab2c17f00_0 .net "fa_b", 0 0, L_0x61eab2c60b40;  1 drivers
v0x61eab2c17fd0_0 .net "fa_cin", 0 0, L_0x61eab2c60c30;  1 drivers
L_0x61eab2c60a50 .part L_0x61eab2c5e810, 4, 1;
L_0x61eab2c60b40 .part L_0x61eab2c40fd0, 3, 1;
L_0x61eab2c60c30 .part L_0x61eab2c5ebd0, 3, 1;
S_0x61eab2c17200 .scope module, "fa_inst" "full_adder" 4 37, 5 3 0, S_0x61eab2c16fd0;
 .timescale -9 -12;
    .port_info 0 /INPUT 1 "a";
    .port_info 1 /INPUT 1 "b";
    .port_info 2 /INPUT 1 "cin";
    .port_info 3 /OUTPUT 1 "sum";
    .port_info 4 /OUTPUT 1 "cout";
L_0x61eab2c60d20 .functor XOR 1, L_0x61eab2c60a50, L_0x61eab2c60b40, C4<0>, C4<0>;
L_0x61eab2c60d90 .functor XOR 1, L_0x61eab2c60d20, L_0x61eab2c60c30, C4<0>, C4<0>;
L_0x61eab2c60e50 .functor AND 1, L_0x61eab2c60a50, L_0x61eab2c60b40, C4<1>, C4<1>;
L_0x61eab2c60fe0 .functor AND 1, L_0x61eab2c60b40, L_0x61eab2c60c30, C4<1>, C4<1>;
L_0x61eab2c610e0 .functor OR 1, L_0x61eab2c60e50, L_0x61eab2c60fe0, C4<0>, C4<0>;
L_0x61eab2c61150 .functor AND 1, L_0x61eab2c60a50, L_0x61eab2c60c30, C4<1>, C4<1>;
L_0x61eab2c61200 .functor OR 1, L_0x61eab2c610e0, L_0x61eab2c61150, C4<0>, C4<0>;
v0x61eab2c17490_0 .net *"_ivl_0", 0 0, L_0x61eab2c60d20;  1 drivers
v0x61eab2c17570_0 .net *"_ivl_10", 0 0, L_0x61eab2c61150;  1 drivers
v0x61eab2c17650_0 .net *"_ivl_4", 0 0, L_0x61eab2c60e50;  1 drivers
v0x61eab2c17740_0 .net *"_ivl_6", 0 0, L_0x61eab2c60fe0;  1 drivers
v0x61eab2c17820_0 .net *"_ivl_8", 0 0, L_0x61eab2c610e0;  1 drivers
v0x61eab2c17950_0 .net "a", 0 0, L_0x61eab2c60a50;  alias, 1 drivers
v0x61eab2c17a10_0 .net "b", 0 0, L_0x61eab2c60b40;  alias, 1 drivers
v0x61eab2c17ad0_0 .net "cin", 0 0, L_0x61eab2c60c30;  alias, 1 drivers
v0x61eab2c17b90_0 .net "cout", 0 0, L_0x61eab2c61200;  1 drivers
v0x61eab2c17ce0_0 .net "sum", 0 0, L_0x61eab2c60d90;  1 drivers
S_0x61eab2c180d0 .scope generate, "gen_fa[4]" "gen_fa[4]" 4 32, 4 32 0, S_0x61eab2c13980;
 .timescale -9 -12;
P_0x61eab2c182b0 .param/l "c" 1 4 32, +C4<0100>;
v0x61eab2c18f60_0 .net "fa_a", 0 0, L_0x61eab2c612c0;  1 drivers
v0x61eab2c19020_0 .net "fa_b", 0 0, L_0x61eab2c613b0;  1 drivers
v0x61eab2c190f0_0 .net "fa_cin", 0 0, L_0x61eab2c614a0;  1 drivers
L_0x61eab2c612c0 .part L_0x61eab2c5e810, 5, 1;
L_0x61eab2c613b0 .part L_0x61eab2c40fd0, 4, 1;
L_0x61eab2c614a0 .part L_0x61eab2c5ebd0, 4, 1;
S_0x61eab2c18350 .scope module, "fa_inst" "full_adder" 4 37, 5 3 0, S_0x61eab2c180d0;
 .timescale -9 -12;
    .port_info 0 /INPUT 1 "a";
    .port_info 1 /INPUT 1 "b";
    .port_info 2 /INPUT 1 "cin";
    .port_info 3 /OUTPUT 1 "sum";
    .port_info 4 /OUTPUT 1 "cout";
L_0x61eab2c61590 .functor XOR 1, L_0x61eab2c612c0, L_0x61eab2c613b0, C4<0>, C4<0>;
L_0x61eab2c61600 .functor XOR 1, L_0x61eab2c61590, L_0x61eab2c614a0, C4<0>, C4<0>;
L_0x61eab2c616c0 .functor AND 1, L_0x61eab2c612c0, L_0x61eab2c613b0, C4<1>, C4<1>;
L_0x61eab2c61850 .functor AND 1, L_0x61eab2c613b0, L_0x61eab2c614a0, C4<1>, C4<1>;
L_0x61eab2c61950 .functor OR 1, L_0x61eab2c616c0, L_0x61eab2c61850, C4<0>, C4<0>;
L_0x61eab2c619c0 .functor AND 1, L_0x61eab2c612c0, L_0x61eab2c614a0, C4<1>, C4<1>;
L_0x61eab2c61a70 .functor OR 1, L_0x61eab2c61950, L_0x61eab2c619c0, C4<0>, C4<0>;
v0x61eab2c185b0_0 .net *"_ivl_0", 0 0, L_0x61eab2c61590;  1 drivers
v0x61eab2c18690_0 .net *"_ivl_10", 0 0, L_0x61eab2c619c0;  1 drivers
v0x61eab2c18770_0 .net *"_ivl_4", 0 0, L_0x61eab2c616c0;  1 drivers
v0x61eab2c18860_0 .net *"_ivl_6", 0 0, L_0x61eab2c61850;  1 drivers
v0x61eab2c18940_0 .net *"_ivl_8", 0 0, L_0x61eab2c61950;  1 drivers
v0x61eab2c18a70_0 .net "a", 0 0, L_0x61eab2c612c0;  alias, 1 drivers
v0x61eab2c18b30_0 .net "b", 0 0, L_0x61eab2c613b0;  alias, 1 drivers
v0x61eab2c18bf0_0 .net "cin", 0 0, L_0x61eab2c614a0;  alias, 1 drivers
v0x61eab2c18cb0_0 .net "cout", 0 0, L_0x61eab2c61a70;  1 drivers
v0x61eab2c18e00_0 .net "sum", 0 0, L_0x61eab2c61600;  1 drivers
S_0x61eab2c191f0 .scope generate, "gen_fa[5]" "gen_fa[5]" 4 32, 4 32 0, S_0x61eab2c13980;
 .timescale -9 -12;
P_0x61eab2c19380 .param/l "c" 1 4 32, +C4<0101>;
v0x61eab2c1a060_0 .net "fa_a", 0 0, L_0x61eab2c61b30;  1 drivers
v0x61eab2c1a120_0 .net "fa_b", 0 0, L_0x61eab2c61d30;  1 drivers
v0x61eab2c1a1f0_0 .net "fa_cin", 0 0, L_0x61eab2c61e20;  1 drivers
L_0x61eab2c61b30 .part L_0x61eab2c5e810, 6, 1;
L_0x61eab2c61d30 .part L_0x61eab2c40fd0, 5, 1;
L_0x61eab2c61e20 .part L_0x61eab2c5ebd0, 5, 1;
S_0x61eab2c19420 .scope module, "fa_inst" "full_adder" 4 37, 5 3 0, S_0x61eab2c191f0;
 .timescale -9 -12;
    .port_info 0 /INPUT 1 "a";
    .port_info 1 /INPUT 1 "b";
    .port_info 2 /INPUT 1 "cin";
    .port_info 3 /OUTPUT 1 "sum";
    .port_info 4 /OUTPUT 1 "cout";
L_0x61eab2c61f10 .functor XOR 1, L_0x61eab2c61b30, L_0x61eab2c61d30, C4<0>, C4<0>;
L_0x61eab2c61f80 .functor XOR 1, L_0x61eab2c61f10, L_0x61eab2c61e20, C4<0>, C4<0>;
L_0x61eab2c62040 .functor AND 1, L_0x61eab2c61b30, L_0x61eab2c61d30, C4<1>, C4<1>;
L_0x61eab2c62140 .functor AND 1, L_0x61eab2c61d30, L_0x61eab2c61e20, C4<1>, C4<1>;
L_0x61eab2c62240 .functor OR 1, L_0x61eab2c62040, L_0x61eab2c62140, C4<0>, C4<0>;
L_0x61eab2c622b0 .functor AND 1, L_0x61eab2c61b30, L_0x61eab2c61e20, C4<1>, C4<1>;
L_0x61eab2c62360 .functor OR 1, L_0x61eab2c62240, L_0x61eab2c622b0, C4<0>, C4<0>;
v0x61eab2c196b0_0 .net *"_ivl_0", 0 0, L_0x61eab2c61f10;  1 drivers
v0x61eab2c19790_0 .net *"_ivl_10", 0 0, L_0x61eab2c622b0;  1 drivers
v0x61eab2c19870_0 .net *"_ivl_4", 0 0, L_0x61eab2c62040;  1 drivers
v0x61eab2c19960_0 .net *"_ivl_6", 0 0, L_0x61eab2c62140;  1 drivers
v0x61eab2c19a40_0 .net *"_ivl_8", 0 0, L_0x61eab2c62240;  1 drivers
v0x61eab2c19b70_0 .net "a", 0 0, L_0x61eab2c61b30;  alias, 1 drivers
v0x61eab2c19c30_0 .net "b", 0 0, L_0x61eab2c61d30;  alias, 1 drivers
v0x61eab2c19cf0_0 .net "cin", 0 0, L_0x61eab2c61e20;  alias, 1 drivers
v0x61eab2c19db0_0 .net "cout", 0 0, L_0x61eab2c62360;  1 drivers
v0x61eab2c19f00_0 .net "sum", 0 0, L_0x61eab2c61f80;  1 drivers
S_0x61eab2c1a2f0 .scope generate, "gen_fa[6]" "gen_fa[6]" 4 32, 4 32 0, S_0x61eab2c13980;
 .timescale -9 -12;
P_0x61eab2c1a480 .param/l "c" 1 4 32, +C4<0110>;
v0x61eab2c1b160_0 .net "fa_a", 0 0, L_0x61eab2c62420;  1 drivers
v0x61eab2c1b220_0 .net "fa_b", 0 0, L_0x61eab2c62510;  1 drivers
v0x61eab2c1b2f0_0 .net "fa_cin", 0 0, L_0x61eab2c62710;  1 drivers
L_0x61eab2c62420 .part L_0x61eab2c5e810, 7, 1;
L_0x61eab2c62510 .part L_0x61eab2c40fd0, 6, 1;
L_0x61eab2c62710 .part L_0x61eab2c5ebd0, 6, 1;
S_0x61eab2c1a520 .scope module, "fa_inst" "full_adder" 4 37, 5 3 0, S_0x61eab2c1a2f0;
 .timescale -9 -12;
    .port_info 0 /INPUT 1 "a";
    .port_info 1 /INPUT 1 "b";
    .port_info 2 /INPUT 1 "cin";
    .port_info 3 /OUTPUT 1 "sum";
    .port_info 4 /OUTPUT 1 "cout";
L_0x61eab2c62910 .functor XOR 1, L_0x61eab2c62420, L_0x61eab2c62510, C4<0>, C4<0>;
L_0x61eab2c62980 .functor XOR 1, L_0x61eab2c62910, L_0x61eab2c62710, C4<0>, C4<0>;
L_0x61eab2c62a40 .functor AND 1, L_0x61eab2c62420, L_0x61eab2c62510, C4<1>, C4<1>;
L_0x61eab2c62ab0 .functor AND 1, L_0x61eab2c62510, L_0x61eab2c62710, C4<1>, C4<1>;
L_0x61eab2c62bb0 .functor OR 1, L_0x61eab2c62a40, L_0x61eab2c62ab0, C4<0>, C4<0>;
L_0x61eab2c62c20 .functor AND 1, L_0x61eab2c62420, L_0x61eab2c62710, C4<1>, C4<1>;
L_0x61eab2c62cd0 .functor OR 1, L_0x61eab2c62bb0, L_0x61eab2c62c20, C4<0>, C4<0>;
v0x61eab2c1a7b0_0 .net *"_ivl_0", 0 0, L_0x61eab2c62910;  1 drivers
v0x61eab2c1a890_0 .net *"_ivl_10", 0 0, L_0x61eab2c62c20;  1 drivers
v0x61eab2c1a970_0 .net *"_ivl_4", 0 0, L_0x61eab2c62a40;  1 drivers
v0x61eab2c1aa60_0 .net *"_ivl_6", 0 0, L_0x61eab2c62ab0;  1 drivers
v0x61eab2c1ab40_0 .net *"_ivl_8", 0 0, L_0x61eab2c62bb0;  1 drivers
v0x61eab2c1ac70_0 .net "a", 0 0, L_0x61eab2c62420;  alias, 1 drivers
v0x61eab2c1ad30_0 .net "b", 0 0, L_0x61eab2c62510;  alias, 1 drivers
v0x61eab2c1adf0_0 .net "cin", 0 0, L_0x61eab2c62710;  alias, 1 drivers
v0x61eab2c1aeb0_0 .net "cout", 0 0, L_0x61eab2c62cd0;  1 drivers
v0x61eab2c1b000_0 .net "sum", 0 0, L_0x61eab2c62980;  1 drivers
S_0x61eab2c1b3f0 .scope generate, "gen_fa[7]" "gen_fa[7]" 4 32, 4 32 0, S_0x61eab2c13980;
 .timescale -9 -12;
P_0x61eab2c1b580 .param/l "c" 1 4 32, +C4<0111>;
L_0x74534b7b71c8 .functor BUFT 1, C4<0>, C4<0>, C4<0>, C4<0>;
v0x61eab2c1c260_0 .net "fa_a", 0 0, L_0x74534b7b71c8;  1 drivers
v0x61eab2c1c320_0 .net "fa_b", 0 0, L_0x61eab2c62de0;  1 drivers
v0x61eab2c1c3f0_0 .net "fa_cin", 0 0, L_0x61eab2c62ed0;  1 drivers
L_0x61eab2c62de0 .part L_0x61eab2c40fd0, 7, 1;
L_0x61eab2c62ed0 .part L_0x61eab2c5ebd0, 7, 1;
LS_0x61eab2c63560_0_0 .concat8 [ 1 1 1 1], L_0x61eab2c5f3c0, L_0x61eab2c5fc30, L_0x61eab2c60570, L_0x61eab2c60d90;
LS_0x61eab2c63560_0_4 .concat8 [ 1 1 1 1], L_0x61eab2c61600, L_0x61eab2c61f80, L_0x61eab2c62980, L_0x61eab2c63030;
L_0x61eab2c63560 .concat8 [ 4 4 0 0], LS_0x61eab2c63560_0_0, LS_0x61eab2c63560_0_4;
LS_0x61eab2c63920_0_0 .concat8 [ 1 1 1 1], L_0x61eab2c5f7f0, L_0x61eab2c600a0, L_0x61eab2c60990, L_0x61eab2c61200;
LS_0x61eab2c63920_0_4 .concat8 [ 1 1 1 1], L_0x61eab2c61a70, L_0x61eab2c62360, L_0x61eab2c62cd0, L_0x61eab2c634a0;
L_0x61eab2c63920 .concat8 [ 4 4 0 0], LS_0x61eab2c63920_0_0, LS_0x61eab2c63920_0_4;
S_0x61eab2c1b620 .scope module, "fa_inst" "full_adder" 4 37, 5 3 0, S_0x61eab2c1b3f0;
 .timescale -9 -12;
    .port_info 0 /INPUT 1 "a";
    .port_info 1 /INPUT 1 "b";
    .port_info 2 /INPUT 1 "cin";
    .port_info 3 /OUTPUT 1 "sum";
    .port_info 4 /OUTPUT 1 "cout";
L_0x61eab2c62fc0 .functor XOR 1, L_0x74534b7b71c8, L_0x61eab2c62de0, C4<0>, C4<0>;
L_0x61eab2c63030 .functor XOR 1, L_0x61eab2c62fc0, L_0x61eab2c62ed0, C4<0>, C4<0>;
L_0x61eab2c630f0 .functor AND 1, L_0x74534b7b71c8, L_0x61eab2c62de0, C4<1>, C4<1>;
L_0x61eab2c63280 .functor AND 1, L_0x61eab2c62de0, L_0x61eab2c62ed0, C4<1>, C4<1>;
L_0x61eab2c63380 .functor OR 1, L_0x61eab2c630f0, L_0x61eab2c63280, C4<0>, C4<0>;
L_0x61eab2c633f0 .functor AND 1, L_0x74534b7b71c8, L_0x61eab2c62ed0, C4<1>, C4<1>;
L_0x61eab2c634a0 .functor OR 1, L_0x61eab2c63380, L_0x61eab2c633f0, C4<0>, C4<0>;
v0x61eab2c1b8b0_0 .net *"_ivl_0", 0 0, L_0x61eab2c62fc0;  1 drivers
v0x61eab2c1b990_0 .net *"_ivl_10", 0 0, L_0x61eab2c633f0;  1 drivers
v0x61eab2c1ba70_0 .net *"_ivl_4", 0 0, L_0x61eab2c630f0;  1 drivers
v0x61eab2c1bb60_0 .net *"_ivl_6", 0 0, L_0x61eab2c63280;  1 drivers
v0x61eab2c1bc40_0 .net *"_ivl_8", 0 0, L_0x61eab2c63380;  1 drivers
v0x61eab2c1bd70_0 .net "a", 0 0, L_0x74534b7b71c8;  alias, 1 drivers
v0x61eab2c1be30_0 .net "b", 0 0, L_0x61eab2c62de0;  alias, 1 drivers
v0x61eab2c1bef0_0 .net "cin", 0 0, L_0x61eab2c62ed0;  alias, 1 drivers
v0x61eab2c1bfb0_0 .net "cout", 0 0, L_0x61eab2c634a0;  1 drivers
v0x61eab2c1c100_0 .net "sum", 0 0, L_0x61eab2c63030;  1 drivers
S_0x61eab2c1c590 .scope generate, "gen_pp[0]" "gen_pp[0]" 4 13, 4 13 0, S_0x61eab2bf7400;
 .timescale -9 -12;
P_0x61eab2c1c720 .param/l "r" 1 4 13, +C4<00>;
S_0x61eab2c1c800 .scope generate, "gen_pp_inner[0]" "gen_pp_inner[0]" 4 14, 4 14 0, S_0x61eab2c1c590;
 .timescale -9 -12;
P_0x61eab2c1ca00 .param/l "c" 1 4 14, +C4<00>;
L_0x61eab2c35550 .functor AND 1, L_0x61eab2c35340, L_0x61eab2c35460, C4<1>, C4<1>;
v0x61eab2c1cae0_0 .net *"_ivl_3", 0 0, L_0x61eab2c35340;  1 drivers
v0x61eab2c1cbc0_0 .net *"_ivl_4", 0 0, L_0x61eab2c35460;  1 drivers
v0x61eab2c1cca0_0 .net *"_ivl_5", 0 0, L_0x61eab2c35550;  1 drivers
S_0x61eab2c1cd90 .scope generate, "gen_pp_inner[1]" "gen_pp_inner[1]" 4 14, 4 14 0, S_0x61eab2c1c590;
 .timescale -9 -12;
P_0x61eab2c1cfb0 .param/l "c" 1 4 14, +C4<01>;
L_0x61eab2c357d0 .functor AND 1, L_0x61eab2c35660, L_0x61eab2c35700, C4<1>, C4<1>;
v0x61eab2c1d070_0 .net *"_ivl_3", 0 0, L_0x61eab2c35660;  1 drivers
v0x61eab2c1d150_0 .net *"_ivl_4", 0 0, L_0x61eab2c35700;  1 drivers
v0x61eab2c1d230_0 .net *"_ivl_5", 0 0, L_0x61eab2c357d0;  1 drivers
S_0x61eab2c1d320 .scope generate, "gen_pp_inner[2]" "gen_pp_inner[2]" 4 14, 4 14 0, S_0x61eab2c1c590;
 .timescale -9 -12;
P_0x61eab2c1d550 .param/l "c" 1 4 14, +C4<010>;
L_0x61eab2c35b20 .functor AND 1, L_0x61eab2c35910, L_0x61eab2c359b0, C4<1>, C4<1>;
v0x61eab2c1d610_0 .net *"_ivl_3", 0 0, L_0x61eab2c35910;  1 drivers
v0x61eab2c1d6f0_0 .net *"_ivl_4", 0 0, L_0x61eab2c359b0;  1 drivers
v0x61eab2c1d7d0_0 .net *"_ivl_5", 0 0, L_0x61eab2c35b20;  1 drivers
S_0x61eab2c1d8c0 .scope generate, "gen_pp_inner[3]" "gen_pp_inner[3]" 4 14, 4 14 0, S_0x61eab2c1c590;
 .timescale -9 -12;
P_0x61eab2c1dac0 .param/l "c" 1 4 14, +C4<011>;
L_0x61eab2c35d20 .functor AND 1, L_0x61eab2c35b90, L_0x61eab2c35c30, C4<1>, C4<1>;
v0x61eab2c1dba0_0 .net *"_ivl_3", 0 0, L_0x61eab2c35b90;  1 drivers
v0x61eab2c1dc80_0 .net *"_ivl_4", 0 0, L_0x61eab2c35c30;  1 drivers
v0x61eab2c1dd60_0 .net *"_ivl_5", 0 0, L_0x61eab2c35d20;  1 drivers
S_0x61eab2c1de50 .scope generate, "gen_pp_inner[4]" "gen_pp_inner[4]" 4 14, 4 14 0, S_0x61eab2c1c590;
 .timescale -9 -12;
P_0x61eab2c1e0a0 .param/l "c" 1 4 14, +C4<0100>;
L_0x61eab2c35fd0 .functor AND 1, L_0x61eab2c35e30, L_0x61eab2c35ed0, C4<1>, C4<1>;
v0x61eab2c1e180_0 .net *"_ivl_3", 0 0, L_0x61eab2c35e30;  1 drivers
v0x61eab2c1e260_0 .net *"_ivl_4", 0 0, L_0x61eab2c35ed0;  1 drivers
v0x61eab2c1e340_0 .net *"_ivl_5", 0 0, L_0x61eab2c35fd0;  1 drivers
S_0x61eab2c1e400 .scope generate, "gen_pp_inner[5]" "gen_pp_inner[5]" 4 14, 4 14 0, S_0x61eab2c1c590;
 .timescale -9 -12;
P_0x61eab2c1e600 .param/l "c" 1 4 14, +C4<0101>;
L_0x61eab2c36290 .functor AND 1, L_0x61eab2c360e0, L_0x61eab2c36180, C4<1>, C4<1>;
v0x61eab2c1e6e0_0 .net *"_ivl_3", 0 0, L_0x61eab2c360e0;  1 drivers
v0x61eab2c1e7c0_0 .net *"_ivl_4", 0 0, L_0x61eab2c36180;  1 drivers
v0x61eab2c1e8a0_0 .net *"_ivl_5", 0 0, L_0x61eab2c36290;  1 drivers
S_0x61eab2c1e990 .scope generate, "gen_pp_inner[6]" "gen_pp_inner[6]" 4 14, 4 14 0, S_0x61eab2c1c590;
 .timescale -9 -12;
P_0x61eab2c1eb90 .param/l "c" 1 4 14, +C4<0110>;
L_0x61eab2c36220 .functor AND 1, L_0x61eab2c363a0, L_0x61eab2c36440, C4<1>, C4<1>;
v0x61eab2c1ec70_0 .net *"_ivl_3", 0 0, L_0x61eab2c363a0;  1 drivers
v0x61eab2c1ed50_0 .net *"_ivl_4", 0 0, L_0x61eab2c36440;  1 drivers
v0x61eab2c1ee30_0 .net *"_ivl_5", 0 0, L_0x61eab2c36220;  1 drivers
S_0x61eab2c1ef20 .scope generate, "gen_pp_inner[7]" "gen_pp_inner[7]" 4 14, 4 14 0, S_0x61eab2c1c590;
 .timescale -9 -12;
P_0x61eab2c1f120 .param/l "c" 1 4 14, +C4<0111>;
L_0x61eab2c365f0 .functor AND 1, L_0x61eab2c36a30, L_0x61eab2c36ad0, C4<1>, C4<1>;
v0x61eab2c1f200_0 .net *"_ivl_4", 0 0, L_0x61eab2c36a30;  1 drivers
v0x61eab2c1f2e0_0 .net *"_ivl_5", 0 0, L_0x61eab2c36ad0;  1 drivers
v0x61eab2c1f3c0_0 .net *"_ivl_6", 0 0, L_0x61eab2c365f0;  1 drivers
LS_0x61eab2c36710_0_0 .concat8 [ 1 1 1 1], L_0x61eab2c35550, L_0x61eab2c357d0, L_0x61eab2c35b20, L_0x61eab2c35d20;
LS_0x61eab2c36710_0_4 .concat8 [ 1 1 1 1], L_0x61eab2c35fd0, L_0x61eab2c36290, L_0x61eab2c36220, L_0x61eab2c365f0;
L_0x61eab2c36710 .concat8 [ 4 4 0 0], LS_0x61eab2c36710_0_0, LS_0x61eab2c36710_0_4;
S_0x61eab2c1f4b0 .scope generate, "gen_pp[1]" "gen_pp[1]" 4 13, 4 13 0, S_0x61eab2bf7400;
 .timescale -9 -12;
P_0x61eab2c1f6b0 .param/l "r" 1 4 13, +C4<01>;
S_0x61eab2c1f790 .scope generate, "gen_pp_inner[0]" "gen_pp_inner[0]" 4 14, 4 14 0, S_0x61eab2c1f4b0;
 .timescale -9 -12;
P_0x61eab2c1f990 .param/l "c" 1 4 14, +C4<00>;
L_0x61eab2c36b70 .functor AND 1, L_0x61eab2c36cf0, L_0x61eab2c36d90, C4<1>, C4<1>;
v0x61eab2c1fa70_0 .net *"_ivl_3", 0 0, L_0x61eab2c36cf0;  1 drivers
v0x61eab2c1fb50_0 .net *"_ivl_4", 0 0, L_0x61eab2c36d90;  1 drivers
v0x61eab2c1fc30_0 .net *"_ivl_5", 0 0, L_0x61eab2c36b70;  1 drivers
S_0x61eab2c1fd20 .scope generate, "gen_pp_inner[1]" "gen_pp_inner[1]" 4 14, 4 14 0, S_0x61eab2c1f4b0;
 .timescale -9 -12;
P_0x61eab2c1ff40 .param/l "c" 1 4 14, +C4<01>;
L_0x61eab2c36e30 .functor AND 1, L_0x61eab2c36f70, L_0x61eab2c37010, C4<1>, C4<1>;
v0x61eab2c20000_0 .net *"_ivl_3", 0 0, L_0x61eab2c36f70;  1 drivers
v0x61eab2c200e0_0 .net *"_ivl_4", 0 0, L_0x61eab2c37010;  1 drivers
v0x61eab2c201c0_0 .net *"_ivl_5", 0 0, L_0x61eab2c36e30;  1 drivers
S_0x61eab2c202b0 .scope generate, "gen_pp_inner[2]" "gen_pp_inner[2]" 4 14, 4 14 0, S_0x61eab2c1f4b0;
 .timescale -9 -12;
P_0x61eab2c204e0 .param/l "c" 1 4 14, +C4<010>;
L_0x61eab2c370b0 .functor AND 1, L_0x61eab2c37200, L_0x61eab2c372a0, C4<1>, C4<1>;
v0x61eab2c205a0_0 .net *"_ivl_3", 0 0, L_0x61eab2c37200;  1 drivers
v0x61eab2c20680_0 .net *"_ivl_4", 0 0, L_0x61eab2c372a0;  1 drivers
v0x61eab2c20760_0 .net *"_ivl_5", 0 0, L_0x61eab2c370b0;  1 drivers
S_0x61eab2c20850 .scope generate, "gen_pp_inner[3]" "gen_pp_inner[3]" 4 14, 4 14 0, S_0x61eab2c1f4b0;
 .timescale -9 -12;
P_0x61eab2c20a50 .param/l "c" 1 4 14, +C4<011>;
L_0x61eab2c37340 .functor AND 1, L_0x61eab2c374a0, L_0x61eab2c37540, C4<1>, C4<1>;
v0x61eab2c20b30_0 .net *"_ivl_3", 0 0, L_0x61eab2c374a0;  1 drivers
v0x61eab2c20c10_0 .net *"_ivl_4", 0 0, L_0x61eab2c37540;  1 drivers
v0x61eab2c20cf0_0 .net *"_ivl_5", 0 0, L_0x61eab2c37340;  1 drivers
S_0x61eab2c20de0 .scope generate, "gen_pp_inner[4]" "gen_pp_inner[4]" 4 14, 4 14 0, S_0x61eab2c1f4b0;
 .timescale -9 -12;
P_0x61eab2c21030 .param/l "c" 1 4 14, +C4<0100>;
L_0x61eab2c375e0 .functor AND 1, L_0x61eab2c37700, L_0x61eab2c377a0, C4<1>, C4<1>;
v0x61eab2c21110_0 .net *"_ivl_3", 0 0, L_0x61eab2c37700;  1 drivers
v0x61eab2c211f0_0 .net *"_ivl_4", 0 0, L_0x61eab2c377a0;  1 drivers
v0x61eab2c212d0_0 .net *"_ivl_5", 0 0, L_0x61eab2c375e0;  1 drivers
S_0x61eab2c21390 .scope generate, "gen_pp_inner[5]" "gen_pp_inner[5]" 4 14, 4 14 0, S_0x61eab2c1f4b0;
 .timescale -9 -12;
P_0x61eab2c21590 .param/l "c" 1 4 14, +C4<0101>;
L_0x61eab2c37840 .functor AND 1, L_0x61eab2c37970, L_0x61eab2c37a10, C4<1>, C4<1>;
v0x61eab2c21670_0 .net *"_ivl_3", 0 0, L_0x61eab2c37970;  1 drivers
v0x61eab2c21750_0 .net *"_ivl_4", 0 0, L_0x61eab2c37a10;  1 drivers
v0x61eab2c21830_0 .net *"_ivl_5", 0 0, L_0x61eab2c37840;  1 drivers
S_0x61eab2c21920 .scope generate, "gen_pp_inner[6]" "gen_pp_inner[6]" 4 14, 4 14 0, S_0x61eab2c1f4b0;
 .timescale -9 -12;
P_0x61eab2c21b20 .param/l "c" 1 4 14, +C4<0110>;
L_0x61eab2c37ab0 .functor AND 1, L_0x61eab2c37bf0, L_0x61eab2c37c90, C4<1>, C4<1>;
v0x61eab2c21c00_0 .net *"_ivl_3", 0 0, L_0x61eab2c37bf0;  1 drivers
v0x61eab2c21ce0_0 .net *"_ivl_4", 0 0, L_0x61eab2c37c90;  1 drivers
v0x61eab2c21dc0_0 .net *"_ivl_5", 0 0, L_0x61eab2c37ab0;  1 drivers
S_0x61eab2c21eb0 .scope generate, "gen_pp_inner[7]" "gen_pp_inner[7]" 4 14, 4 14 0, S_0x61eab2c1f4b0;
 .timescale -9 -12;
P_0x61eab2c220b0 .param/l "c" 1 4 14, +C4<0111>;
L_0x61eab2c37f40 .functor AND 1, L_0x61eab2c383b0, L_0x61eab2c38450, C4<1>, C4<1>;
v0x61eab2c22190_0 .net *"_ivl_4", 0 0, L_0x61eab2c383b0;  1 drivers
v0x61eab2c22270_0 .net *"_ivl_5", 0 0, L_0x61eab2c38450;  1 drivers
v0x61eab2c22350_0 .net *"_ivl_6", 0 0, L_0x61eab2c37f40;  1 drivers
LS_0x61eab2c38090_0_0 .concat8 [ 1 1 1 1], L_0x61eab2c36b70, L_0x61eab2c36e30, L_0x61eab2c370b0, L_0x61eab2c37340;
LS_0x61eab2c38090_0_4 .concat8 [ 1 1 1 1], L_0x61eab2c375e0, L_0x61eab2c37840, L_0x61eab2c37ab0, L_0x61eab2c37f40;
L_0x61eab2c38090 .concat8 [ 4 4 0 0], LS_0x61eab2c38090_0_0, LS_0x61eab2c38090_0_4;
S_0x61eab2c22440 .scope generate, "gen_pp[2]" "gen_pp[2]" 4 13, 4 13 0, S_0x61eab2bf7400;
 .timescale -9 -12;
P_0x61eab2c22640 .param/l "r" 1 4 13, +C4<010>;
S_0x61eab2c22720 .scope generate, "gen_pp_inner[0]" "gen_pp_inner[0]" 4 14, 4 14 0, S_0x61eab2c22440;
 .timescale -9 -12;
P_0x61eab2c22920 .param/l "c" 1 4 14, +C4<00>;
L_0x61eab2c384f0 .functor AND 1, L_0x61eab2c386a0, L_0x61eab2c38740, C4<1>, C4<1>;
v0x61eab2c22a00_0 .net *"_ivl_3", 0 0, L_0x61eab2c386a0;  1 drivers
v0x61eab2c22ae0_0 .net *"_ivl_4", 0 0, L_0x61eab2c38740;  1 drivers
v0x61eab2c22bc0_0 .net *"_ivl_5", 0 0, L_0x61eab2c384f0;  1 drivers
S_0x61eab2c22cb0 .scope generate, "gen_pp_inner[1]" "gen_pp_inner[1]" 4 14, 4 14 0, S_0x61eab2c22440;
 .timescale -9 -12;
P_0x61eab2c22ed0 .param/l "c" 1 4 14, +C4<01>;
L_0x61eab2c387e0 .functor AND 1, L_0x61eab2c38900, L_0x61eab2c389a0, C4<1>, C4<1>;
v0x61eab2c22f90_0 .net *"_ivl_3", 0 0, L_0x61eab2c38900;  1 drivers
v0x61eab2c23070_0 .net *"_ivl_4", 0 0, L_0x61eab2c389a0;  1 drivers
v0x61eab2c23150_0 .net *"_ivl_5", 0 0, L_0x61eab2c387e0;  1 drivers
S_0x61eab2c23240 .scope generate, "gen_pp_inner[2]" "gen_pp_inner[2]" 4 14, 4 14 0, S_0x61eab2c22440;
 .timescale -9 -12;
P_0x61eab2c23470 .param/l "c" 1 4 14, +C4<010>;
L_0x61eab2c38a40 .functor AND 1, L_0x61eab2c38b70, L_0x61eab2c38c10, C4<1>, C4<1>;
v0x61eab2c23530_0 .net *"_ivl_3", 0 0, L_0x61eab2c38b70;  1 drivers
v0x61eab2c23610_0 .net *"_ivl_4", 0 0, L_0x61eab2c38c10;  1 drivers
v0x61eab2c236f0_0 .net *"_ivl_5", 0 0, L_0x61eab2c38a40;  1 drivers
S_0x61eab2c237e0 .scope generate, "gen_pp_inner[3]" "gen_pp_inner[3]" 4 14, 4 14 0, S_0x61eab2c22440;
 .timescale -9 -12;
P_0x61eab2c239e0 .param/l "c" 1 4 14, +C4<011>;
L_0x61eab2c38cb0 .functor AND 1, L_0x61eab2c38df0, L_0x61eab2c38e90, C4<1>, C4<1>;
v0x61eab2c23ac0_0 .net *"_ivl_3", 0 0, L_0x61eab2c38df0;  1 drivers
v0x61eab2c23ba0_0 .net *"_ivl_4", 0 0, L_0x61eab2c38e90;  1 drivers
v0x61eab2c23c80_0 .net *"_ivl_5", 0 0, L_0x61eab2c38cb0;  1 drivers
S_0x61eab2c23d70 .scope generate, "gen_pp_inner[4]" "gen_pp_inner[4]" 4 14, 4 14 0, S_0x61eab2c22440;
 .timescale -9 -12;
P_0x61eab2c23fc0 .param/l "c" 1 4 14, +C4<0100>;
L_0x61eab2c38f30 .functor AND 1, L_0x61eab2c39080, L_0x61eab2c39120, C4<1>, C4<1>;
v0x61eab2c240a0_0 .net *"_ivl_3", 0 0, L_0x61eab2c39080;  1 drivers
v0x61eab2c24180_0 .net *"_ivl_4", 0 0, L_0x61eab2c39120;  1 drivers
v0x61eab2c24260_0 .net *"_ivl_5", 0 0, L_0x61eab2c38f30;  1 drivers
S_0x61eab2c24320 .scope generate, "gen_pp_inner[5]" "gen_pp_inner[5]" 4 14, 4 14 0, S_0x61eab2c22440;
 .timescale -9 -12;
P_0x61eab2c24520 .param/l "c" 1 4 14, +C4<0101>;
L_0x61eab2c391c0 .functor AND 1, L_0x61eab2c39320, L_0x61eab2c393c0, C4<1>, C4<1>;
v0x61eab2c24600_0 .net *"_ivl_3", 0 0, L_0x61eab2c39320;  1 drivers
v0x61eab2c246e0_0 .net *"_ivl_4", 0 0, L_0x61eab2c393c0;  1 drivers
v0x61eab2c247c0_0 .net *"_ivl_5", 0 0, L_0x61eab2c391c0;  1 drivers
S_0x61eab2c248b0 .scope generate, "gen_pp_inner[6]" "gen_pp_inner[6]" 4 14, 4 14 0, S_0x61eab2c22440;
 .timescale -9 -12;
P_0x61eab2c24ab0 .param/l "c" 1 4 14, +C4<0110>;
L_0x61eab2c39460 .functor AND 1, L_0x61eab2c395d0, L_0x61eab2c39670, C4<1>, C4<1>;
v0x61eab2c24b90_0 .net *"_ivl_3", 0 0, L_0x61eab2c395d0;  1 drivers
v0x61eab2c24c70_0 .net *"_ivl_4", 0 0, L_0x61eab2c39670;  1 drivers
v0x61eab2c24d50_0 .net *"_ivl_5", 0 0, L_0x61eab2c39460;  1 drivers
S_0x61eab2c24e40 .scope generate, "gen_pp_inner[7]" "gen_pp_inner[7]" 4 14, 4 14 0, S_0x61eab2c22440;
 .timescale -9 -12;
P_0x61eab2c25040 .param/l "c" 1 4 14, +C4<0111>;
L_0x61eab2c39710 .functor AND 1, L_0x61eab2c39b10, L_0x61eab2c39bb0, C4<1>, C4<1>;
v0x61eab2c25120_0 .net *"_ivl_4", 0 0, L_0x61eab2c39b10;  1 drivers
v0x61eab2c25200_0 .net *"_ivl_5", 0 0, L_0x61eab2c39bb0;  1 drivers
v0x61eab2c252e0_0 .net *"_ivl_6", 0 0, L_0x61eab2c39710;  1 drivers
LS_0x61eab2c39520_0_0 .concat8 [ 1 1 1 1], L_0x61eab2c384f0, L_0x61eab2c387e0, L_0x61eab2c38a40, L_0x61eab2c38cb0;
LS_0x61eab2c39520_0_4 .concat8 [ 1 1 1 1], L_0x61eab2c38f30, L_0x61eab2c391c0, L_0x61eab2c39460, L_0x61eab2c39710;
L_0x61eab2c39520 .concat8 [ 4 4 0 0], LS_0x61eab2c39520_0_0, LS_0x61eab2c39520_0_4;
S_0x61eab2c253d0 .scope generate, "gen_pp[3]" "gen_pp[3]" 4 13, 4 13 0, S_0x61eab2bf7400;
 .timescale -9 -12;
P_0x61eab2c255d0 .param/l "r" 1 4 13, +C4<011>;
S_0x61eab2c256b0 .scope generate, "gen_pp_inner[0]" "gen_pp_inner[0]" 4 14, 4 14 0, S_0x61eab2c253d0;
 .timescale -9 -12;
P_0x61eab2c258b0 .param/l "c" 1 4 14, +C4<00>;
L_0x61eab2c39c50 .functor AND 1, L_0x61eab2c39de0, L_0x61eab2c39e80, C4<1>, C4<1>;
v0x61eab2c25990_0 .net *"_ivl_3", 0 0, L_0x61eab2c39de0;  1 drivers
v0x61eab2c25a70_0 .net *"_ivl_4", 0 0, L_0x61eab2c39e80;  1 drivers
v0x61eab2c25b50_0 .net *"_ivl_5", 0 0, L_0x61eab2c39c50;  1 drivers
S_0x61eab2c25c40 .scope generate, "gen_pp_inner[1]" "gen_pp_inner[1]" 4 14, 4 14 0, S_0x61eab2c253d0;
 .timescale -9 -12;
P_0x61eab2c25e60 .param/l "c" 1 4 14, +C4<01>;
L_0x61eab2c39d60 .functor AND 1, L_0x61eab2c3a0c0, L_0x61eab2c3a160, C4<1>, C4<1>;
v0x61eab2c25f20_0 .net *"_ivl_3", 0 0, L_0x61eab2c3a0c0;  1 drivers
v0x61eab2c26000_0 .net *"_ivl_4", 0 0, L_0x61eab2c3a160;  1 drivers
v0x61eab2c260e0_0 .net *"_ivl_5", 0 0, L_0x61eab2c39d60;  1 drivers
S_0x61eab2c261d0 .scope generate, "gen_pp_inner[2]" "gen_pp_inner[2]" 4 14, 4 14 0, S_0x61eab2c253d0;
 .timescale -9 -12;
P_0x61eab2c26400 .param/l "c" 1 4 14, +C4<010>;
L_0x61eab2c3a200 .functor AND 1, L_0x61eab2c39fc0, L_0x61eab2c3a3b0, C4<1>, C4<1>;
v0x61eab2c264c0_0 .net *"_ivl_3", 0 0, L_0x61eab2c39fc0;  1 drivers
v0x61eab2c265a0_0 .net *"_ivl_4", 0 0, L_0x61eab2c3a3b0;  1 drivers
v0x61eab2c26680_0 .net *"_ivl_5", 0 0, L_0x61eab2c3a200;  1 drivers
S_0x61eab2c26770 .scope generate, "gen_pp_inner[3]" "gen_pp_inner[3]" 4 14, 4 14 0, S_0x61eab2c253d0;
 .timescale -9 -12;
P_0x61eab2c26970 .param/l "c" 1 4 14, +C4<011>;
L_0x61eab2c3a450 .functor AND 1, L_0x61eab2c3a310, L_0x61eab2c3a610, C4<1>, C4<1>;
v0x61eab2c26a50_0 .net *"_ivl_3", 0 0, L_0x61eab2c3a310;  1 drivers
v0x61eab2c26b30_0 .net *"_ivl_4", 0 0, L_0x61eab2c3a610;  1 drivers
v0x61eab2c26c10_0 .net *"_ivl_5", 0 0, L_0x61eab2c3a450;  1 drivers
S_0x61eab2c26d00 .scope generate, "gen_pp_inner[4]" "gen_pp_inner[4]" 4 14, 4 14 0, S_0x61eab2c253d0;
 .timescale -9 -12;
P_0x61eab2c26f50 .param/l "c" 1 4 14, +C4<0100>;
L_0x61eab2c3a6b0 .functor AND 1, L_0x61eab2c3a560, L_0x61eab2c3a880, C4<1>, C4<1>;
v0x61eab2c27030_0 .net *"_ivl_3", 0 0, L_0x61eab2c3a560;  1 drivers
v0x61eab2c27110_0 .net *"_ivl_4", 0 0, L_0x61eab2c3a880;  1 drivers
v0x61eab2c271f0_0 .net *"_ivl_5", 0 0, L_0x61eab2c3a6b0;  1 drivers
S_0x61eab2c272b0 .scope generate, "gen_pp_inner[5]" "gen_pp_inner[5]" 4 14, 4 14 0, S_0x61eab2c253d0;
 .timescale -9 -12;
P_0x61eab2c274b0 .param/l "c" 1 4 14, +C4<0101>;
L_0x61eab2c3a920 .functor AND 1, L_0x61eab2c3a7c0, L_0x61eab2c3ab00, C4<1>, C4<1>;
v0x61eab2c27590_0 .net *"_ivl_3", 0 0, L_0x61eab2c3a7c0;  1 drivers
v0x61eab2c27670_0 .net *"_ivl_4", 0 0, L_0x61eab2c3ab00;  1 drivers
v0x61eab2c27750_0 .net *"_ivl_5", 0 0, L_0x61eab2c3a920;  1 drivers
S_0x61eab2c27840 .scope generate, "gen_pp_inner[6]" "gen_pp_inner[6]" 4 14, 4 14 0, S_0x61eab2c253d0;
 .timescale -9 -12;
P_0x61eab2c27a40 .param/l "c" 1 4 14, +C4<0110>;
L_0x61eab2c3aba0 .functor AND 1, L_0x61eab2c3aa30, L_0x61eab2c3b1a0, C4<1>, C4<1>;
v0x61eab2c27b20_0 .net *"_ivl_3", 0 0, L_0x61eab2c3aa30;  1 drivers
v0x61eab2c27c00_0 .net *"_ivl_4", 0 0, L_0x61eab2c3b1a0;  1 drivers
v0x61eab2c27ce0_0 .net *"_ivl_5", 0 0, L_0x61eab2c3aba0;  1 drivers
S_0x61eab2c27dd0 .scope generate, "gen_pp_inner[7]" "gen_pp_inner[7]" 4 14, 4 14 0, S_0x61eab2c253d0;
 .timescale -9 -12;
P_0x61eab2c27fd0 .param/l "c" 1 4 14, +C4<0111>;
L_0x61eab2c3b650 .functor AND 1, L_0x61eab2c3ba80, L_0x61eab2c3bb20, C4<1>, C4<1>;
v0x61eab2c280b0_0 .net *"_ivl_4", 0 0, L_0x61eab2c3ba80;  1 drivers
v0x61eab2c28190_0 .net *"_ivl_5", 0 0, L_0x61eab2c3bb20;  1 drivers
v0x61eab2c28270_0 .net *"_ivl_6", 0 0, L_0x61eab2c3b650;  1 drivers
LS_0x61eab2c3acb0_0_0 .concat8 [ 1 1 1 1], L_0x61eab2c39c50, L_0x61eab2c39d60, L_0x61eab2c3a200, L_0x61eab2c3a450;
LS_0x61eab2c3acb0_0_4 .concat8 [ 1 1 1 1], L_0x61eab2c3a6b0, L_0x61eab2c3a920, L_0x61eab2c3aba0, L_0x61eab2c3b650;
L_0x61eab2c3acb0 .concat8 [ 4 4 0 0], LS_0x61eab2c3acb0_0_0, LS_0x61eab2c3acb0_0_4;
S_0x61eab2c28360 .scope generate, "gen_pp[4]" "gen_pp[4]" 4 13, 4 13 0, S_0x61eab2bf7400;
 .timescale -9 -12;
P_0x61eab2c28560 .param/l "r" 1 4 13, +C4<0100>;
S_0x61eab2c28640 .scope generate, "gen_pp_inner[0]" "gen_pp_inner[0]" 4 14, 4 14 0, S_0x61eab2c28360;
 .timescale -9 -12;
P_0x61eab2c28840 .param/l "c" 1 4 14, +C4<00>;
L_0x61eab2c3bbc0 .functor AND 1, L_0x61eab2c3b7b0, L_0x61eab2c3bdd0, C4<1>, C4<1>;
v0x61eab2c28920_0 .net *"_ivl_3", 0 0, L_0x61eab2c3b7b0;  1 drivers
v0x61eab2c28a00_0 .net *"_ivl_4", 0 0, L_0x61eab2c3bdd0;  1 drivers
v0x61eab2c28ae0_0 .net *"_ivl_5", 0 0, L_0x61eab2c3bbc0;  1 drivers
S_0x61eab2c28bd0 .scope generate, "gen_pp_inner[1]" "gen_pp_inner[1]" 4 14, 4 14 0, S_0x61eab2c28360;
 .timescale -9 -12;
P_0x61eab2c28df0 .param/l "c" 1 4 14, +C4<01>;
L_0x61eab2c3be70 .functor AND 1, L_0x61eab2c3bcd0, L_0x61eab2c3c090, C4<1>, C4<1>;
v0x61eab2c28eb0_0 .net *"_ivl_3", 0 0, L_0x61eab2c3bcd0;  1 drivers
v0x61eab2c28f90_0 .net *"_ivl_4", 0 0, L_0x61eab2c3c090;  1 drivers
v0x61eab2c29070_0 .net *"_ivl_5", 0 0, L_0x61eab2c3be70;  1 drivers
S_0x61eab2c29160 .scope generate, "gen_pp_inner[2]" "gen_pp_inner[2]" 4 14, 4 14 0, S_0x61eab2c28360;
 .timescale -9 -12;
P_0x61eab2c29390 .param/l "c" 1 4 14, +C4<010>;
L_0x61eab2c3c020 .functor AND 1, L_0x61eab2c3bf80, L_0x61eab2c3c360, C4<1>, C4<1>;
v0x61eab2c29450_0 .net *"_ivl_3", 0 0, L_0x61eab2c3bf80;  1 drivers
v0x61eab2c29530_0 .net *"_ivl_4", 0 0, L_0x61eab2c3c360;  1 drivers
v0x61eab2c29610_0 .net *"_ivl_5", 0 0, L_0x61eab2c3c020;  1 drivers
S_0x61eab2c29700 .scope generate, "gen_pp_inner[3]" "gen_pp_inner[3]" 4 14, 4 14 0, S_0x61eab2c28360;
 .timescale -9 -12;
P_0x61eab2c29900 .param/l "c" 1 4 14, +C4<011>;
L_0x61eab2c3c2c0 .functor AND 1, L_0x61eab2c3c180, L_0x61eab2c3c220, C4<1>, C4<1>;
v0x61eab2c299e0_0 .net *"_ivl_3", 0 0, L_0x61eab2c3c180;  1 drivers
v0x61eab2c29ac0_0 .net *"_ivl_4", 0 0, L_0x61eab2c3c220;  1 drivers
v0x61eab2c29ba0_0 .net *"_ivl_5", 0 0, L_0x61eab2c3c2c0;  1 drivers
S_0x61eab2c29c90 .scope generate, "gen_pp_inner[4]" "gen_pp_inner[4]" 4 14, 4 14 0, S_0x61eab2c28360;
 .timescale -9 -12;
P_0x61eab2c29ee0 .param/l "c" 1 4 14, +C4<0100>;
L_0x61eab2c3c400 .functor AND 1, L_0x61eab2c3c6f0, L_0x61eab2c3c790, C4<1>, C4<1>;
v0x61eab2c29fc0_0 .net *"_ivl_3", 0 0, L_0x61eab2c3c6f0;  1 drivers
v0x61eab2c2a0a0_0 .net *"_ivl_4", 0 0, L_0x61eab2c3c790;  1 drivers
v0x61eab2c2a180_0 .net *"_ivl_5", 0 0, L_0x61eab2c3c400;  1 drivers
S_0x61eab2c2a240 .scope generate, "gen_pp_inner[5]" "gen_pp_inner[5]" 4 14, 4 14 0, S_0x61eab2c28360;
 .timescale -9 -12;
P_0x61eab2c2a440 .param/l "c" 1 4 14, +C4<0101>;
L_0x61eab2c3caa0 .functor AND 1, L_0x61eab2c3c510, L_0x61eab2c3c5b0, C4<1>, C4<1>;
v0x61eab2c2a520_0 .net *"_ivl_3", 0 0, L_0x61eab2c3c510;  1 drivers
v0x61eab2c2a600_0 .net *"_ivl_4", 0 0, L_0x61eab2c3c5b0;  1 drivers
v0x61eab2c2a6e0_0 .net *"_ivl_5", 0 0, L_0x61eab2c3caa0;  1 drivers
S_0x61eab2c2a7d0 .scope generate, "gen_pp_inner[6]" "gen_pp_inner[6]" 4 14, 4 14 0, S_0x61eab2c28360;
 .timescale -9 -12;
P_0x61eab2c2a9d0 .param/l "c" 1 4 14, +C4<0110>;
L_0x61eab2c3c830 .functor AND 1, L_0x61eab2c3cbb0, L_0x61eab2c3cc50, C4<1>, C4<1>;
v0x61eab2c2aab0_0 .net *"_ivl_3", 0 0, L_0x61eab2c3cbb0;  1 drivers
v0x61eab2c2ab90_0 .net *"_ivl_4", 0 0, L_0x61eab2c3cc50;  1 drivers
v0x61eab2c2ac70_0 .net *"_ivl_5", 0 0, L_0x61eab2c3c830;  1 drivers
S_0x61eab2c2ad60 .scope generate, "gen_pp_inner[7]" "gen_pp_inner[7]" 4 14, 4 14 0, S_0x61eab2c28360;
 .timescale -9 -12;
P_0x61eab2c2af60 .param/l "c" 1 4 14, +C4<0111>;
L_0x61eab2c3ccf0 .functor AND 1, L_0x61eab2c3d150, L_0x61eab2c3d1f0, C4<1>, C4<1>;
v0x61eab2c2b040_0 .net *"_ivl_4", 0 0, L_0x61eab2c3d150;  1 drivers
v0x61eab2c2b120_0 .net *"_ivl_5", 0 0, L_0x61eab2c3d1f0;  1 drivers
v0x61eab2c2b200_0 .net *"_ivl_6", 0 0, L_0x61eab2c3ccf0;  1 drivers
LS_0x61eab2c3c940_0_0 .concat8 [ 1 1 1 1], L_0x61eab2c3bbc0, L_0x61eab2c3be70, L_0x61eab2c3c020, L_0x61eab2c3c2c0;
LS_0x61eab2c3c940_0_4 .concat8 [ 1 1 1 1], L_0x61eab2c3c400, L_0x61eab2c3caa0, L_0x61eab2c3c830, L_0x61eab2c3ccf0;
L_0x61eab2c3c940 .concat8 [ 4 4 0 0], LS_0x61eab2c3c940_0_0, LS_0x61eab2c3c940_0_4;
S_0x61eab2c2b2f0 .scope generate, "gen_pp[5]" "gen_pp[5]" 4 13, 4 13 0, S_0x61eab2bf7400;
 .timescale -9 -12;
P_0x61eab2c2b4f0 .param/l "r" 1 4 13, +C4<0101>;
S_0x61eab2c2b5d0 .scope generate, "gen_pp_inner[0]" "gen_pp_inner[0]" 4 14, 4 14 0, S_0x61eab2c2b2f0;
 .timescale -9 -12;
P_0x61eab2c2b7d0 .param/l "c" 1 4 14, +C4<00>;
L_0x61eab2c3cef0 .functor AND 1, L_0x61eab2c3ce50, L_0x61eab2c3d520, C4<1>, C4<1>;
v0x61eab2c2b8b0_0 .net *"_ivl_3", 0 0, L_0x61eab2c3ce50;  1 drivers
v0x61eab2c2b990_0 .net *"_ivl_4", 0 0, L_0x61eab2c3d520;  1 drivers
v0x61eab2c2ba70_0 .net *"_ivl_5", 0 0, L_0x61eab2c3cef0;  1 drivers
S_0x61eab2c2bb60 .scope generate, "gen_pp_inner[1]" "gen_pp_inner[1]" 4 14, 4 14 0, S_0x61eab2c2b2f0;
 .timescale -9 -12;
P_0x61eab2c2bd80 .param/l "c" 1 4 14, +C4<01>;
L_0x61eab2c3d470 .functor AND 1, L_0x61eab2c3d330, L_0x61eab2c3d3d0, C4<1>, C4<1>;
v0x61eab2c2be40_0 .net *"_ivl_3", 0 0, L_0x61eab2c3d330;  1 drivers
v0x61eab2c2bf20_0 .net *"_ivl_4", 0 0, L_0x61eab2c3d3d0;  1 drivers
v0x61eab2c2c000_0 .net *"_ivl_5", 0 0, L_0x61eab2c3d470;  1 drivers
S_0x61eab2c2c0f0 .scope generate, "gen_pp_inner[2]" "gen_pp_inner[2]" 4 14, 4 14 0, S_0x61eab2c2b2f0;
 .timescale -9 -12;
P_0x61eab2c2c320 .param/l "c" 1 4 14, +C4<010>;
L_0x61eab2c3d5c0 .functor AND 1, L_0x61eab2c3d910, L_0x61eab2c3d9b0, C4<1>, C4<1>;
v0x61eab2c2c3e0_0 .net *"_ivl_3", 0 0, L_0x61eab2c3d910;  1 drivers
v0x61eab2c2c4c0_0 .net *"_ivl_4", 0 0, L_0x61eab2c3d9b0;  1 drivers
v0x61eab2c2c5a0_0 .net *"_ivl_5", 0 0, L_0x61eab2c3d5c0;  1 drivers
S_0x61eab2c2c690 .scope generate, "gen_pp_inner[3]" "gen_pp_inner[3]" 4 14, 4 14 0, S_0x61eab2c2b2f0;
 .timescale -9 -12;
P_0x61eab2c2c890 .param/l "c" 1 4 14, +C4<011>;
L_0x61eab2c3dd20 .functor AND 1, L_0x61eab2c3d6d0, L_0x61eab2c3d770, C4<1>, C4<1>;
v0x61eab2c2c970_0 .net *"_ivl_3", 0 0, L_0x61eab2c3d6d0;  1 drivers
v0x61eab2c2ca50_0 .net *"_ivl_4", 0 0, L_0x61eab2c3d770;  1 drivers
v0x61eab2c2cb30_0 .net *"_ivl_5", 0 0, L_0x61eab2c3dd20;  1 drivers
S_0x61eab2c2cc20 .scope generate, "gen_pp_inner[4]" "gen_pp_inner[4]" 4 14, 4 14 0, S_0x61eab2c2b2f0;
 .timescale -9 -12;
P_0x61eab2c2ce70 .param/l "c" 1 4 14, +C4<0100>;
L_0x61eab2c3da50 .functor AND 1, L_0x61eab2c3dde0, L_0x61eab2c3de80, C4<1>, C4<1>;
v0x61eab2c2cf50_0 .net *"_ivl_3", 0 0, L_0x61eab2c3dde0;  1 drivers
v0x61eab2c2d030_0 .net *"_ivl_4", 0 0, L_0x61eab2c3de80;  1 drivers
v0x61eab2c2d110_0 .net *"_ivl_5", 0 0, L_0x61eab2c3da50;  1 drivers
S_0x61eab2c2d1d0 .scope generate, "gen_pp_inner[5]" "gen_pp_inner[5]" 4 14, 4 14 0, S_0x61eab2c2b2f0;
 .timescale -9 -12;
P_0x61eab2c2d3d0 .param/l "c" 1 4 14, +C4<0101>;
L_0x61eab2c3dca0 .functor AND 1, L_0x61eab2c3db60, L_0x61eab2c3dc00, C4<1>, C4<1>;
v0x61eab2c2d4b0_0 .net *"_ivl_3", 0 0, L_0x61eab2c3db60;  1 drivers
v0x61eab2c2d590_0 .net *"_ivl_4", 0 0, L_0x61eab2c3dc00;  1 drivers
v0x61eab2c2d670_0 .net *"_ivl_5", 0 0, L_0x61eab2c3dca0;  1 drivers
S_0x61eab2c2d760 .scope generate, "gen_pp_inner[6]" "gen_pp_inner[6]" 4 14, 4 14 0, S_0x61eab2c2b2f0;
 .timescale -9 -12;
P_0x61eab2c2d960 .param/l "c" 1 4 14, +C4<0110>;
L_0x61eab2c3df20 .functor AND 1, L_0x61eab2c3e2b0, L_0x61eab2c3e350, C4<1>, C4<1>;
v0x61eab2c2da40_0 .net *"_ivl_3", 0 0, L_0x61eab2c3e2b0;  1 drivers
v0x61eab2c2db20_0 .net *"_ivl_4", 0 0, L_0x61eab2c3e350;  1 drivers
v0x61eab2c2dc00_0 .net *"_ivl_5", 0 0, L_0x61eab2c3df20;  1 drivers
S_0x61eab2c2dcf0 .scope generate, "gen_pp_inner[7]" "gen_pp_inner[7]" 4 14, 4 14 0, S_0x61eab2c2b2f0;
 .timescale -9 -12;
P_0x61eab2c2def0 .param/l "c" 1 4 14, +C4<0111>;
L_0x61eab2c3e3f0 .functor AND 1, L_0x61eab2c3e880, L_0x61eab2c3e920, C4<1>, C4<1>;
v0x61eab2c2dfd0_0 .net *"_ivl_4", 0 0, L_0x61eab2c3e880;  1 drivers
v0x61eab2c2e0b0_0 .net *"_ivl_5", 0 0, L_0x61eab2c3e920;  1 drivers
v0x61eab2c2e190_0 .net *"_ivl_6", 0 0, L_0x61eab2c3e3f0;  1 drivers
LS_0x61eab2c3e060_0_0 .concat8 [ 1 1 1 1], L_0x61eab2c3cef0, L_0x61eab2c3d470, L_0x61eab2c3d5c0, L_0x61eab2c3dd20;
LS_0x61eab2c3e060_0_4 .concat8 [ 1 1 1 1], L_0x61eab2c3da50, L_0x61eab2c3dca0, L_0x61eab2c3df20, L_0x61eab2c3e3f0;
L_0x61eab2c3e060 .concat8 [ 4 4 0 0], LS_0x61eab2c3e060_0_0, LS_0x61eab2c3e060_0_4;
S_0x61eab2c2e280 .scope generate, "gen_pp[6]" "gen_pp[6]" 4 13, 4 13 0, S_0x61eab2bf7400;
 .timescale -9 -12;
P_0x61eab2c2e480 .param/l "r" 1 4 13, +C4<0110>;
S_0x61eab2c2e560 .scope generate, "gen_pp_inner[0]" "gen_pp_inner[0]" 4 14, 4 14 0, S_0x61eab2c2e280;
 .timescale -9 -12;
P_0x61eab2c2e760 .param/l "c" 1 4 14, +C4<00>;
L_0x61eab2c3ece0 .functor AND 1, L_0x61eab2c3e550, L_0x61eab2c3e5f0, C4<1>, C4<1>;
v0x61eab2c2e840_0 .net *"_ivl_3", 0 0, L_0x61eab2c3e550;  1 drivers
v0x61eab2c2e920_0 .net *"_ivl_4", 0 0, L_0x61eab2c3e5f0;  1 drivers
v0x61eab2c2ea00_0 .net *"_ivl_5", 0 0, L_0x61eab2c3ece0;  1 drivers
S_0x61eab2c2eaf0 .scope generate, "gen_pp_inner[1]" "gen_pp_inner[1]" 4 14, 4 14 0, S_0x61eab2c2e280;
 .timescale -9 -12;
P_0x61eab2c2ed10 .param/l "c" 1 4 14, +C4<01>;
L_0x61eab2c3e9c0 .functor AND 1, L_0x61eab2c3eda0, L_0x61eab2c3ee40, C4<1>, C4<1>;
v0x61eab2c2edd0_0 .net *"_ivl_3", 0 0, L_0x61eab2c3eda0;  1 drivers
v0x61eab2c2eeb0_0 .net *"_ivl_4", 0 0, L_0x61eab2c3ee40;  1 drivers
v0x61eab2c2ef90_0 .net *"_ivl_5", 0 0, L_0x61eab2c3e9c0;  1 drivers
S_0x61eab2c2f080 .scope generate, "gen_pp_inner[2]" "gen_pp_inner[2]" 4 14, 4 14 0, S_0x61eab2c2e280;
 .timescale -9 -12;
P_0x61eab2c2f2b0 .param/l "c" 1 4 14, +C4<010>;
L_0x61eab2c3ec10 .functor AND 1, L_0x61eab2c3ead0, L_0x61eab2c3eb70, C4<1>, C4<1>;
v0x61eab2c2f370_0 .net *"_ivl_3", 0 0, L_0x61eab2c3ead0;  1 drivers
v0x61eab2c2f450_0 .net *"_ivl_4", 0 0, L_0x61eab2c3eb70;  1 drivers
v0x61eab2c2f530_0 .net *"_ivl_5", 0 0, L_0x61eab2c3ec10;  1 drivers
S_0x61eab2c2f620 .scope generate, "gen_pp_inner[3]" "gen_pp_inner[3]" 4 14, 4 14 0, S_0x61eab2c2e280;
 .timescale -9 -12;
P_0x61eab2c2f820 .param/l "c" 1 4 14, +C4<011>;
L_0x61eab2c3eee0 .functor AND 1, L_0x61eab2c3f270, L_0x61eab2c3f310, C4<1>, C4<1>;
v0x61eab2c2f900_0 .net *"_ivl_3", 0 0, L_0x61eab2c3f270;  1 drivers
v0x61eab2c2f9e0_0 .net *"_ivl_4", 0 0, L_0x61eab2c3f310;  1 drivers
v0x61eab2c2fac0_0 .net *"_ivl_5", 0 0, L_0x61eab2c3eee0;  1 drivers
S_0x61eab2c2fbb0 .scope generate, "gen_pp_inner[4]" "gen_pp_inner[4]" 4 14, 4 14 0, S_0x61eab2c2e280;
 .timescale -9 -12;
P_0x61eab2c2fe00 .param/l "c" 1 4 14, +C4<0100>;
L_0x61eab2c3f130 .functor AND 1, L_0x61eab2c3eff0, L_0x61eab2c3f090, C4<1>, C4<1>;
v0x61eab2c2fee0_0 .net *"_ivl_3", 0 0, L_0x61eab2c3eff0;  1 drivers
v0x61eab2c2ffc0_0 .net *"_ivl_4", 0 0, L_0x61eab2c3f090;  1 drivers
v0x61eab2c300a0_0 .net *"_ivl_5", 0 0, L_0x61eab2c3f130;  1 drivers
S_0x61eab2c30160 .scope generate, "gen_pp_inner[5]" "gen_pp_inner[5]" 4 14, 4 14 0, S_0x61eab2c2e280;
 .timescale -9 -12;
P_0x61eab2c30360 .param/l "c" 1 4 14, +C4<0101>;
L_0x61eab2c3f3b0 .functor AND 1, L_0x61eab2c3f760, L_0x61eab2c3f800, C4<1>, C4<1>;
v0x61eab2c30440_0 .net *"_ivl_3", 0 0, L_0x61eab2c3f760;  1 drivers
v0x61eab2c30520_0 .net *"_ivl_4", 0 0, L_0x61eab2c3f800;  1 drivers
v0x61eab2c30600_0 .net *"_ivl_5", 0 0, L_0x61eab2c3f3b0;  1 drivers
S_0x61eab2c306f0 .scope generate, "gen_pp_inner[6]" "gen_pp_inner[6]" 4 14, 4 14 0, S_0x61eab2c2e280;
 .timescale -9 -12;
P_0x61eab2c308f0 .param/l "c" 1 4 14, +C4<0110>;
L_0x61eab2c3f600 .functor AND 1, L_0x61eab2c3f4c0, L_0x61eab2c3f560, C4<1>, C4<1>;
v0x61eab2c309d0_0 .net *"_ivl_3", 0 0, L_0x61eab2c3f4c0;  1 drivers
v0x61eab2c30ab0_0 .net *"_ivl_4", 0 0, L_0x61eab2c3f560;  1 drivers
v0x61eab2c30b90_0 .net *"_ivl_5", 0 0, L_0x61eab2c3f600;  1 drivers
S_0x61eab2c30c80 .scope generate, "gen_pp_inner[7]" "gen_pp_inner[7]" 4 14, 4 14 0, S_0x61eab2c2e280;
 .timescale -9 -12;
P_0x61eab2c30e80 .param/l "c" 1 4 14, +C4<0111>;
L_0x61eab2c3f8a0 .functor AND 1, L_0x61eab2c3ff40, L_0x61eab2c3ffe0, C4<1>, C4<1>;
v0x61eab2c30f60_0 .net *"_ivl_4", 0 0, L_0x61eab2c3ff40;  1 drivers
v0x61eab2c31040_0 .net *"_ivl_5", 0 0, L_0x61eab2c3ffe0;  1 drivers
v0x61eab2c31120_0 .net *"_ivl_6", 0 0, L_0x61eab2c3f8a0;  1 drivers
LS_0x61eab2c3fc20_0_0 .concat8 [ 1 1 1 1], L_0x61eab2c3ece0, L_0x61eab2c3e9c0, L_0x61eab2c3ec10, L_0x61eab2c3eee0;
LS_0x61eab2c3fc20_0_4 .concat8 [ 1 1 1 1], L_0x61eab2c3f130, L_0x61eab2c3f3b0, L_0x61eab2c3f600, L_0x61eab2c3f8a0;
L_0x61eab2c3fc20 .concat8 [ 4 4 0 0], LS_0x61eab2c3fc20_0_0, LS_0x61eab2c3fc20_0_4;
S_0x61eab2c31210 .scope generate, "gen_pp[7]" "gen_pp[7]" 4 13, 4 13 0, S_0x61eab2bf7400;
 .timescale -9 -12;
P_0x61eab2c31410 .param/l "r" 1 4 13, +C4<0111>;
S_0x61eab2c314f0 .scope generate, "gen_pp_inner[0]" "gen_pp_inner[0]" 4 14, 4 14 0, S_0x61eab2c31210;
 .timescale -9 -12;
P_0x61eab2c316f0 .param/l "c" 1 4 14, +C4<00>;
L_0x61eab2c3fb40 .functor AND 1, L_0x61eab2c3fa00, L_0x61eab2c3faa0, C4<1>, C4<1>;
v0x61eab2c317d0_0 .net *"_ivl_3", 0 0, L_0x61eab2c3fa00;  1 drivers
v0x61eab2c318b0_0 .net *"_ivl_4", 0 0, L_0x61eab2c3faa0;  1 drivers
v0x61eab2c31990_0 .net *"_ivl_5", 0 0, L_0x61eab2c3fb40;  1 drivers
S_0x61eab2c31a80 .scope generate, "gen_pp_inner[1]" "gen_pp_inner[1]" 4 14, 4 14 0, S_0x61eab2c31210;
 .timescale -9 -12;
P_0x61eab2c31ca0 .param/l "c" 1 4 14, +C4<01>;
L_0x61eab2c40080 .functor AND 1, L_0x61eab2c40470, L_0x61eab2c40510, C4<1>, C4<1>;
v0x61eab2c31d60_0 .net *"_ivl_3", 0 0, L_0x61eab2c40470;  1 drivers
v0x61eab2c31e40_0 .net *"_ivl_4", 0 0, L_0x61eab2c40510;  1 drivers
v0x61eab2c31f20_0 .net *"_ivl_5", 0 0, L_0x61eab2c40080;  1 drivers
S_0x61eab2c32010 .scope generate, "gen_pp_inner[2]" "gen_pp_inner[2]" 4 14, 4 14 0, S_0x61eab2c31210;
 .timescale -9 -12;
P_0x61eab2c32240 .param/l "c" 1 4 14, +C4<010>;
L_0x61eab2c402d0 .functor AND 1, L_0x61eab2c40190, L_0x61eab2c40230, C4<1>, C4<1>;
v0x61eab2c32300_0 .net *"_ivl_3", 0 0, L_0x61eab2c40190;  1 drivers
v0x61eab2c323e0_0 .net *"_ivl_4", 0 0, L_0x61eab2c40230;  1 drivers
v0x61eab2c324c0_0 .net *"_ivl_5", 0 0, L_0x61eab2c402d0;  1 drivers
S_0x61eab2c325b0 .scope generate, "gen_pp_inner[3]" "gen_pp_inner[3]" 4 14, 4 14 0, S_0x61eab2c31210;
 .timescale -9 -12;
P_0x61eab2c327b0 .param/l "c" 1 4 14, +C4<011>;
L_0x61eab2c405b0 .functor AND 1, L_0x61eab2c40970, L_0x61eab2c40a10, C4<1>, C4<1>;
v0x61eab2c32890_0 .net *"_ivl_3", 0 0, L_0x61eab2c40970;  1 drivers
v0x61eab2c32970_0 .net *"_ivl_4", 0 0, L_0x61eab2c40a10;  1 drivers
v0x61eab2c32a50_0 .net *"_ivl_5", 0 0, L_0x61eab2c405b0;  1 drivers
S_0x61eab2c32b40 .scope generate, "gen_pp_inner[4]" "gen_pp_inner[4]" 4 14, 4 14 0, S_0x61eab2c31210;
 .timescale -9 -12;
P_0x61eab2c32d90 .param/l "c" 1 4 14, +C4<0100>;
L_0x61eab2c40800 .functor AND 1, L_0x61eab2c406c0, L_0x61eab2c40760, C4<1>, C4<1>;
v0x61eab2c32e70_0 .net *"_ivl_3", 0 0, L_0x61eab2c406c0;  1 drivers
v0x61eab2c32f50_0 .net *"_ivl_4", 0 0, L_0x61eab2c40760;  1 drivers
v0x61eab2c33030_0 .net *"_ivl_5", 0 0, L_0x61eab2c40800;  1 drivers
S_0x61eab2c330f0 .scope generate, "gen_pp_inner[5]" "gen_pp_inner[5]" 4 14, 4 14 0, S_0x61eab2c31210;
 .timescale -9 -12;
P_0x61eab2c332f0 .param/l "c" 1 4 14, +C4<0101>;
L_0x61eab2c40ab0 .functor AND 1, L_0x61eab2c40e90, L_0x61eab2c40f30, C4<1>, C4<1>;
v0x61eab2c333d0_0 .net *"_ivl_3", 0 0, L_0x61eab2c40e90;  1 drivers
v0x61eab2c334b0_0 .net *"_ivl_4", 0 0, L_0x61eab2c40f30;  1 drivers
v0x61eab2c33590_0 .net *"_ivl_5", 0 0, L_0x61eab2c40ab0;  1 drivers
S_0x61eab2c33680 .scope generate, "gen_pp_inner[6]" "gen_pp_inner[6]" 4 14, 4 14 0, S_0x61eab2c31210;
 .timescale -9 -12;
P_0x61eab2c33880 .param/l "c" 1 4 14, +C4<0110>;
L_0x61eab2c40d00 .functor AND 1, L_0x61eab2c40bc0, L_0x61eab2c40c60, C4<1>, C4<1>;
v0x61eab2c33960_0 .net *"_ivl_3", 0 0, L_0x61eab2c40bc0;  1 drivers
v0x61eab2c33a40_0 .net *"_ivl_4", 0 0, L_0x61eab2c40c60;  1 drivers
v0x61eab2c33b20_0 .net *"_ivl_5", 0 0, L_0x61eab2c40d00;  1 drivers
S_0x61eab2c33c10 .scope generate, "gen_pp_inner[7]" "gen_pp_inner[7]" 4 14, 4 14 0, S_0x61eab2c31210;
 .timescale -9 -12;
P_0x61eab2c33e10 .param/l "c" 1 4 14, +C4<0111>;
L_0x61eab2c41340 .functor AND 1, L_0x61eab2c412a0, L_0x61eab2c427e0, C4<1>, C4<1>;
v0x61eab2c33ef0_0 .net *"_ivl_4", 0 0, L_0x61eab2c412a0;  1 drivers
v0x61eab2c33fd0_0 .net *"_ivl_5", 0 0, L_0x61eab2c427e0;  1 drivers
v0x61eab2c340b0_0 .net *"_ivl_6", 0 0, L_0x61eab2c41340;  1 drivers
LS_0x61eab2c40fd0_0_0 .concat8 [ 1 1 1 1], L_0x61eab2c3fb40, L_0x61eab2c40080, L_0x61eab2c402d0, L_0x61eab2c405b0;
LS_0x61eab2c40fd0_0_4 .concat8 [ 1 1 1 1], L_0x61eab2c40800, L_0x61eab2c40ab0, L_0x61eab2c40d00, L_0x61eab2c41340;
L_0x61eab2c40fd0 .concat8 [ 4 4 0 0], LS_0x61eab2c40fd0_0_0, LS_0x61eab2c40fd0_0_4;
    .scope S_0x61eab2c0a750;
T_0 ;
    %pushi/vec4 0, 0, 32;
    %store/vec4 v0x61eab2c34ec0_0, 0, 32;
    %end;
    .thread T_0, $init;
    .scope S_0x61eab2c0a750;
T_1 ;
    %vpi_call/w 3 19 "$dumpfile", "tb_array_mul.vcd" {0 0 0};
    %vpi_call/w 3 20 "$dumpvars", 32'sb00000000000000000000000000000000, S_0x61eab2c0a750 {0 0 0};
    %vpi_call/w 3 22 "$display", "==================================================" {0 0 0};
    %vpi_call/w 3 23 "$display", "Inicio Test Exhaustivo (65,536 combinaciones)..." {0 0 0};
    %vpi_call/w 3 24 "$display", "==================================================" {0 0 0};
    %pushi/vec4 0, 0, 32;
    %store/vec4 v0x61eab2c35070_0, 0, 32;
T_1.0 ;
    %load/vec4 v0x61eab2c35070_0;
    %cmpi/s 256, 0, 32;
    %jmp/0xz T_1.1, 5;
    %pushi/vec4 0, 0, 32;
    %store/vec4 v0x61eab2c351a0_0, 0, 32;
T_1.2 ;
    %load/vec4 v0x61eab2c351a0_0;
    %cmpi/s 256, 0, 32;
    %jmp/0xz T_1.3, 5;
    %load/vec4 v0x61eab2c35070_0;
    %parti/s 8, 0, 2;
    %store/vec4 v0x61eab2c34d30_0, 0, 8;
    %load/vec4 v0x61eab2c351a0_0;
    %parti/s 8, 0, 2;
    %store/vec4 v0x61eab2c34df0_0, 0, 8;
    %load/vec4 v0x61eab2c34d30_0;
    %pad/u 16;
    %load/vec4 v0x61eab2c34df0_0;
    %pad/u 16;
    %mul;
    %store/vec4 v0x61eab2c34f90_0, 0, 16;
    %delay 1000, 0;
    %load/vec4 v0x61eab2c35280_0;
    %load/vec4 v0x61eab2c34f90_0;
    %cmp/ne;
    %jmp/0xz  T_1.4, 6;
    %vpi_call/w 3 34 "$display", "[FAIL] a=%0d b=%0d | Esperado=%0d Obtenido=%0d", v0x61eab2c34d30_0, v0x61eab2c34df0_0, v0x61eab2c34f90_0, v0x61eab2c35280_0 {0 0 0};
    %load/vec4 v0x61eab2c34ec0_0;
    %addi 1, 0, 32;
    %store/vec4 v0x61eab2c34ec0_0, 0, 32;
T_1.4 ;
    %load/vec4 v0x61eab2c351a0_0;
    %addi 1, 0, 32;
    %store/vec4 v0x61eab2c351a0_0, 0, 32;
    %jmp T_1.2;
T_1.3 ;
    %load/vec4 v0x61eab2c35070_0;
    %addi 1, 0, 32;
    %store/vec4 v0x61eab2c35070_0, 0, 32;
    %jmp T_1.0;
T_1.1 ;
    %vpi_call/w 3 40 "$display", "==================================================" {0 0 0};
    %load/vec4 v0x61eab2c34ec0_0;
    %cmpi/e 0, 0, 32;
    %jmp/0xz  T_1.6, 4;
    %vpi_call/w 3 42 "$display", "RESULTADO: PASS - 65,536/65,536 vectores validados." {0 0 0};
    %jmp T_1.7;
T_1.6 ;
    %vpi_call/w 3 44 "$display", "RESULTADO: FAIL - %0d errores encontrados.", v0x61eab2c34ec0_0 {0 0 0};
T_1.7 ;
    %vpi_call/w 3 45 "$display", "==================================================" {0 0 0};
    %vpi_call/w 3 47 "$finish" {0 0 0};
    %end;
    .thread T_1;
# The file index is used to find the file name in the following table.
:file_names 6;
    "N/A";
    "<interactive>";
    "-";
    "tb_array_mul.sv";
    "array_mul.sv";
    "full_adder.sv";
